current_file	symbol	qualified_symbol	kind	receiver	exported	line	end_line	primary_domain	proposed_package	direct_effects	side_effects_within_2_calls	key_worktrees_dependencies	internal_dependency_call_count	external_references_graph	external_reference_count	external_reference_file_count	coverage_status_BASE	coverage_statement_pct_BASE	covered_statements_BASE	total_statements_BASE	extraction_risk	notes	codegrapher_id	current_graph_reverse_calls	ast_signature_type_dependencies	ast_reverse_type_dependencies	move_gate
internal/worktrees/abort.go	AbortDisposition	AbortDisposition	type		true	17	17	retirement/recovery/GC	internal/worktreeretire	none detected	none detected		0	cmd/wb/worktree.go [calls]	2	1	n/a		0	0	medium	Recoverable snapshots and durable receipts precede destructive local/remote cleanup.	type_alias:8f43309179679dda287ad01e37d6347a				no direct reverse call/type reference; inspect bodies
internal/worktrees/abort.go	AbortOptions	AbortOptions	struct		true	26	74	retirement/recovery/GC	internal/worktreeretire	none detected	none detected		0	cmd/wb/worktree.go [instantiates]; internal/orchestrate/worktree_merge_conflict_replacement.go [instantiates]; internal/orchestrate/worktree_merge_published_forward_repair.go [instantiates]	3	3	n/a		0	0	medium	Recoverable snapshots and durable receipts precede destructive local/remote cleanup.	struct:d3a9ce24e94451ef83ba255c188eece7		internal/worktreeclaims(1)		no direct reverse call/type reference; inspect bodies
internal/worktrees/abort.go	abortResultLayout	abortResultLayout	function		false	80	88	retirement/recovery/GC	internal/worktreeretire	none detected	none detected		0		0	0	covered	100.0	5	5	low	Recoverable snapshots and durable receipts precede destructive local/remote cleanup.	function:9b10edf467765bd5ac3b279f606ea1b0		internal/worktreelayout(1)		no direct reverse call/type reference; inspect bodies
internal/worktrees/abort.go	AbortResult	AbortResult	struct		true	90	122	retirement/recovery/GC	internal/worktreeretire	none detected	none detected		0		0	0	n/a		0	0	low	Recoverable snapshots and durable receipts precede destructive local/remote cleanup.	struct:73a65054471b3ea8651d22a3d42bfcbc		internal/worktreelayout(1)		no direct reverse call/type reference; inspect bodies
internal/worktrees/abort.go	Abort	Abort	function		true	130	389	retirement/recovery/GC	internal/worktreeretire	global	env,filesystem,git,global,network,process	abortRepositoryExcludedByFilter(3); abortPreApplyRenameReservations; lockedReason; resumeInterruptedCommand; firstFilterMatchingDiagnosticPath; dirtyWorktreeEvidence; abortResultLayout; preflightAbortRepository	25	cmd/wb/worktree.go [calls]; internal/orchestrate/worktree_merge_conflict_replacement.go [calls]; internal/orchestrate/worktree_merge_published_forward_repair.go [calls]	3	3	partial	83.4	136	163	high	Recoverable snapshots and durable receipts precede destructive local/remote cleanup. Cross-domain calls: claims/locks/worklogs, layout/discovery.	function:35f602364b5052a4fb0f5debb3756673				no direct reverse call/type reference; inspect bodies
internal/worktrees/abort.go	abortPreApplyRenameReservations	abortPreApplyRenameReservations	function		false	396	441	retirement/recovery/GC	internal/worktreeretire	none detected	filesystem,global	reservationRunNames; acquirePreApplyReservationTask; preApplyReservationShellOnly; removeEmptyTaskDirectory; repositoryRegistrationLock::release; findPreApplyRenameReservations; terminalizePreApplyRenameReservation; purgeTerminalTaskLockDebris	8		0	0	partial	73.3	22	30	medium	Recoverable snapshots and durable receipts precede destructive local/remote cleanup. Cross-domain calls: claims/locks/worklogs.	function:a70f4114deabafdb1ca54d56b40f12e7				no direct reverse call/type reference; inspect bodies
internal/worktrees/abort.go	reservationRunNames	reservationRunNames	function		false	443	449	retirement/recovery/GC	internal/worktreeretire	none detected	none detected		0		0	0	covered	100.0	4	4	low	Recoverable snapshots and durable receipts precede destructive local/remote cleanup.	function:11d0f959e755d4e101e6ae59e626bd50		internal/worktreeclaims(1)		no direct reverse call/type reference; inspect bodies
internal/worktrees/abort.go	acquirePreApplyReservationTask	acquirePreApplyReservationTask	function		false	454	476	retirement/recovery/GC	internal/worktreeretire	filesystem	filesystem	acquireCleanupTaskAt; reclaimNamedInterruptedCleanupTask	2		0	0	partial	58.3	7	12	medium	Recoverable snapshots and durable receipts precede destructive local/remote cleanup. Cross-domain calls: claims/locks/worklogs.	function:e51bcc316f39de5012807a637232ff58		internal/worktreelayout(1)		no direct reverse call/type reference; inspect bodies
internal/worktrees/abort.go	preApplyReservationShellOnly	preApplyReservationShellOnly	function		false	478	499	retirement/recovery/GC	internal/worktreeretire	none detected	filesystem	cleanupTaskHandle::validate	1		0	0	partial	64.3	9	14	medium	Recoverable snapshots and durable receipts precede destructive local/remote cleanup. Cross-domain calls: layout/discovery.	function:227fb74b7de8bdca28cad77b0fc3c41c		internal/worktreelayout(1)		no direct reverse call/type reference; inspect bodies
internal/worktrees/abort.go	preflightAbortRepository	preflightAbortRepository	function		false	501	577	retirement/recovery/GC	internal/worktreeretire	global	filesystem,git,global,network	absorbedAbortSafety; dirtyWorktreeEvidence; dirtyCaptureMatches; dirtyCaptureChangedError; preflightAbortWorkLog; openCleanupWorktree; inspectLifecycleWorktree; remoteBranchHead	10		0	0	partial	72.5	29	40	high	Recoverable snapshots and durable receipts precede destructive local/remote cleanup. Cross-domain calls: claims/locks/worklogs, landing/merge receipts, layout/discovery, shared orchestration.	function:3e812d31065bf4aa2702d7e80a10ef2d	internal/worktrees(2)	internal/worktreelayout(2)		needs facade or injected port
internal/worktrees/abort.go	applyDiscardedAbort	applyDiscardedAbort	function		false	579	748	retirement/recovery/GC	internal/worktreeretire	network,process	filesystem,git,global,network,process	persistLifecycleBacklog(7); runSecureCleanupGitHelper(3); absorbedAbortSafety; dirtyWorktreeEvidence; dirtyCaptureMatches; dirtyCaptureChangedError; captureAndPersistDirtyWorktree; recoverLegacyMissingClaimForAbort	26		0	0	partial	69.3	61	88	high	Recoverable snapshots and durable receipts precede destructive local/remote cleanup. Cross-domain calls: claims/locks/worklogs, landing/merge receipts, layout/discovery, shared orchestration.	function:48a7f0be2254012349515d6f87a37812	internal/worktrees(5)	internal/worktreelayout(1)		needs facade or injected port
internal/worktrees/abort.go	String	AbortDisposition::String	method	AbortDisposition	true	750	750	retirement/recovery/GC	internal/worktreeretire	none detected	none detected		0		0	0	covered	100.0	1	1	low	Recoverable snapshots and durable receipts precede destructive local/remote cleanup.	method:50a040d9205eb7bede120edc4596cd8d				no direct reverse call/type reference; inspect bodies
internal/worktrees/abort.go	abortRepositoryExcludedByFilter	abortRepositoryExcludedByFilter	function		false	756	758	retirement/recovery/GC	internal/worktreeretire	none detected	none detected	filterMatches	1		0	0	covered	100.0	1	1	medium	Recoverable snapshots and durable receipts precede destructive local/remote cleanup. Cross-domain calls: layout/discovery.	function:a31c916063e1a7918421b169eb93e1da				no direct reverse call/type reference; inspect bodies
internal/worktrees/abort.go	absorbedAbortSafety	absorbedAbortSafety	function		false	764	784	retirement/recovery/GC	internal/worktreeretire	none detected	none detected	sameAbsorbedPullRequest	1		0	0	partial	53.8	7	13	low	Recoverable snapshots and durable receipts precede destructive local/remote cleanup.	function:5d4623491615511c00705b18c82978cb		internal/worktreelayout(1)		no direct reverse call/type reference; inspect bodies
internal/worktrees/abort.go	sameAbsorbedPullRequest	sameAbsorbedPullRequest	function		false	786	794	retirement/recovery/GC	internal/worktreeretire	none detected	none detected		0		0	0	partial	66.7	2	3	low	Recoverable snapshots and durable receipts precede destructive local/remote cleanup.	function:a527bc242081c6cddb6dd19e93a95e10		internal/worktreeproof(1)		no direct reverse call/type reference; inspect bodies
internal/worktrees/abort.go	firstFilterMatchingDiagnosticPath	firstFilterMatchingDiagnosticPath	function		false	801	811	retirement/recovery/GC	internal/worktreeretire	none detected	none detected	filterMatches	1		0	0	covered	100.0	6	6	medium	Recoverable snapshots and durable receipts precede destructive local/remote cleanup. Cross-domain calls: layout/discovery.	function:78d3fe37ec17979ec484337eb41660d9		internal/worktreelayout(1)		no direct reverse call/type reference; inspect bodies
internal/worktrees/absorbed_conflict_ack.go	absorbedConflictReceipt	absorbedConflictReceipt	struct		false	42	62	branch reconciliation/cleanup	internal/worktreeproof	none detected	none detected		0		0	0	n/a		0	0	low	Protected branch and exact target/head evidence precede deletion or quarantine. Neutral proof/receipt kernel; no import of branch, landing, or facade packages.	struct:6a1288a6bd9b5f6d7df39f1c3b877508				no direct reverse call/type reference; inspect bodies
internal/worktrees/absorbed_conflict_ack.go	identity	absorbedConflictReceipt::identity	method	absorbedConflictReceipt	false	66	80	branch reconciliation/cleanup	internal/worktreeproof	none detected	none detected		0		0	0	covered	100.0	4	4	low	Protected branch and exact target/head evidence precede deletion or quarantine. Neutral proof/receipt kernel; no import of branch, landing, or facade packages.	method:43db7f10b63b76c7b3dd1ad0b23ba627				no direct reverse call/type reference; inspect bodies
internal/worktrees/absorbed_conflict_ack.go	absorbedConflictCleanupProof	absorbedConflictCleanupProof	struct		false	85	88	branch reconciliation/cleanup	internal/worktreebranches	none detected	none detected		0		0	0	n/a		0	0	low	Protected branch and exact target/head evidence precede deletion or quarantine.	struct:0d9d34b2b4122eb574cffffc4adef64b				no direct reverse call/type reference; inspect bodies
internal/worktrees/absorbed_conflict_ack.go	findAbsorbedConflictCleanupProof	findAbsorbedConflictCleanupProof	function		false	106	147	branch reconciliation/cleanup	internal/worktreebranches	filesystem,global	filesystem,global,process	validateAbsorbedConflictAcknowledgementSidecar	1		0	0	partial	80.8	21	26	medium	Protected branch and exact target/head evidence precede deletion or quarantine.	function:613e7b99bd081c82dfb2410573925f37				no direct reverse call/type reference; inspect bodies
internal/worktrees/absorbed_conflict_ack.go	validateAbsorbedConflictAcknowledgementSidecar	validateAbsorbedConflictAcknowledgementSidecar	function		false	149	185	branch reconciliation/cleanup	internal/worktreebranches	none detected	global,process	absorbedConflictReceipt::identity; isAncestor	2		0	0	covered	100.0	14	14	medium	Protected branch and exact target/head evidence precede deletion or quarantine. Cross-domain calls: landing/merge receipts.	function:85c17128e2ecd8790c9251013d2ab656		internal/worktreeproof(1)		no direct reverse call/type reference; inspect bodies
internal/worktrees/absorbed_conflict_ack.go	applyAbsorbedConflictAcknowledgementCleanupProof	applyAbsorbedConflictAcknowledgementCleanupProof	function		false	196	213	branch reconciliation/cleanup	internal/worktreebranches	none detected	filesystem,global	findAbsorbedConflictCleanupProof	1		0	0	partial	92.3	12	13	low	Protected branch and exact target/head evidence precede deletion or quarantine.	function:1063807f7fed98ce64fd02a8a6cf56e5		internal/worktreelayout(1)		no direct reverse call/type reference; inspect bodies
internal/worktrees/absorbed_conflict_ack.go	absorbedConflictAcknowledgementHint	absorbedConflictAcknowledgementHint	function		false	218	224	branch reconciliation/cleanup	internal/worktreebranches	none detected	none detected		0		0	0	covered	100.0	3	3	low	Protected branch and exact target/head evidence precede deletion or quarantine.	function:aee95629dff8609a4e1d52890bb9b6b0				no direct reverse call/type reference; inspect bodies
internal/worktrees/active_claims.go	ActiveClaimSummary	ActiveClaimSummary	struct		true	18	26	claims/locks/worklogs	internal/worktreeclaims	none detected	none detected		0	cmd/wb/worktree_active.go [references]; internal/layout/migrate.go [references]	4	2	n/a		0	0	medium	Claim identity, immutable journal/terminal records, lock ownership, and projections must remain atomic.	struct:451addcacbc0196aeee98e01ba3d373c				no direct reverse call/type reference; inspect bodies
internal/worktrees/active_claims.go	ListActiveClaimSummaries	ListActiveClaimSummaries	function		true	37	66	claims/locks/worklogs	internal/worktreeclaims	none detected	filesystem,global	listActiveClaimSummariesInHome	1		0	0	partial	95.2	20	21	low	Claim identity, immutable journal/terminal records, lock ownership, and projections must remain atomic.	function:247e168eb6486d00bee3a5f2c44a464d				no direct reverse call/type reference; inspect bodies
internal/worktrees/active_claims.go	listActiveClaimSummariesInHome	listActiveClaimSummariesInHome	function		false	70	86	claims/locks/worklogs	internal/worktreeclaims	none detected	filesystem,global	walkActiveWorkLogClaims; filterMatches	2		0	0	covered	100.0	8	8	medium	Claim identity, immutable journal/terminal records, lock ownership, and projections must remain atomic. Cross-domain calls: layout/discovery.	function:1dc1fa4dfaff9d7ae9f4c5d79ab48e2c				no direct reverse call/type reference; inspect bodies
internal/worktrees/active_claims.go	walkActiveWorkLogClaims	walkActiveWorkLogClaims	function		false	107	209	claims/locks/worklogs	internal/worktreeclaims	filesystem,global	filesystem,global	openPrivateChild(5); safeActiveDirectoryEntry(2); readJSONAt(2); validSafeSegment(2); openDirectDirectoryNoFollow; validClaimID; validateStaticWorkLogClaim	14		0	0	partial	83.5	66	79	high	Claim identity, immutable journal/terminal records, lock ownership, and projections must remain atomic. Cross-domain calls: layout/discovery, secure filesystem/storage.	function:fb596f742f095b41166d78ffd2dab882				no direct reverse call/type reference; inspect bodies
internal/worktrees/active_claims.go	safeActiveDirectoryEntry	safeActiveDirectoryEntry	function		false	211	217	claims/locks/worklogs	internal/worktreeclaims	none detected	none detected		0		0	0	covered	100.0	4	4	low	Claim identity, immutable journal/terminal records, lock ownership, and projections must remain atomic.	function:b8b70bdefaddee3f6b57a5228bfd5e02				no direct reverse call/type reference; inspect bodies
internal/worktrees/active_claims.go	openDirectDirectoryNoFollow	openDirectDirectoryNoFollow	function		false	219	230	claims/locks/worklogs	internal/worktreeclaims	filesystem	filesystem		0		0	0	partial	75.0	6	8	low	Claim identity, immutable journal/terminal records, lock ownership, and projections must remain atomic.	function:70e10ffeae672a51244c94d516700819				no direct reverse call/type reference; inspect bodies
internal/worktrees/adopt.go	adoptedWorktreePointer	adoptedWorktreePointer	struct		false	54	58	shared orchestration	internal/worktrees	none detected	none detected		0		0	0	n/a		0	0	low	Keep transaction ordering, policy gates, and public API compatibility here.	struct:97a21769845c0c720cbd56c90d8c1670				no direct reverse call/type reference; inspect bodies
internal/worktrees/adopt.go	readAdoptedWorktreePointer	readAdoptedWorktreePointer	function		false	66	79	shared orchestration	internal/worktrees	filesystem,global	filesystem,global		0		0	0	covered	100.0	9	9	medium	Keep transaction ordering, policy gates, and public API compatibility here.	function:f3ac5ebebaebc205fa98a7469ff9d7e6				no direct reverse call/type reference; inspect bodies
internal/worktrees/adopt.go	createAdoptionRegistration	createAdoptionRegistration	function		false	85	126	shared orchestration	internal/worktrees	filesystem,global	filesystem,global	openOrCreateNoFollowDirectory(2); directoryStillMatches(2); readBytesAt; writeJSONAtomicAt; hasGitMetadata	7		0	0	partial	80.6	25	31	high	Keep transaction ordering, policy gates, and public API compatibility here. Cross-domain calls: layout/discovery, secure filesystem/storage.	function:e1d7cb6bb05fa6b2b991e69a2f985aa8				no direct reverse call/type reference; inspect bodies
internal/worktrees/adopt.go	AdoptOptions	AdoptOptions	struct		true	130	148	shared orchestration	internal/worktrees	none detected	none detected		0	cmd/wb/worktree.go [instantiates]	1	1	n/a		0	0	medium	Keep transaction ordering, policy gates, and public API compatibility here.	struct:d247498a773aa91c367e1c01a6e42a4b				no direct reverse call/type reference; inspect bodies
internal/worktrees/adopt.go	AdoptResult	AdoptResult	struct		true	159	167	shared orchestration	internal/worktrees	none detected	none detected		0	cmd/wb/worktree.go [references]	1	1	n/a		0	0	medium	Keep transaction ordering, policy gates, and public API compatibility here.	struct:37385375c4adfeb7330bb6df81ea0751				no direct reverse call/type reference; inspect bodies
internal/worktrees/adopt.go	Adopt	Adopt	function		true	170	238	shared orchestration	internal/worktrees	filesystem,global	filesystem,git,global	Orphans; adoptOne; filterMatches; absoluteProjectsRoot	4	cmd/wb/worktree.go [calls]	1	1	partial	72.3	34	47	high	Keep transaction ordering, policy gates, and public API compatibility here. Cross-domain calls: layout/discovery, retirement/recovery/GC.	function:ad358924a7c807fe388b0accd45b6a70				no direct reverse call/type reference; inspect bodies
internal/worktrees/adopt.go	adoptOne	adoptOne	function		false	240	303	shared orchestration	internal/worktrees	none detected	filesystem,git,global,network	hasRetiredPrepareCandidateAcknowledgement; candidateBranchHead; adoptApply; activeWorkLogClaim; managedWorktreeCanonicalCoordinates	5		0	0	partial	67.4	31	46	high	Keep transaction ordering, policy gates, and public API compatibility here. Cross-domain calls: claims/locks/worklogs, landing/merge receipts, layout/discovery.	function:b513e85175c8579b1f90233802038cbc		internal/worktreeretire(1)		no direct reverse call/type reference; inspect bodies
internal/worktrees/adopt.go	adoptApply	adoptApply	function		false	305	335	shared orchestration	internal/worktrees	none detected	filesystem,global	createAdoptionRegistration; activeWorkLogClaim; recordWorkLogWithHooks; prepareOperationRoot; acquireLockAt	5		0	0	partial	73.9	17	23	medium	Keep transaction ordering, policy gates, and public API compatibility here. Cross-domain calls: claims/locks/worklogs.	function:3f5760aa186482ac5a9927147152c2ba		internal/worktreeclaims(1)		no direct reverse call/type reference; inspect bodies
internal/worktrees/branch_config.go	branchConfigFile	branchConfigFile	struct		false	38	61	layout/discovery	internal/worktreepolicy	none detected	none detected		0		0	0	n/a		0	0	low	Canonical paths, no-follow walk, placement policy, and owner coordinates must agree.	struct:899781a13f68cbc0dfc396d4dad7994c				no direct reverse call/type reference; inspect bodies
internal/worktrees/branch_config.go	retiredArchiveOrganizationConfig	retiredArchiveOrganizationConfig	struct		false	63	65	layout/discovery	internal/worktreepolicy	none detected	none detected		0		0	0	n/a		0	0	low	Canonical paths, no-follow walk, placement policy, and owner coordinates must agree.	struct:fcb9994d944e637c6da62053bab912fc				no direct reverse call/type reference; inspect bodies
internal/worktrees/branch_config.go	worktreePlacement	worktreePlacement	struct		false	70	78	layout/discovery	internal/worktreelayout	none detected	none detected		0		0	0	n/a		0	0	low	Canonical paths, no-follow walk, placement policy, and owner coordinates must agree.	struct:bc8e404515142580381953cd0338ef6c				no direct reverse call/type reference; inspect bodies
internal/worktrees/branch_config.go	WorktreePlacement	WorktreePlacement	struct		true	83	90	layout/discovery	internal/worktreelayout	none detected	none detected		0	internal/orchestrate/engine.go [instantiates]; internal/layout/migrate.go [references]; internal/orchestrate/engine.go [references]	11	3	n/a		0	0	medium	Canonical paths, no-follow walk, placement policy, and owner coordinates must agree.	struct:58b729ae0e707c125f00fa1afc447c54				no direct reverse call/type reference; inspect bodies
internal/worktrees/branch_config.go	Path	WorktreePlacement::Path	method	WorktreePlacement	true	98	117	layout/discovery	internal/worktreelayout	none detected	none detected	validSafeSegment; validCloneRelative; splitRepositoryAddress	3	internal/orchestrate/engine.go [calls]; cmd/wb/stream_adapters.go [calls]; internal/migrate/campaign.go [calls]; internal/layout/migrate.go [calls]	5	4	covered	100.0	13	13	medium	Canonical paths, no-follow walk, placement policy, and owner coordinates must agree.	method:00e1fb4cc37cc9ce24c79331db6738e1				no direct reverse call/type reference; inspect bodies
internal/worktrees/branch_config.go	validCloneRelative	validCloneRelative	function		false	122	134	layout/discovery	internal/worktreelayout	none detected	none detected	validSafeSegment; validRepositorySegment	2		0	0	covered	100.0	8	8	low	Canonical paths, no-follow walk, placement policy, and owner coordinates must agree.	function:3eb745c0509fc933977e7a709f1ebddb				no direct reverse call/type reference; inspect bodies
internal/worktrees/branch_config.go	splitCloneRelative	splitCloneRelative	function		false	140	147	layout/discovery	internal/worktreelayout	none detected	none detected		0		0	0	covered	100.0	5	5	low	Canonical paths, no-follow walk, placement policy, and owner coordinates must agree.	function:5205feb8e777468c32bf0ee3670c9d4b				no direct reverse call/type reference; inspect bodies
internal/worktrees/branch_config.go	canonicalRelativeAddress	canonicalRelativeAddress	function		false	153	159	layout/discovery	internal/worktreelayout	none detected	git,network	canonicalStoreAddress	1		0	0	covered	100.0	4	4	low	Canonical paths, no-follow walk, placement policy, and owner coordinates must agree.	function:58e64c1a2df64e4e7cac6b91a836408d				no direct reverse call/type reference; inspect bodies
internal/worktrees/branch_config.go	canonicalStoreAddress	canonicalStoreAddress	function		false	170	179	layout/discovery	internal/worktreelayout	none detected	filesystem,git,network	canonicalPathAddress; canonicalStoreHost	2		0	0	covered	100.0	6	6	low	Canonical paths, no-follow walk, placement policy, and owner coordinates must agree.	function:7f17cebda4b91ada5c9f040c7e006d07				no direct reverse call/type reference; inspect bodies
internal/worktrees/branch_config.go	canonicalPathAddress	canonicalPathAddress	function		false	184	198	layout/discovery	internal/worktreelayout	none detected	filesystem	resolvePlacementPath(2); canonicalCoordinates	3		0	0	partial	90.0	9	10	low	Canonical paths, no-follow walk, placement policy, and owner coordinates must agree.	function:2bcc3643c15021227b2b3a589d1ef174				no direct reverse call/type reference; inspect bodies
internal/worktrees/branch_config.go	canonicalStoreHost	canonicalStoreHost	function		false	205	222	layout/discovery	internal/worktreelayout	git,network	git,global,network,process	git(2)	2		0	0	partial	91.7	11	12	medium	Canonical paths, no-follow walk, placement policy, and owner coordinates must agree. Cross-domain calls: git subprocess/cache.	function:339660d641a3a27c1c8f195e8c44a3b6				no direct reverse call/type reference; inspect bodies
internal/worktrees/branch_config.go	ResolveWorktreePlacement	ResolveWorktreePlacement	function		true	226	237	layout/discovery	internal/worktreelayout	none detected	env,filesystem	configuredWorktreePlacement; openCanonicalRepository	2	internal/migrate/campaign.go [calls]; internal/orchestrate/engine.go [calls]	2	2	covered	100.0	8	8	medium	Canonical paths, no-follow walk, placement policy, and owner coordinates must agree. Cross-domain calls: shared orchestration.	function:029f3f89925cc0a54e29386786cc177c	internal/worktrees(1)			needs facade or injected port
internal/worktrees/branch_config.go	ResolveUserWorktreePlacement	ResolveUserWorktreePlacement	function		true	247	257	layout/discovery	internal/worktreelayout	none detected	env,global	resolveUserStorePolicy; userStorePolicy::placement	2	cmd/wb/stream_adapters.go [calls]; internal/migrate/campaign.go [calls]	2	2	covered	100.0	7	7	medium	Canonical paths, no-follow walk, placement policy, and owner coordinates must agree.	function:5e72da38a08b517b4e0f172857c8e5bd				no direct reverse call/type reference; inspect bodies
internal/worktrees/branch_config.go	userStorePolicy	userStorePolicy	struct		false	263	266	layout/discovery	internal/worktreelayout	none detected	none detected		0		0	0	n/a		0	0	low	Canonical paths, no-follow walk, placement policy, and owner coordinates must agree.	struct:ecdb5c5a8ae718bdd226f7c46c0f8abd				no direct reverse call/type reference; inspect bodies
internal/worktrees/branch_config.go	resolveUserStorePolicy	resolveUserStorePolicy	function		false	272	299	layout/discovery	internal/worktreelayout	global	env,filesystem,global	configuredUserWorktreesConfig; resolveSharedWorktreesRoot	2		0	0	covered	100.0	19	19	low	Canonical paths, no-follow walk, placement policy, and owner coordinates must agree.	function:479aff583be76a36d3683a7602615ff2				no direct reverse call/type reference; inspect bodies
internal/worktrees/branch_config.go	placement	userStorePolicy::placement	method	userStorePolicy	false	305	317	layout/discovery	internal/worktreelayout	none detected	none detected	canonicalRelativeAddress	1		0	0	covered	100.0	6	6	low	Canonical paths, no-follow walk, placement policy, and owner coordinates must agree.	method:03d7e94a1701f971ed0326abed805830				no direct reverse call/type reference; inspect bodies
internal/worktrees/branch_config.go	branchNamingOptions	branchNamingOptions	struct		false	321	330	branch reconciliation/cleanup	internal/worktreebranches	none detected	none detected		0		0	0	n/a		0	0	low	Protected branch and exact target/head evidence precede deletion or quarantine.	struct:c7924dc1c781cfc054396cd8f5602956		internal/worktrees(1)	internal/worktrees(1)	needs facade or injected port
internal/worktrees/branch_config.go	deriveBranchName	deriveBranchName	function		false	332	359	branch reconciliation/cleanup	internal/worktreebranches	none detected	env,filesystem,global,process	validateDerivedBranch(2); configuredBranchPrefix; validBranch	4		0	0	covered	100.0	18	18	medium	Protected branch and exact target/head evidence precede deletion or quarantine. Cross-domain calls: layout/discovery.	function:9b5c91454266a96fa480d8ba0a3fdb1f				no direct reverse call/type reference; inspect bodies
internal/worktrees/branch_config.go	validateDerivedBranch	validateDerivedBranch	function		false	361	370	branch reconciliation/cleanup	internal/worktreebranches	none detected	filesystem,process	validBranch	1		0	0	covered	100.0	6	6	medium	Protected branch and exact target/head evidence precede deletion or quarantine. Cross-domain calls: layout/discovery.	function:17926b9224e78bf4186301b14cbebe68				no direct reverse call/type reference; inspect bodies
internal/worktrees/branch_config.go	configuredBranchPrefix	configuredBranchPrefix	function		false	375	400	branch reconciliation/cleanup	internal/worktreebranches	global	env,filesystem,global	defaultWorktreesConfigPath; loadBranchConfigFile; validatedRepositoryBranchConfig; isGitObjectID	4		0	0	partial	94.4	17	18	medium	Protected branch and exact target/head evidence precede deletion or quarantine. Cross-domain calls: layout/discovery.	function:3a7e90bbff27c2d295b1a0fe87ace7b2		internal/worktrees(1)	internal/worktrees(1)	needs facade or injected port
internal/worktrees/branch_config.go	repositoryPlacementPolicy	repositoryPlacementPolicy	function		false	406	417	layout/discovery	internal/worktreelayout	none detected	none detected		0		0	0	covered	100.0	7	7	low	Canonical paths, no-follow walk, placement policy, and owner coordinates must agree.	function:45abfd9e4830a94e9115354d9ef869a6		internal/worktreepolicy(1)		no direct reverse call/type reference; inspect bodies
internal/worktrees/branch_config.go	validatedRepositoryBranchConfig	validatedRepositoryBranchConfig	function		false	423	436	layout/discovery	internal/worktreelayout	none detected	filesystem,global,process	repositoryBranchConfigAt; parseBranchConfig; repositoryPlacementPolicy	3		0	0	covered	100.0	9	9	low	Canonical paths, no-follow walk, placement policy, and owner coordinates must agree.	function:7d882bed5230f0b9f92a9fb686e8568e		internal/worktreepolicy(1); internal/worktrees(1)	internal/worktrees(1)	needs facade or injected port
internal/worktrees/branch_config.go	configuredWorktreePlacement	configuredWorktreePlacement	function		false	443	459	layout/discovery	internal/worktreelayout	none detected	env,global	defaultWorktreesConfigPath; validatedRepositoryBranchConfig; ResolveUserWorktreePlacement; isGitObjectID	4		0	0	partial	90.9	10	11	medium	Canonical paths, no-follow walk, placement policy, and owner coordinates must agree. Cross-domain calls: branch reconciliation/cleanup.	function:549945012919c928e844df3ef56fc5c0		internal/worktrees(1)	internal/worktrees(1)	needs facade or injected port
internal/worktrees/branch_config.go	configuredUserWorktreesConfig	configuredUserWorktreesConfig	function		false	461	468	layout/discovery	internal/worktreepolicy	global	env,filesystem,global	defaultWorktreesConfigPath; loadBranchConfigFile	2		0	0	partial	80.0	4	5	low	Canonical paths, no-follow walk, placement policy, and owner coordinates must agree.	function:5ebcc4659c18b7c216c922ee703558c5				no direct reverse call/type reference; inspect bodies
internal/worktrees/branch_config.go	appendConfiguredSharedWorktreesLayout	appendConfiguredSharedWorktreesLayout	function		false	470	488	layout/discovery	internal/worktreelayout	none detected	env,filesystem,global	configuredUserWorktreesConfig; resolveSharedWorktreesRoot	2		0	0	covered	100.0	12	12	low	Canonical paths, no-follow walk, placement policy, and owner coordinates must agree.	function:d3b410107cb72fd2966ce6cf9312d53e				no direct reverse call/type reference; inspect bodies
internal/worktrees/branch_config.go	resolveSharedWorktreesRoot	resolveSharedWorktreesRoot	function		false	490	514	layout/discovery	internal/worktreelayout	env	env,filesystem	resolvePlacementPath	1		0	0	partial	87.5	14	16	low	Canonical paths, no-follow walk, placement policy, and owner coordinates must agree.	function:55cd08f7b05bde3f1aa6940aff0d8299				no direct reverse call/type reference; inspect bodies
internal/worktrees/branch_config.go	resolvePlacementPath	resolvePlacementPath	function		false	516	531	layout/discovery	internal/worktreelayout	filesystem	filesystem		0		0	0	partial	81.8	9	11	low	Canonical paths, no-follow walk, placement policy, and owner coordinates must agree.	function:92fb5b2acc9309a2a8e51065c7cbf5e9				no direct reverse call/type reference; inspect bodies
internal/worktrees/branch_config.go	defaultWorktreesConfigPath	defaultWorktreesConfigPath	function		false	533	542	layout/discovery	internal/worktreepolicy	env	env		0		0	0	partial	83.3	5	6	low	Canonical paths, no-follow walk, placement policy, and owner coordinates must agree.	function:542dfe4d32679818c024d05bd668bf25				no direct reverse call/type reference; inspect bodies
internal/worktrees/branch_config.go	loadBranchConfigFile	loadBranchConfigFile	function		false	544	567	layout/discovery	internal/worktreepolicy	filesystem	filesystem,global,process	parseBranchConfig	1		0	0	partial	87.5	14	16	low	Canonical paths, no-follow walk, placement policy, and owner coordinates must agree. Read-only filesystem loader resolves symlinks and enforces regular file and size limit; pure decoder is separate.	function:e153c2c6542651ae59b7cccaacdd716c				no direct reverse call/type reference; inspect bodies
internal/worktrees/branch_config.go	repositoryBranchConfigAt	repositoryBranchConfigAt	function		false	569	606	layout/discovery	internal/worktreelayout	none detected	global,process	gitCanonicalPolicyBytes(3); isGitObjectID	4		0	0	partial	86.4	19	22	medium	Canonical paths, no-follow walk, placement policy, and owner coordinates must agree. Cross-domain calls: branch reconciliation/cleanup, git subprocess/cache.	function:062ab38bf2e5b247167904c9965e3f24		internal/worktrees(1)	internal/worktrees(1)	needs facade or injected port
internal/worktrees/branch_config.go	parseBranchConfig	parseBranchConfig	function		false	608	672	layout/discovery	internal/worktreepolicy	global	filesystem,global,process	validateRetiredArchiveRepositoryName(2); validSafeSegment; validBranch	4		0	0	covered	100.0	43	43	medium	Canonical paths, no-follow walk, placement policy, and owner coordinates must agree. Requires an injected branch grammar validator; current validBranch is Git-backed.	function:b256970028f57d911404d1b7fc590185	internal/worktreelayout(1)			needs facade or injected port
internal/worktrees/branch_reconciliation.go	branchReconciliationRecord	branchReconciliationRecord	struct		false	31	47	branch reconciliation/cleanup	internal/worktreebranches	none detected	none detected		0		0	0	n/a		0	0	low	Protected branch and exact target/head evidence precede deletion or quarantine.	struct:267de393c4d73d8c63ee79a1daa76be7				no direct reverse call/type reference; inspect bodies
internal/worktrees/branch_reconciliation.go	branchReconciliationEvidence	branchReconciliationEvidence	struct		false	49	55	branch reconciliation/cleanup	internal/worktreebranches	none detected	none detected		0		0	0	n/a		0	0	low	Protected branch and exact target/head evidence precede deletion or quarantine.	struct:1aff5bf44f51f2558e9aa40112f0b181				no direct reverse call/type reference; inspect bodies
internal/worktrees/branch_reconciliation.go	reconcileClaimBranch	reconcileClaimBranch	function		false	57	256	branch reconciliation/cleanup	internal/worktreebranches	git,network,process	filesystem,git,global,network,process	writeBranchReconciliationRecord(5); revalidateReconciliationStage(4); runSecureCleanupGitHelper(3); openCanonicalRepository(2); canonicalRepository::validate(2); isGitObjectID(2); localProjectionForReconciliation(2); requireLocalClaimHead(2)	45		0	0	stale: BASE source changed		0	0	high	Protected branch and exact target/head evidence precede deletion or quarantine. Cross-domain calls: claims/locks/worklogs, git subprocess/cache, landing/merge receipts, shared orchestration. Coverage profile line mapping is stale.	function:73e1ccfbdb22f01a7a12543b76b50b26	internal/worktrees(7)	internal/worktrees(2)	internal/worktrees(2)	needs facade or injected port
internal/worktrees/branch_reconciliation.go	reconciliationEvent	reconciliationEvent	function		false	258	264	branch reconciliation/cleanup	internal/worktreebranches	none detected	git	ptrLocalGit; observeLocalGit	2		0	0	stale: BASE source changed		0	0	medium	Protected branch and exact target/head evidence precede deletion or quarantine. Cross-domain calls: claims/locks/worklogs. Coverage profile line mapping is stale.	function:e32ab2cc0992a7d9bc7a79a68892dfda		internal/worktreeclaims(1)		no direct reverse call/type reference; inspect bodies
internal/worktrees/branch_reconciliation.go	finishBranchReconciliation	finishBranchReconciliation	function		false	266	272	branch reconciliation/cleanup	internal/worktreebranches	none detected	none detected	writeBranchReconciliationRecord; completedBranchReconciliationResult	2		0	0	stale: BASE source changed		0	0	low	Protected branch and exact target/head evidence precede deletion or quarantine. Coverage profile line mapping is stale.	function:7e343a1c68763f0ca1681aee184c30c0		internal/worktreeclaims(2); internal/worktrees(1)	internal/worktrees(1)	needs facade or injected port
internal/worktrees/branch_reconciliation.go	completedBranchReconciliationResult	completedBranchReconciliationResult	function		false	274	277	branch reconciliation/cleanup	internal/worktreebranches	none detected	none detected		0		0	0	stale: BASE source changed		0	0	low	Protected branch and exact target/head evidence precede deletion or quarantine. Coverage profile line mapping is stale.	function:8247a6906cfbeec1e75e2735bcfbf6bb		internal/worktreeclaims(2); internal/worktrees(1)	internal/worktrees(1)	needs facade or injected port
internal/worktrees/branch_reconciliation.go	validateBranchReconciliationOptions	validateBranchReconciliationOptions	function		false	279	293	branch reconciliation/cleanup	internal/worktreebranches	none detected	filesystem,process	isGitObjectID; validSafeSegment; validBranch	3		0	0	stale: BASE source changed		0	0	medium	Protected branch and exact target/head evidence precede deletion or quarantine. Cross-domain calls: layout/discovery. Coverage profile line mapping is stale.	function:4dceb750c89993556e7fb84009ddfde4		internal/worktrees(1)	internal/worktrees(1)	needs facade or injected port
internal/worktrees/branch_reconciliation.go	lockBranchReconciliationClaim	lockBranchReconciliationClaim	function		false	295	301	branch reconciliation/cleanup	internal/worktreebranches	none detected	filesystem	openLockedWorkLogRun	1		0	0	stale: BASE source changed		0	0	medium	Protected branch and exact target/head evidence precede deletion or quarantine. Cross-domain calls: claims/locks/worklogs. Coverage profile line mapping is stale.	function:d2bf7b9a275cd8b02743b512823fd124		internal/worktreeclaims(1)		no direct reverse call/type reference; inspect bodies
internal/worktrees/branch_reconciliation.go	reconciliationClaim	reconciliationClaim	function		false	303	321	branch reconciliation/cleanup	internal/worktreebranches	none detected	filesystem,global	readWorkLogProjectionForReadOnlyClaim; openWorkLogRun; readWorkLogClaimAt; corroborateReconciliationClaimShape	4		0	0	stale: BASE source changed		0	0	medium	Protected branch and exact target/head evidence precede deletion or quarantine. Cross-domain calls: claims/locks/worklogs. Coverage profile line mapping is stale.	function:eb1ea8220b17285f9dc18b5b9b7b0486		internal/worktreeclaims(2)		no direct reverse call/type reference; inspect bodies
internal/worktrees/branch_reconciliation.go	corroborateReconciliationClaimShape	corroborateReconciliationClaimShape	function		false	323	345	branch reconciliation/cleanup	internal/worktreebranches	none detected	none detected	validSafeSegment(3); validClaimID(2); isGitObjectID; workLogClaimID; declaredSuccessorWorkLogClaimID; successorWorkLogClaimID	9		0	0	stale: BASE source changed		0	0	medium	Protected branch and exact target/head evidence precede deletion or quarantine. Cross-domain calls: claims/locks/worklogs, layout/discovery. Coverage profile line mapping is stale.	function:9678c7de401e3361f7e22c29ecb3e299		internal/worktreeclaims(2)		no direct reverse call/type reference; inspect bodies
internal/worktrees/branch_reconciliation.go	reconciliationLifecycleEvidence	reconciliationLifecycleEvidence	function		false	347	361	branch reconciliation/cleanup	internal/worktreebranches	none detected	global	ListWithDiagnostics	1		0	0	stale: BASE source changed		0	0	medium	Protected branch and exact target/head evidence precede deletion or quarantine. Cross-domain calls: layout/discovery. Coverage profile line mapping is stale.	function:5cf7f23638bd6a006338ef5b255079b4		internal/worktreelayout(1); internal/worktreeclaims(1)		no direct reverse call/type reference; inspect bodies
internal/worktrees/branch_reconciliation.go	validateReconciliationLifecycleEvidence	validateReconciliationLifecycleEvidence	function		false	363	390	branch reconciliation/cleanup	internal/worktreebranches	none detected	global,process	isAncestor	1		0	0	stale: BASE source changed		0	0	medium	Protected branch and exact target/head evidence precede deletion or quarantine. Cross-domain calls: landing/merge receipts. Coverage profile line mapping is stale.	function:ae15f57d40047c95d8bf63c4ed885362		internal/worktreelayout(1); internal/worktrees(1); internal/worktreeclaims(1)	internal/worktrees(1)	needs facade or injected port
internal/worktrees/branch_reconciliation.go	revalidateReconciliationStage	revalidateReconciliationStage	function		false	392	404	branch reconciliation/cleanup	internal/worktreebranches	none detected	global,process	reconciliationLifecycleEvidence; validateReconciliationLifecycleEvidence	2		0	0	stale: BASE source changed		0	0	low	Protected branch and exact target/head evidence precede deletion or quarantine. Coverage profile line mapping is stale.	function:e5fff54b2065730da137d1a174937523		internal/worktrees(1); internal/worktreeclaims(1)	internal/worktrees(1)	needs facade or injected port
internal/worktrees/branch_reconciliation.go	createBranchReconciliationRecord	createBranchReconciliationRecord	function		false	406	416	branch reconciliation/cleanup	internal/worktreebranches	none detected	filesystem	openBranchReconciliationEvent; writeBranchReconciliationRecord	2		0	0	stale: BASE source changed		0	0	low	Protected branch and exact target/head evidence precede deletion or quarantine. Coverage profile line mapping is stale.	function:def055fd1f5280b171952a8201ab2bcc		internal/worktreeclaims(1)		no direct reverse call/type reference; inspect bodies
internal/worktrees/branch_reconciliation.go	readBranchReconciliationRecord	readBranchReconciliationRecord	function		false	418	429	branch reconciliation/cleanup	internal/worktreebranches	global	filesystem,global	openBranchReconciliationEvent; readJSONAt	2		0	0	stale: BASE source changed		0	0	medium	Protected branch and exact target/head evidence precede deletion or quarantine. Cross-domain calls: secure filesystem/storage. Coverage profile line mapping is stale.	function:30325070951cd3944c4a78f95a1a8610		internal/worktreeclaims(1)		no direct reverse call/type reference; inspect bodies
internal/worktrees/branch_reconciliation.go	openBranchReconciliationEvent	openBranchReconciliationEvent	function		false	433	445	branch reconciliation/cleanup	internal/worktreebranches	filesystem	filesystem,global	openPrivateChild(2); openWorkLogRun	3		0	0	stale: BASE source changed		0	0	high	Protected branch and exact target/head evidence precede deletion or quarantine. Cross-domain calls: claims/locks/worklogs, secure filesystem/storage. Coverage profile line mapping is stale.	function:7ad798cfc2d102f78245a7a7c82815c0		internal/worktreeclaims(1)		no direct reverse call/type reference; inspect bodies
internal/worktrees/branch_reconciliation.go	writeBranchReconciliationRecord	writeBranchReconciliationRecord	function		false	447	449	branch reconciliation/cleanup	internal/worktreebranches	none detected	none detected	writeJSONAtomicAt	1		0	0	stale: BASE source changed		0	0	medium	Protected branch and exact target/head evidence precede deletion or quarantine. Cross-domain calls: secure filesystem/storage. Coverage profile line mapping is stale.	function:59bd4e904cbc8a897ebc008c90d0b844				no direct reverse call/type reference; inspect bodies
internal/worktrees/branch_reconciliation.go	corroborateReconciliationRecord	corroborateReconciliationRecord	function		false	451	458	branch reconciliation/cleanup	internal/worktreebranches	none detected	none detected	isGitObjectID(3)	3		0	0	stale: BASE source changed		0	0	low	Protected branch and exact target/head evidence precede deletion or quarantine. Coverage profile line mapping is stale.	function:1c393857fc15ac8b2ebbf1a2297fe9d1		internal/worktrees(1); internal/worktreeclaims(1)	internal/worktrees(1)	needs facade or injected port
internal/worktrees/branch_reconciliation.go	preserveReconciliationBundles	preserveReconciliationBundles	function		false	460	491	branch reconciliation/cleanup	internal/worktreebranches	git,network,process	filesystem,git,network,process	bundleClaimHead(2); requireLocalClaimHead; requireRemoteClaimHead; runSecureCleanupGitHelper; gitCanonical	6		0	0	stale: BASE source changed		0	0	high	Protected branch and exact target/head evidence precede deletion or quarantine. Cross-domain calls: git subprocess/cache, shared orchestration. Coverage profile line mapping is stale.	function:2b0490b79a0eaddc1afa4863570dc6bc	internal/worktrees(1)	internal/worktrees(2)	internal/worktrees(2)	needs facade or injected port
internal/worktrees/branch_reconciliation.go	bundleClaimHead	bundleClaimHead	function		false	493	516	branch reconciliation/cleanup	internal/worktreebranches	filesystem,process	filesystem,git,network,process	runSecureCleanupGitHelper(2); requireBundleAdvertisesClaimRef; readBytesAt; writeBytesImmutableAt; writeJSONImmutableAt	6		0	0	stale: BASE source changed		0	0	high	Protected branch and exact target/head evidence precede deletion or quarantine. Cross-domain calls: secure filesystem/storage, shared orchestration. Coverage profile line mapping is stale.	function:70ed74f26ea80f911efa8bb49c5eadbd	internal/worktrees(2)	internal/worktrees(1)	internal/worktrees(1)	needs facade or injected port
internal/worktrees/branch_reconciliation.go	requireBundleAdvertisesClaimRef	requireBundleAdvertisesClaimRef	function		false	518	533	branch reconciliation/cleanup	internal/worktreebranches	git	git	gitCanonical	1		0	0	stale: BASE source changed		0	0	medium	Protected branch and exact target/head evidence precede deletion or quarantine. Cross-domain calls: git subprocess/cache. Coverage profile line mapping is stale.	function:1094c494dedd08d2802312760bfa4008		internal/worktrees(1)	internal/worktrees(1)	needs facade or injected port
internal/worktrees/branch_reconciliation.go	requireRemoteClaimHead	requireRemoteClaimHead	function		false	535	544	branch reconciliation/cleanup	internal/worktreebranches	none detected	git,network	remoteBranchHead	1		0	0	stale: BASE source changed		0	0	medium	Protected branch and exact target/head evidence precede deletion or quarantine. Cross-domain calls: landing/merge receipts. Coverage profile line mapping is stale.	function:d0bcb2da9c8728acc87da657d10cbff9				no direct reverse call/type reference; inspect bodies
internal/worktrees/branch_reconciliation.go	requireRemoteClaimAbsent	requireRemoteClaimAbsent	function		false	546	555	branch reconciliation/cleanup	internal/worktreebranches	none detected	git,network	remoteBranchHead	1		0	0	stale: BASE source changed		0	0	medium	Protected branch and exact target/head evidence precede deletion or quarantine. Cross-domain calls: landing/merge receipts. Coverage profile line mapping is stale.	function:ce9ae39da7f2d30fa94c036a5592d854				no direct reverse call/type reference; inspect bodies
internal/worktrees/branch_reconciliation.go	requireLocalClaimHead	requireLocalClaimHead	function		false	557	563	branch reconciliation/cleanup	internal/worktreebranches	git	git	gitCanonical	1		0	0	stale: BASE source changed		0	0	medium	Protected branch and exact target/head evidence precede deletion or quarantine. Cross-domain calls: git subprocess/cache. Coverage profile line mapping is stale.	function:030b3169b4c1b348d13f104dcf97fea9		internal/worktrees(1)	internal/worktrees(1)	needs facade or injected port
internal/worktrees/branch_reconciliation.go	requireLocalClaimAbsent	requireLocalClaimAbsent	function		false	565	574	branch reconciliation/cleanup	internal/worktreebranches	git	git	gitCanonical	1		0	0	stale: BASE source changed		0	0	medium	Protected branch and exact target/head evidence precede deletion or quarantine. Cross-domain calls: git subprocess/cache. Coverage profile line mapping is stale.	function:25d8d00eb3f02f2ce981adfa8b0d687a		internal/worktrees(1)	internal/worktrees(1)	needs facade or injected port
internal/worktrees/branch_reconciliation.go	localProjectionForReconciliation	localProjectionForReconciliation	function		false	576	578	branch reconciliation/cleanup	internal/worktreebranches	none detected	none detected		0		0	0	stale: BASE source changed		0	0	low	Protected branch and exact target/head evidence precede deletion or quarantine. Coverage profile line mapping is stale.	function:4f7a15897208386b6ee68a3517b93745		internal/worktreeclaims(2)		no direct reverse call/type reference; inspect bodies
internal/worktrees/branches.go	BranchListOptions	BranchListOptions	struct		true	58	80	branch reconciliation/cleanup	internal/worktreebranches	none detected	none detected		0	cmd/wb/branch.go [instantiates]	2	1	n/a		0	0	medium	Protected branch and exact target/head evidence precede deletion or quarantine.	struct:13905989fc0b66705b9b87fae6921bfa				no direct reverse call/type reference; inspect bodies
internal/worktrees/branches.go	BranchEntry	BranchEntry	struct		true	83	130	branch reconciliation/cleanup	internal/worktreebranches	none detected	none detected		0	cmd/wb/branch.go [references]	1	1	n/a		0	0	medium	Protected branch and exact target/head evidence precede deletion or quarantine.	struct:9da842ec96e49eb1506c05ca670d4efb		internal/worktreeproof(1)		no direct reverse call/type reference; inspect bodies
internal/worktrees/branches.go	BranchListOutcome	BranchListOutcome	struct		true	133	156	branch reconciliation/cleanup	internal/worktreebranches	none detected	none detected		0	cmd/wb/branch.go [references]	6	1	n/a		0	0	medium	Protected branch and exact target/head evidence precede deletion or quarantine.	struct:ab799c2d5d456838e801334dad6d88b7				no direct reverse call/type reference; inspect bodies
internal/worktrees/branches.go	BranchList	BranchList	function		true	161	167	branch reconciliation/cleanup	internal/worktreebranches	none detected	filesystem,global,process	normalizeBranchListOptions; sweepBranches	2	cmd/wb/branch.go [calls]	2	1	covered	100.0	4	4	medium	Protected branch and exact target/head evidence precede deletion or quarantine.	function:27d95b0fe7605277787303ec50ef1f70				no direct reverse call/type reference; inspect bodies
internal/worktrees/branches.go	normalizeBranchListOptions	normalizeBranchListOptions	function		false	169	225	branch reconciliation/cleanup	internal/worktreebranches	none detected	filesystem,process	validRepositorySegment(3); branchValidationError(2); absoluteProjectsRoot	6		0	0	partial	97.2	35	36	medium	Protected branch and exact target/head evidence precede deletion or quarantine. Cross-domain calls: git subprocess/cache, layout/discovery.	function:e1f44eee7ed6b127f1888d0a7eaca135				no direct reverse call/type reference; inspect bodies
internal/worktrees/branches.go	branchSweepOptions	branchSweepOptions	struct		false	230	259	branch reconciliation/cleanup	internal/worktreebranches	none detected	none detected		0		0	0	n/a		0	0	low	Protected branch and exact target/head evidence precede deletion or quarantine.	struct:ca78580bf7ae50220beca6b37576d2ce				no direct reverse call/type reference; inspect bodies
internal/worktrees/branches.go	branchRepositoryInspection	branchRepositoryInspection	type		false	264	264	branch reconciliation/cleanup	internal/worktreebranches	none detected	none detected		0		0	0	n/a		0	0	low	Protected branch and exact target/head evidence precede deletion or quarantine.	type_alias:8bae7549f238f346ac5949a796785bdc				no direct reverse call/type reference; inspect bodies
internal/worktrees/branches.go	branchRepositoryInspectionResult	branchRepositoryInspectionResult	struct		false	266	269	branch reconciliation/cleanup	internal/worktreebranches	none detected	none detected		0		0	0	n/a		0	0	low	Protected branch and exact target/head evidence precede deletion or quarantine.	struct:1edf69905d899f443e6b2c3fd0869140				no direct reverse call/type reference; inspect bodies
internal/worktrees/branches.go	sweepBranches	sweepBranches	function		false	271	298	branch reconciliation/cleanup	internal/worktreebranches	none detected	filesystem,git,global,network	retiredNamespaceSelected; inventoryRetiredNamespace; classifyFleetBranches; applyListDisplayFilters; tallyDispositions; countRetiredBranches; sortBranchEntries; branchEvidenceHost	8		0	0	partial	93.8	15	16	low	Protected branch and exact target/head evidence precede deletion or quarantine.	function:a7242a4879804d903bf5cf738a9a0413				no direct reverse call/type reference; inspect bodies
internal/worktrees/branches.go	retiredNamespaceSelected	retiredNamespaceSelected	function		false	303	308	branch reconciliation/cleanup	internal/worktreebranches	none detected	none detected		0		0	0	covered	100.0	3	3	low	Protected branch and exact target/head evidence precede deletion or quarantine.	function:0cf09654efc96b1ac63984baa7171a62				no direct reverse call/type reference; inspect bodies
internal/worktrees/branches.go	inventoryRetiredNamespace	inventoryRetiredNamespace	function		false	314	378	branch reconciliation/cleanup	internal/worktreebranches	none detected	filesystem,git,global,network	tallyDispositions(3); branchEvidenceHost(2); appendRetiredEntries(2); listRetiredTags(2); appendRetiredTagEntries(2); discoverBranchRepositories; selectBranchRepositories; reportBranchProgress	18		0	0	partial	92.7	38	41	medium	Protected branch and exact target/head evidence precede deletion or quarantine.	function:652eee326c8c289fcdc3bff175e6ff05				no direct reverse call/type reference; inspect bodies
internal/worktrees/branches.go	appendRetiredEntries	appendRetiredEntries	function		false	380	382	branch reconciliation/cleanup	internal/worktreebranches	none detected	git	appendRetiredRefEntries	1		0	0	covered	100.0	1	1	low	Protected branch and exact target/head evidence precede deletion or quarantine.	function:0e83d96cc1f6ec071721bc62a3bb8da6				no direct reverse call/type reference; inspect bodies
internal/worktrees/branches.go	appendRetiredTagEntries	appendRetiredTagEntries	function		false	384	386	branch reconciliation/cleanup	internal/worktreebranches	none detected	git	appendRetiredRefEntries	1		0	0	covered	100.0	1	1	low	Protected branch and exact target/head evidence precede deletion or quarantine.	function:107bae091fa7b06dd60a7f8dcdeb962b				no direct reverse call/type reference; inspect bodies
internal/worktrees/branches.go	appendRetiredRefEntries	appendRetiredRefEntries	function		false	388	402	branch reconciliation/cleanup	internal/worktreebranches	none detected	git	retiredRefSelected; retiredBranchEntry; decorateBranchCommits	3		0	0	covered	100.0	11	11	low	Protected branch and exact target/head evidence precede deletion or quarantine.	function:c851f60c8b6ced82f3250b9a97a88e7c				no direct reverse call/type reference; inspect bodies
internal/worktrees/branches.go	decorateBranchCommits	decorateBranchCommits	function		false	408	439	branch reconciliation/cleanup	internal/worktreebranches	git	git,global,process	git	1		0	0	covered	100.0	21	21	medium	Protected branch and exact target/head evidence precede deletion or quarantine. Cross-domain calls: git subprocess/cache.	function:8a2f3ddfcdb32a5fdfe873819ffa5e00				no direct reverse call/type reference; inspect bodies
internal/worktrees/branches.go	branchEvidenceHost	branchEvidenceHost	function		false	441	447	branch reconciliation/cleanup	internal/worktreebranches	none detected	none detected		0		0	0	partial	75.0	3	4	low	Protected branch and exact target/head evidence precede deletion or quarantine.	function:94ffb87469ac558c1dbe47685f81b884				no direct reverse call/type reference; inspect bodies
internal/worktrees/branches.go	applyListDisplayFilters	applyListDisplayFilters	function		false	449	461	branch reconciliation/cleanup	internal/worktreebranches	none detected	none detected		0		0	0	covered	100.0	8	8	low	Protected branch and exact target/head evidence precede deletion or quarantine.	function:f63c0c89c72555d323726047d69a65c8				no direct reverse call/type reference; inspect bodies
internal/worktrees/branches.go	sortBranchEntries	sortBranchEntries	function		false	463	473	branch reconciliation/cleanup	internal/worktreebranches	none detected	none detected		0		0	0	covered	100.0	6	6	low	Protected branch and exact target/head evidence precede deletion or quarantine.	function:7c7b1c87e03b9975854c4e04111a21f8				no direct reverse call/type reference; inspect bodies
internal/worktrees/branches.go	tallyDispositions	tallyDispositions	function		false	475	481	branch reconciliation/cleanup	internal/worktreebranches	none detected	none detected		0		0	0	covered	100.0	4	4	low	Protected branch and exact target/head evidence precede deletion or quarantine.	function:6e3ecd4d59ac485baa9b4206bde5ab0d				no direct reverse call/type reference; inspect bodies
internal/worktrees/branches.go	classifyFleetBranches	classifyFleetBranches	function		false	490	493	branch reconciliation/cleanup	internal/worktreebranches	none detected	global	classifyFleetBranchesWithPaths	1		0	0	covered	100.0	2	2	low	Protected branch and exact target/head evidence precede deletion or quarantine.	function:f65ebce69425db7c38fb42dbde09573e				no direct reverse call/type reference; inspect bodies
internal/worktrees/branches.go	classifyFleetBranchesWithPaths	classifyFleetBranchesWithPaths	function		false	498	532	branch reconciliation/cleanup	internal/worktreebranches	global	global	discoverBranchRepositories; selectBranchRepositories; branchInUseIndex; reportBranchProgress; inspectRepositoryBranchesWithHeartbeat; reportBranchSummary; tallyDispositions	7		0	0	partial	91.7	22	24	low	Protected branch and exact target/head evidence precede deletion or quarantine.	function:5695214ac0bff429e193806f7e34f6bd				no direct reverse call/type reference; inspect bodies
internal/worktrees/branches.go	countRetiredBranches	countRetiredBranches	function		false	534	581	branch reconciliation/cleanup	internal/worktreebranches	global	filesystem,git,global,network	accumulateRetiredCounts(4); listRetiredTags(2); discoverBranchRepositories; selectBranchRepositories; listLocalRefs; listRefs	10		0	0	partial	88.2	30	34	low	Protected branch and exact target/head evidence precede deletion or quarantine.	function:99bf9be95ef088a3a6a760975cda0272				no direct reverse call/type reference; inspect bodies
internal/worktrees/branches.go	accumulateRetiredCounts	accumulateRetiredCounts	function		false	583	591	branch reconciliation/cleanup	internal/worktreebranches	none detected	none detected	retiredRefSelected	1		0	0	covered	100.0	5	5	low	Protected branch and exact target/head evidence precede deletion or quarantine.	function:d910828cd535ac0c51d54f2fb700edc2				no direct reverse call/type reference; inspect bodies
internal/worktrees/branches.go	retiredRefSelected	retiredRefSelected	function		false	593	604	branch reconciliation/cleanup	internal/worktreebranches	none detected	none detected	isRetiredBranch; branchNameSelected	2		0	0	covered	100.0	7	7	low	Protected branch and exact target/head evidence precede deletion or quarantine.	function:523e4460f501c42bd1b40b8b2e4fa4a7				no direct reverse call/type reference; inspect bodies
internal/worktrees/branches.go	branchNameSelected	branchNameSelected	function		false	606	615	branch reconciliation/cleanup	internal/worktreebranches	none detected	none detected		0		0	0	covered	100.0	6	6	low	Protected branch and exact target/head evidence precede deletion or quarantine.	function:6f770d0ba6d0f0f85d03a1eb2eadcf25				no direct reverse call/type reference; inspect bodies
internal/worktrees/branches.go	inspectRepositoryBranchesWithHeartbeat	inspectRepositoryBranchesWithHeartbeat	function		false	617	646	branch reconciliation/cleanup	internal/worktreebranches	none detected	none detected		0		0	0	covered	100.0	13	13	low	Protected branch and exact target/head evidence precede deletion or quarantine.	function:6f206c4d30a259b6ec57ea3607e6f2d7				no direct reverse call/type reference; inspect bodies
internal/worktrees/branches.go	discoverBranchRepositories	discoverBranchRepositories	function		false	648	663	branch reconciliation/cleanup	internal/worktreebranches	none detected	none detected		0		0	0	partial	80.0	8	10	low	Protected branch and exact target/head evidence precede deletion or quarantine.	function:6584492e2ea16657f9d2d0a9d64bd160				no direct reverse call/type reference; inspect bodies
internal/worktrees/branches.go	selectBranchRepositories	selectBranchRepositories	function		false	665	677	branch reconciliation/cleanup	internal/worktreebranches	none detected	none detected		0		0	0	covered	100.0	8	8	low	Protected branch and exact target/head evidence precede deletion or quarantine.	function:52901a7e2549ef2f57d4b2c15370d7d8				no direct reverse call/type reference; inspect bodies
internal/worktrees/branches.go	branchInUseKey	branchInUseKey	function		false	681	681	branch reconciliation/cleanup	internal/worktreebranches	none detected	none detected		0		0	0	covered	100.0	1	1	low	Protected branch and exact target/head evidence precede deletion or quarantine.	function:5bddbb11123e195c07101e6ecf32911f				no direct reverse call/type reference; inspect bodies
internal/worktrees/branches.go	branchInUseIndex	branchInUseIndex	function		false	688	698	branch reconciliation/cleanup	internal/worktreebranches	none detected	global	ListWithDiagnostics; branchInUseKey	2		0	0	partial	85.7	6	7	medium	Protected branch and exact target/head evidence precede deletion or quarantine. Cross-domain calls: layout/discovery.	function:cd32c49affc776eff6afab7ed42f82fe				no direct reverse call/type reference; inspect bodies
internal/worktrees/branches.go	reportBranchProgress	reportBranchProgress	function		false	700	705	branch reconciliation/cleanup	internal/worktreebranches	none detected	none detected		0		0	0	covered	100.0	3	3	low	Protected branch and exact target/head evidence precede deletion or quarantine.	function:d74fb528c7beb80fea0144e3743c508b				no direct reverse call/type reference; inspect bodies
internal/worktrees/branches.go	reportBranchSummary	reportBranchSummary	function		false	707	721	branch reconciliation/cleanup	internal/worktreebranches	none detected	none detected		0		0	0	covered	100.0	10	10	low	Protected branch and exact target/head evidence precede deletion or quarantine.	function:6983c39e6b929167a48fa4ca988fb709				no direct reverse call/type reference; inspect bodies
internal/worktrees/branches.go	inspectRepositoryBranches	inspectRepositoryBranches	function		false	726	800	branch reconciliation/cleanup	internal/worktreebranches	git,global	filesystem,git,global,network,process	isRetiredBranch(4); checkedOutLocalBranches(2); branchNameSelected(2); retiredBranchEntry(2); classifyBranch(2); decorateBranchCommit(2); fetchRemoteTargetHead; listLocalRefs	20		0	0	partial	82.7	43	52	medium	Protected branch and exact target/head evidence precede deletion or quarantine. Cross-domain calls: git subprocess/cache, landing/merge receipts.	function:1cb6aca5641a684e056b79cbf6324ec4				no direct reverse call/type reference; inspect bodies
internal/worktrees/branches.go	decorateBranchCommit	decorateBranchCommit	function		false	802	806	branch reconciliation/cleanup	internal/worktreebranches	none detected	git	decorateBranchCommits	1		0	0	covered	100.0	3	3	low	Protected branch and exact target/head evidence precede deletion or quarantine.	function:62d5797d0338308e3b07c1476ea6653a				no direct reverse call/type reference; inspect bodies
internal/worktrees/branches.go	retiredBranchEntry	retiredBranchEntry	function		false	808	812	branch reconciliation/cleanup	internal/worktreebranches	none detected	none detected	shortSHA	1		0	0	covered	100.0	1	1	low	Protected branch and exact target/head evidence precede deletion or quarantine.	function:fbc71ef44cea7e3bc1b0c38a900e16ea				no direct reverse call/type reference; inspect bodies
internal/worktrees/branches.go	isRetiredBranch	isRetiredBranch	function		false	814	814	branch reconciliation/cleanup	internal/worktreebranches	none detected	none detected		0		0	0	covered	100.0	1	1	low	Protected branch and exact target/head evidence precede deletion or quarantine.	function:29056343774ea9b61f26f2e2329cd935				no direct reverse call/type reference; inspect bodies
internal/worktrees/branches.go	checkedOutLocalBranches	checkedOutLocalBranches	function		false	822	834	branch reconciliation/cleanup	internal/worktreebranches	git	git,global,process	git	1		0	0	covered	100.0	8	8	medium	Protected branch and exact target/head evidence precede deletion or quarantine. Cross-domain calls: git subprocess/cache.	function:c7e99ff688a931d27ce8702e7d44d797				no direct reverse call/type reference; inspect bodies
internal/worktrees/branches.go	branchRef	branchRef	struct		false	837	844	branch reconciliation/cleanup	internal/worktreebranches	none detected	none detected		0		0	0	n/a		0	0	low	Protected branch and exact target/head evidence precede deletion or quarantine.	struct:ab2cac1a7be7628ee8d4a745ba85b339				no direct reverse call/type reference; inspect bodies
internal/worktrees/branches.go	listLocalRefs	listLocalRefs	function		false	846	848	branch reconciliation/cleanup	internal/worktreebranches	none detected	git,global	listRefs	1		0	0	covered	100.0	1	1	low	Protected branch and exact target/head evidence precede deletion or quarantine.	function:608c8b7217269f6c0cc9a0cc7096d648				no direct reverse call/type reference; inspect bodies
internal/worktrees/branches.go	listRemoteRefs	listRemoteRefs	function		false	850	852	branch reconciliation/cleanup	internal/worktreebranches	none detected	git,global,network	fetchRemoteRefs	1		0	0	covered	100.0	1	1	low	Protected branch and exact target/head evidence precede deletion or quarantine.	function:c98e3b48e53190dcb872bfcccfa6129f				no direct reverse call/type reference; inspect bodies
internal/worktrees/branches.go	listRetiredRemoteRefs	listRetiredRemoteRefs	function		false	854	856	branch reconciliation/cleanup	internal/worktreebranches	none detected	git,global,network	fetchRemoteRefs	1		0	0	covered	100.0	1	1	low	Protected branch and exact target/head evidence precede deletion or quarantine.	function:16f5514f72e1d340dfed7e49abd836d4				no direct reverse call/type reference; inspect bodies
internal/worktrees/branches.go	fetchRemoteRefs	fetchRemoteRefs	function		false	858	863	branch reconciliation/cleanup	internal/worktreebranches	git,network	git,global,network,process	listRefs; git	2		0	0	covered	100.0	3	3	medium	Protected branch and exact target/head evidence precede deletion or quarantine. Cross-domain calls: git subprocess/cache.	function:53f5363fac2d326812e5b5fbc6821e82				no direct reverse call/type reference; inspect bodies
internal/worktrees/branches.go	listRetiredTags	listRetiredTags	function		false	868	927	branch reconciliation/cleanup	internal/worktreebranches	filesystem,git,network	filesystem,git,global,network,process	git(6); listRefs; isGitObjectID	8		0	0	partial	81.0	34	42	medium	Protected branch and exact target/head evidence precede deletion or quarantine. Cross-domain calls: git subprocess/cache.	function:9ea4bfaf3095ee82c4b531505a5732bc				no direct reverse call/type reference; inspect bodies
internal/worktrees/branches.go	listRefs	listRefs	function		false	929	956	branch reconciliation/cleanup	internal/worktreebranches	git,global	git,global,process	git	1		0	0	covered	100.0	20	20	medium	Protected branch and exact target/head evidence precede deletion or quarantine. Cross-domain calls: git subprocess/cache.	function:8ce63ba1e01818930e556a24bed522e0				no direct reverse call/type reference; inspect bodies
internal/worktrees/branches.go	classifyBranch	classifyBranch	function		false	958	1093	branch reconciliation/cleanup	internal/worktreebranches	none detected	filesystem,git,global,process	shortSHA(2); receiptedBranch(2); isProtectedBranch; protectedEvidence; branchInUseKey; supersessionReceiptForEntry; supersessionFileSHA256; isAncestor	13		0	0	partial	82.9	63	76	medium	Protected branch and exact target/head evidence precede deletion or quarantine. Cross-domain calls: landing/merge receipts.	function:386feb16d15909a43671a18f428457e3		internal/worktreelayout(1)		no direct reverse call/type reference; inspect bodies
internal/worktrees/branches.go	receiptedBranch	receiptedBranch	function		false	1095	1111	branch reconciliation/cleanup	internal/worktreebranches	none detected	none detected	shortSHA(3)	3		0	0	covered	100.0	10	10	low	Protected branch and exact target/head evidence precede deletion or quarantine.	function:4f23ed4080b7fbb7e30c4bf3afc1b54f		internal/worktreeproof(1)		no direct reverse call/type reference; inspect bodies
internal/worktrees/branches.go	classifyAttestedReceipt	classifyAttestedReceipt	function		false	1122	1131	branch reconciliation/cleanup	internal/worktreebranches	none detected	git,global,process	attestedAbsorbedReceipt	1		0	0	covered	100.0	1	1	medium	Protected branch and exact target/head evidence precede deletion or quarantine. Cross-domain calls: landing/merge receipts.	function:e963a6d1c831dc122336b7ccdd27de4a		internal/worktreeproof(1)		no direct reverse call/type reference; inspect bodies
internal/worktrees/branches.go	shortSHA	shortSHA	function		false	1133	1138	branch reconciliation/cleanup	internal/worktreeproof	none detected	none detected		0		0	0	covered	100.0	3	3	low	Protected branch and exact target/head evidence precede deletion or quarantine. Neutral proof/receipt kernel; no import of branch, landing, or facade packages.	function:bd810c2abb7f890c3594a459c817e825				no direct reverse call/type reference; inspect bodies
internal/worktrees/branches.go	isProtectedBranch	isProtectedBranch	function		false	1140	1145	branch reconciliation/cleanup	internal/worktreebranches	none detected	none detected		0		0	0	covered	100.0	3	3	low	Protected branch and exact target/head evidence precede deletion or quarantine.	function:95c5d4bb049bf16841b55d78770b40d0				no direct reverse call/type reference; inspect bodies
internal/worktrees/branches.go	protectedEvidence	protectedEvidence	function		false	1147	1156	branch reconciliation/cleanup	internal/worktreebranches	none detected	none detected		0		0	0	covered	100.0	4	4	low	Protected branch and exact target/head evidence precede deletion or quarantine.	function:8507d61f9e17a24a6fdf16d7d976519f				no direct reverse call/type reference; inspect bodies
internal/worktrees/branches.go	classifyLandingReceipt	classifyLandingReceipt	function		false	1167	1226	branch reconciliation/cleanup	internal/worktreebranches	none detected	git,global,network,process	shortSHA(3); contentContained(2); githubPullRequests; absorbingPullRequest; isAncestor; isGitObjectID	9		0	0	partial	82.8	24	29	medium	Protected branch and exact target/head evidence precede deletion or quarantine. Cross-domain calls: landing/merge receipts.	function:11984f06be62b743e58054403adefac4		internal/worktreeproof(1); internal/worktreelayout(1)		no direct reverse call/type reference; inspect bodies
internal/worktrees/branches.go	classifyAbsorbedOrUnique	classifyAbsorbedOrUnique	function		false	1232	1257	branch reconciliation/cleanup	internal/worktreebranches	git	git,global,process	shortSHA(4); commitTree(2); git	7		0	0	partial	88.2	15	17	medium	Protected branch and exact target/head evidence precede deletion or quarantine. Cross-domain calls: git subprocess/cache, landing/merge receipts.	function:f5f90a46f4fbc2aab2016befddf2f957				no direct reverse call/type reference; inspect bodies
internal/worktrees/branches_cleanup.go	BranchCleanupOptions	BranchCleanupOptions	struct		true	22	56	branch reconciliation/cleanup	internal/worktreebranches	none detected	none detected		0	cmd/wb/branch.go [instantiates]	1	1	n/a		0	0	medium	Protected branch and exact target/head evidence precede deletion or quarantine.	struct:59e44aaed2cae9fd59b7e96981c2ef0f				no direct reverse call/type reference; inspect bodies
internal/worktrees/branches_cleanup.go	BranchCleanupResult	BranchCleanupResult	struct		true	62	70	branch reconciliation/cleanup	internal/worktreebranches	none detected	none detected		0		0	0	n/a		0	0	low	Protected branch and exact target/head evidence precede deletion or quarantine.	struct:07377ee6cbfa6fbe9e77fea1192fe950				no direct reverse call/type reference; inspect bodies
internal/worktrees/branches_cleanup.go	BranchCleanupOutcome	BranchCleanupOutcome	struct		true	73	82	branch reconciliation/cleanup	internal/worktreebranches	none detected	none detected		0	cmd/wb/branch.go [references]	1	1	n/a		0	0	medium	Protected branch and exact target/head evidence precede deletion or quarantine.	struct:25493485248c61f27a0b67c682244263				no direct reverse call/type reference; inspect bodies
internal/worktrees/branches_cleanup.go	normalizeBranchCleanupOptions	normalizeBranchCleanupOptions	function		false	84	124	branch reconciliation/cleanup	internal/worktreebranches	none detected	filesystem,global,process	compactStrings(2); scopeIncludesRemote(2); normalizeBranchListOptions	5		0	0	partial	85.2	23	27	low	Protected branch and exact target/head evidence precede deletion or quarantine.	function:78ec14bc6becace2d9e30744011ad248				no direct reverse call/type reference; inspect bodies
internal/worktrees/branches_cleanup.go	scopeIncludesRemote	scopeIncludesRemote	function		false	126	128	branch reconciliation/cleanup	internal/worktreebranches	none detected	none detected		0		0	0	covered	100.0	1	1	low	Protected branch and exact target/head evidence precede deletion or quarantine.	function:38b048154f3f4295cc12f7f802319703				no direct reverse call/type reference; inspect bodies
internal/worktrees/branches_cleanup.go	DefaultBranchCleanupReportDir	DefaultBranchCleanupReportDir	function		true	132	134	branch reconciliation/cleanup	internal/worktreebranches	none detected	none detected		0		0	0	covered	100.0	1	1	low	Protected branch and exact target/head evidence precede deletion or quarantine.	function:66913d90cf1caac472f8258551b3121d				no direct reverse call/type reference; inspect bodies
internal/worktrees/branches_cleanup.go	BranchCleanup	BranchCleanup	function		true	141	215	branch reconciliation/cleanup	internal/worktreebranches	none detected	filesystem,git,global,network,process	tallyCleanupOutcomes(3); writeBranchCleanupReport(3); normalizeBranchCleanupOptions; planBranchCleanup; DefaultBranchCleanupReportDir; validateBranchCleanupReportDir; validatePeerEvidence; applyBranchCleanup	14	cmd/wb/branch.go [calls]	1	1	partial	74.5	38	51	medium	Protected branch and exact target/head evidence precede deletion or quarantine.	function:afd3d6a35c28d49fa6e90a2695dffe86				no direct reverse call/type reference; inspect bodies
internal/worktrees/branches_cleanup.go	planBranchCleanup	planBranchCleanup	function		false	225	248	branch reconciliation/cleanup	internal/worktreebranches	none detected	none detected	remotePullRequestEvidenceUnavailable; eligibleBranchCleanupDisposition; skipReasonForDisposition	3		0	0	partial	92.9	13	14	low	Protected branch and exact target/head evidence precede deletion or quarantine.	function:b0fc1c39deaa8c707ccd88cc957a28ec				no direct reverse call/type reference; inspect bodies
internal/worktrees/branches_cleanup.go	eligibleBranchCleanupDisposition	eligibleBranchCleanupDisposition	function		false	250	259	branch reconciliation/cleanup	internal/worktreebranches	none detected	none detected		0		0	0	covered	100.0	4	4	low	Protected branch and exact target/head evidence precede deletion or quarantine.	function:6df604435a2f98bad56655d2c0cb0586				no direct reverse call/type reference; inspect bodies
internal/worktrees/branches_cleanup.go	skipReasonForDisposition	skipReasonForDisposition	function		false	270	278	branch reconciliation/cleanup	internal/worktreebranches	none detected	none detected		0		0	0	covered	100.0	5	5	low	Protected branch and exact target/head evidence precede deletion or quarantine.	function:e08d167e62801d843dd05c7939197f2a				no direct reverse call/type reference; inspect bodies
internal/worktrees/branches_cleanup.go	remotePullRequestEvidenceUnavailable	remotePullRequestEvidenceUnavailable	function		false	284	296	branch reconciliation/cleanup	internal/worktreebranches	none detected	none detected		0		0	0	covered	100.0	6	6	low	Protected branch and exact target/head evidence precede deletion or quarantine.	function:c0403b2d6d2ec4a1db3b9c89f4ed9e35				no direct reverse call/type reference; inspect bodies
internal/worktrees/branches_cleanup.go	tallyCleanupOutcomes	tallyCleanupOutcomes	function		false	298	304	branch reconciliation/cleanup	internal/worktreebranches	none detected	none detected		0		0	0	covered	100.0	4	4	low	Protected branch and exact target/head evidence precede deletion or quarantine.	function:00334d8a68bfb1f8ead23ff1f749be17				no direct reverse call/type reference; inspect bodies
internal/worktrees/branches_cleanup.go	applyBranchCleanup	applyBranchCleanup	function		false	310	335	branch reconciliation/cleanup	internal/worktreebranches	none detected	filesystem,git,global,network,process	archiveReviewedBranch; applyLocalBranchDeletion; applyRemoteBranchDeletion	3		0	0	partial	72.2	13	18	low	Protected branch and exact target/head evidence precede deletion or quarantine.	function:c3a929448c15377f838441aa170c1b48				no direct reverse call/type reference; inspect bodies
internal/worktrees/branches_cleanup.go	reviewedBranchRecoveryManifest	reviewedBranchRecoveryManifest	struct		false	337	348	branch reconciliation/cleanup	internal/worktreebranches	none detected	none detected		0		0	0	n/a		0	0	low	Protected branch and exact target/head evidence precede deletion or quarantine.	struct:ea987f9d031b4247286a2a1741d19bd5				no direct reverse call/type reference; inspect bodies
internal/worktrees/branches_cleanup.go	archiveReviewedBranch	archiveReviewedBranch	function		false	353	434	branch reconciliation/cleanup	internal/worktreebranches	filesystem,git,network	filesystem,git,global,network,process	git(4); syncDirectory(3); validateBranchCleanupReportDir; syncDirectoryAndAncestors; syncFile; fileSHA256; copyFileSHA256; writeDurableFile	13		0	0	partial	64.4	38	59	medium	Protected branch and exact target/head evidence precede deletion or quarantine. Cross-domain calls: git subprocess/cache.	function:e6cdecad545b0c74760574c3786755f8				no direct reverse call/type reference; inspect bodies
internal/worktrees/branches_cleanup.go	applyLocalBranchDeletion	applyLocalBranchDeletion	function		false	436	470	branch reconciliation/cleanup	internal/worktreebranches	git	filesystem,git,global,process	shortSHA(2); recheckBranchRetirementGuards; recheckDeletionEvidence; fetchRemoteTargetHead; git; openCanonicalRepository; gitCanonical	8		0	0	partial	84.6	22	26	high	Protected branch and exact target/head evidence precede deletion or quarantine. Cross-domain calls: git subprocess/cache, landing/merge receipts, shared orchestration.	function:538284db44e873d8d5e34c251cadad74	internal/worktrees(1)			needs facade or injected port
internal/worktrees/branches_cleanup.go	recheckDeletionEvidence	recheckDeletionEvidence	function		false	480	537	branch reconciliation/cleanup	internal/worktreebranches	none detected	filesystem,git,global,process	isAncestor(2); supersessionFileSHA256; supersessionReceiptForEntry; shortSHA; contentAbsorbed; isGitObjectID	7		0	0	partial	97.4	38	39	medium	Protected branch and exact target/head evidence precede deletion or quarantine. Cross-domain calls: landing/merge receipts.	function:7941fcd583af5a2053225530d2476622				no direct reverse call/type reference; inspect bodies
internal/worktrees/branches_cleanup.go	applyRemoteBranchDeletion	applyRemoteBranchDeletion	function		false	539	607	branch reconciliation/cleanup	internal/worktreebranches	git,network,process	filesystem,git,global,network,process	shortSHA(2); recheckBranchRetirementGuards; recheckDeletionEvidence; reviewedRemoteForkGuard; validatePeerEvidence; fetchRemoteTargetHead; remoteBranchHead; openBranchPullRequests	12		0	0	partial	76.0	38	50	high	Protected branch and exact target/head evidence precede deletion or quarantine. Cross-domain calls: git subprocess/cache, landing/merge receipts, shared orchestration.	function:53ecc56c0a9fa0f1db842e3f95107a99	internal/worktrees(2)			needs facade or injected port
internal/worktrees/branches_cleanup.go	recheckBranchRetirementGuards	recheckBranchRetirementGuards	function		false	612	643	branch reconciliation/cleanup	internal/worktreebranches	git	git,global,process	isProtectedBranch; checkedOutLocalBranches; branchInUseIndex; branchInUseKey; git	5		0	0	partial	82.6	19	23	medium	Protected branch and exact target/head evidence precede deletion or quarantine. Cross-domain calls: git subprocess/cache.	function:af6d78e2a324a56ffd22ad700471c0d6				no direct reverse call/type reference; inspect bodies
internal/worktrees/branches_cleanup.go	branchCleanupReport	branchCleanupReport	struct		false	645	652	branch reconciliation/cleanup	internal/worktreebranches	none detected	none detected		0		0	0	n/a		0	0	low	Protected branch and exact target/head evidence precede deletion or quarantine.	struct:66b6690c513c28162b93457cd9ad5a47				no direct reverse call/type reference; inspect bodies
internal/worktrees/branches_cleanup.go	writeBranchCleanupReport	writeBranchCleanupReport	function		false	654	656	branch reconciliation/cleanup	internal/worktreebranches	none detected	filesystem	writeBranchCleanupReportInjected	1		0	0	covered	100.0	1	1	low	Protected branch and exact target/head evidence precede deletion or quarantine.	function:0835bd4b455c8ff14b3e42eb4ccbc4d7				no direct reverse call/type reference; inspect bodies
internal/worktrees/branches_cleanup.go	writeBranchCleanupReportInjected	writeBranchCleanupReportInjected	function		false	664	695	branch reconciliation/cleanup	internal/worktreebranches	filesystem	filesystem	rejectSymlinkAncestors; syncDirectoryAndAncestors; AbortDisposition::String; writeDurableFileInjected; syncDirectory	5		0	0	partial	78.3	18	23	medium	Protected branch and exact target/head evidence precede deletion or quarantine. Cross-domain calls: retirement/recovery/GC.	function:9cdc1e1edcd29a51700da40cfb601feb	internal/worktreeretire(1)			needs facade or injected port
internal/worktrees/branches_cleanup.go	validateBranchCleanupReportDir	validateBranchCleanupReportDir	function		false	697	716	branch reconciliation/cleanup	internal/worktreebranches	none detected	filesystem,git,global	rejectSymlinkAncestors; sourceRepositoryRoots; pathIsWithin	3		0	0	partial	91.7	11	12	low	Protected branch and exact target/head evidence precede deletion or quarantine.	function:5232ee44552b9e6bd26e4cab9c7cca74				no direct reverse call/type reference; inspect bodies
internal/worktrees/branches_cleanup.go	sourceRepositoryRoots	sourceRepositoryRoots	function		false	718	738	branch reconciliation/cleanup	internal/worktreebranches	filesystem,git,global	filesystem,git,global,process	compactStrings; git; worktreePathsFromPorcelain	3		0	0	partial	85.7	12	14	high	Protected branch and exact target/head evidence precede deletion or quarantine. Cross-domain calls: git subprocess/cache, layout/discovery.	function:eda0def63a9f7c62afba9be237fef86d				no direct reverse call/type reference; inspect bodies
internal/worktrees/branches_cleanup.go	pathIsWithin	pathIsWithin	function		false	740	743	branch reconciliation/cleanup	internal/worktreebranches	none detected	none detected		0		0	0	covered	100.0	2	2	low	Protected branch and exact target/head evidence precede deletion or quarantine.	function:75dd0a88374b7e2ebb1230b9c17cc1c8				no direct reverse call/type reference; inspect bodies
internal/worktrees/branches_cleanup.go	rejectSymlinkAncestors	rejectSymlinkAncestors	function		false	745	759	branch reconciliation/cleanup	internal/worktreebranches	filesystem	filesystem		0		0	0	partial	88.9	8	9	low	Protected branch and exact target/head evidence precede deletion or quarantine.	function:2ace0a6566d4085eeb2d15ff816ba52d				no direct reverse call/type reference; inspect bodies
internal/worktrees/branches_cleanup.go	copyFileSHA256	copyFileSHA256	function		false	761	763	branch reconciliation/cleanup	internal/worktreebranches	none detected	filesystem	copyFileSHA256Injected	1		0	0	covered	100.0	1	1	low	Protected branch and exact target/head evidence precede deletion or quarantine.	function:8d57a95cb713bd8f98da07f1e2e03956				no direct reverse call/type reference; inspect bodies
internal/worktrees/branches_cleanup.go	copyFileSHA256Injected	copyFileSHA256Injected	function		false	772	796	branch reconciliation/cleanup	internal/worktreebranches	filesystem	filesystem		0		0	0	partial	89.5	17	19	low	Protected branch and exact target/head evidence precede deletion or quarantine.	function:60c5680f3e006b5bba9828a6bba7f0e0				no direct reverse call/type reference; inspect bodies
internal/worktrees/branches_cleanup.go	writeDurableFile	writeDurableFile	function		false	798	800	branch reconciliation/cleanup	internal/worktreebranches	none detected	filesystem	writeDurableFileInjected	1		0	0	covered	100.0	1	1	low	Protected branch and exact target/head evidence precede deletion or quarantine.	function:59d6acec2cc86052ec953d5060301d50				no direct reverse call/type reference; inspect bodies
internal/worktrees/branches_cleanup.go	writeDurableFileInjected	writeDurableFileInjected	function		false	811	826	branch reconciliation/cleanup	internal/worktreebranches	filesystem	filesystem		0		0	0	covered	100.0	11	11	low	Protected branch and exact target/head evidence precede deletion or quarantine.	function:ac48067237ce8c987594b797bb0edfdc				no direct reverse call/type reference; inspect bodies
internal/worktrees/branches_cleanup.go	syncFile	syncFile	function		false	828	839	branch reconciliation/cleanup	internal/worktreebranches	filesystem	filesystem		0		0	0	partial	75.0	6	8	low	Protected branch and exact target/head evidence precede deletion or quarantine.	function:a3be88202c716d64c805ef513f1deaf3				no direct reverse call/type reference; inspect bodies
internal/worktrees/branches_cleanup.go	syncDirectoryAndAncestors	syncDirectoryAndAncestors	function		false	841	851	branch reconciliation/cleanup	internal/worktreebranches	none detected	filesystem	syncDirectory	1		0	0	partial	83.3	5	6	low	Protected branch and exact target/head evidence precede deletion or quarantine.	function:0551f2170c28e1b4c0b86d380ab7122a				no direct reverse call/type reference; inspect bodies
internal/worktrees/branches_cleanup.go	syncDirectory	syncDirectory	function		false	853	864	branch reconciliation/cleanup	internal/worktreebranches	filesystem	filesystem		0		0	0	partial	75.0	6	8	low	Protected branch and exact target/head evidence precede deletion or quarantine.	function:e032e6d6a7d8b49ec82284896bcbd9d9				no direct reverse call/type reference; inspect bodies
internal/worktrees/branches_peer.go	compactStrings	compactStrings	function		false	16	27	branch reconciliation/cleanup	internal/worktreebranches	global	global		0		0	0	covered	100.0	8	8	low	Protected branch and exact target/head evidence precede deletion or quarantine.	function:a2a18b5a189548a48dbc3e4f2ea651f3				no direct reverse call/type reference; inspect bodies
internal/worktrees/branches_peer.go	validatePeerEvidence	validatePeerEvidence	function		false	29	81	branch reconciliation/cleanup	internal/worktreebranches	filesystem,global	filesystem,global	branchEvidenceHost(2); peerEvidenceSafeDisposition	3		0	0	partial	83.3	30	36	medium	Protected branch and exact target/head evidence precede deletion or quarantine.	function:4673cc0831e4ac7f786b430c266a6812				no direct reverse call/type reference; inspect bodies
internal/worktrees/branches_peer.go	peerEvidenceSafeDisposition	peerEvidenceSafeDisposition	function		false	83	90	branch reconciliation/cleanup	internal/worktreebranches	none detected	none detected		0		0	0	covered	100.0	3	3	low	Protected branch and exact target/head evidence precede deletion or quarantine.	function:88a93bff7506bbd9f20ae0f35cf6d190				no direct reverse call/type reference; inspect bodies
internal/worktrees/branches_peer.go	reviewedRemoteForkGuard	reviewedRemoteForkGuard	function		false	95	113	branch reconciliation/cleanup	internal/worktreebranches	global,network	global,network		0		0	0	partial	84.6	11	13	medium	Protected branch and exact target/head evidence precede deletion or quarantine.	function:ed6b12e6d25a0ce683e10f17b8292553				no direct reverse call/type reference; inspect bodies
internal/worktrees/branches_pull_requests.go	BranchPullRequest	BranchPullRequest	struct		true	21	31	branch reconciliation/cleanup	internal/worktreebranches	none detected	none detected		0		0	0	n/a		0	0	low	Protected branch and exact target/head evidence precede deletion or quarantine.	struct:9f9b486e94a58919eeab6d8f14f64928				no direct reverse call/type reference; inspect bodies
internal/worktrees/branches_pull_requests.go	branchPullRequestEvidence	branchPullRequestEvidence	struct		false	33	38	branch reconciliation/cleanup	internal/worktreebranches	none detected	none detected		0		0	0	n/a		0	0	low	Protected branch and exact target/head evidence precede deletion or quarantine.	struct:a9e8791f47b663980b54e52f05b78fa8		internal/worktreeproof(1)		no direct reverse call/type reference; inspect bodies
internal/worktrees/branches_pull_requests.go	decorateRemoteBranchPullRequests	decorateRemoteBranchPullRequests	function		false	40	59	branch reconciliation/cleanup	internal/worktreebranches	none detected	global	exactBranchPullRequests; openBranchPullRequests	2		0	0	covered	100.0	13	13	low	Protected branch and exact target/head evidence precede deletion or quarantine.	function:7ea0231f8d5f08ea261094d13f9bc2d2				no direct reverse call/type reference; inspect bodies
internal/worktrees/branches_pull_requests.go	exactBranchPullRequests	exactBranchPullRequests	function		false	64	66	branch reconciliation/cleanup	internal/worktreebranches	none detected	global,network	branchPullRequestsForHeadState	1		0	0	covered	100.0	1	1	low	Protected branch and exact target/head evidence precede deletion or quarantine.	function:7e90eefdeb3e687f9695c3a310bd9201				no direct reverse call/type reference; inspect bodies
internal/worktrees/branches_pull_requests.go	openBranchPullRequests	openBranchPullRequests	function		false	68	70	branch reconciliation/cleanup	internal/worktreebranches	none detected	global,network	branchPullRequestsForHeadState	1		0	0	covered	100.0	1	1	low	Protected branch and exact target/head evidence precede deletion or quarantine.	function:810384c4f4f606722821e37659da274b				no direct reverse call/type reference; inspect bodies
internal/worktrees/branches_pull_requests.go	branchPullRequestsForHeadState	branchPullRequestsForHeadState	function		false	72	140	branch reconciliation/cleanup	internal/worktreebranches	global	global,network	queryBranchPullRequests(2)	2		0	0	covered	100.0	44	44	medium	Protected branch and exact target/head evidence precede deletion or quarantine.	function:18eaa294691415cb71a40f88f787e96a				no direct reverse call/type reference; inspect bodies
internal/worktrees/branches_pull_requests.go	queryBranchPullRequests	queryBranchPullRequests	function		false	142	168	branch reconciliation/cleanup	internal/worktreebranches	global,network	global,network		0		0	0	covered	100.0	20	20	medium	Protected branch and exact target/head evidence precede deletion or quarantine.	function:11b4e42a476655fb58b37db601095b1f		internal/worktreelayout(1)		no direct reverse call/type reference; inspect bodies
internal/worktrees/branches_quarantine.go	BranchQuarantineOptions	BranchQuarantineOptions	struct		true	26	36	branch reconciliation/cleanup	internal/worktreebranches	none detected	none detected		0	cmd/wb/branch.go [instantiates]	1	1	n/a		0	0	medium	Protected branch and exact target/head evidence precede deletion or quarantine.	struct:25ef138f8d7d69108e7a77ef3296404a		internal/worktreeclaims(1)		no direct reverse call/type reference; inspect bodies
internal/worktrees/branches_quarantine.go	BranchQuarantineManifest	BranchQuarantineManifest	struct		true	38	40	branch reconciliation/cleanup	internal/worktreebranches	none detected	none detected		0		0	0	n/a		0	0	low	Protected branch and exact target/head evidence precede deletion or quarantine.	struct:a89f36f740774cce30c7ab68b549f9e3				no direct reverse call/type reference; inspect bodies
internal/worktrees/branches_quarantine.go	BranchQuarantineRequest	BranchQuarantineRequest	struct		true	41	46	branch reconciliation/cleanup	internal/worktreebranches	none detected	none detected		0		0	0	n/a		0	0	low	Protected branch and exact target/head evidence precede deletion or quarantine.	struct:13581c5df4d79147b4bac7e4abcbc923				no direct reverse call/type reference; inspect bodies
internal/worktrees/branches_quarantine.go	BranchQuarantineResult	BranchQuarantineResult	struct		true	47	52	branch reconciliation/cleanup	internal/worktreebranches	none detected	none detected		0		0	0	n/a		0	0	low	Protected branch and exact target/head evidence precede deletion or quarantine.	struct:10fac03061e1e29143e541fc79e81400				no direct reverse call/type reference; inspect bodies
internal/worktrees/branches_quarantine.go	BranchQuarantineOutcome	BranchQuarantineOutcome	struct		true	53	58	branch reconciliation/cleanup	internal/worktreebranches	none detected	none detected		0		0	0	n/a		0	0	low	Protected branch and exact target/head evidence precede deletion or quarantine.	struct:516f6f255da2e4aa70d954ac30888bf3				no direct reverse call/type reference; inspect bodies
internal/worktrees/branches_quarantine.go	BranchQuarantine	BranchQuarantine	function		true	60	136	branch reconciliation/cleanup	internal/worktreebranches	none detected	filesystem,git,global	writeQuarantineReport(3); quarantineRequests; quarantineRepositoryPaths; planBranchQuarantine; validateBranchCleanupReportDir; reserveQuarantineReportDir; applyBranchQuarantine; absoluteProjectsRoot	10	cmd/wb/branch.go [calls]	1	1	partial	78.0	39	50	medium	Protected branch and exact target/head evidence precede deletion or quarantine. Cross-domain calls: layout/discovery.	function:2f0b05e1b28bbfa444c6ab7b618258e4				no direct reverse call/type reference; inspect bodies
internal/worktrees/branches_quarantine.go	reserveQuarantineReportDir	reserveQuarantineReportDir	function		false	141	153	branch reconciliation/cleanup	internal/worktreebranches	filesystem	filesystem	syncDirectoryAndAncestors; syncDirectory	2		0	0	partial	75.0	6	8	low	Protected branch and exact target/head evidence precede deletion or quarantine.	function:72f8aac71adb34ac4744e8bfc835417d				no direct reverse call/type reference; inspect bodies
internal/worktrees/branches_quarantine.go	quarantineRequests	quarantineRequests	function		false	155	186	branch reconciliation/cleanup	internal/worktreebranches	filesystem,global	filesystem,global,process	validateQuarantineRequests(2)	2		0	0	covered	100.0	21	21	medium	Protected branch and exact target/head evidence precede deletion or quarantine.	function:025ece8f240cbf8c83790d2fe3ab8920				no direct reverse call/type reference; inspect bodies
internal/worktrees/branches_quarantine.go	validateQuarantineRequests	validateQuarantineRequests	function		false	188	221	branch reconciliation/cleanup	internal/worktreebranches	none detected	filesystem,process	validRepositorySegment(2); isRetiredBranch; branchValidationError; isGitObjectID	5		0	0	covered	100.0	23	23	medium	Protected branch and exact target/head evidence precede deletion or quarantine. Cross-domain calls: git subprocess/cache, layout/discovery.	function:952a2cf0bf7b097b795a12daea432e0e				no direct reverse call/type reference; inspect bodies
internal/worktrees/branches_quarantine.go	quarantineRepositoryPaths	quarantineRepositoryPaths	function		false	223	238	branch reconciliation/cleanup	internal/worktreebranches	none detected	none detected	discoverBranchRepositories	1		0	0	partial	90.0	9	10	low	Protected branch and exact target/head evidence precede deletion or quarantine.	function:7d3d955f38efd607b182fcbf0f288df4				no direct reverse call/type reference; inspect bodies
internal/worktrees/branches_quarantine.go	branchQuarantinePlanOps	branchQuarantinePlanOps	struct		false	242	249	branch reconciliation/cleanup	internal/worktreebranches	none detected	none detected		0		0	0	n/a		0	0	low	Protected branch and exact target/head evidence precede deletion or quarantine.	struct:3a0a4e8da3b3856971360544b5f81841		internal/worktreeproof(1); internal/worktreelayout(1)		no direct reverse call/type reference; inspect bodies
internal/worktrees/branches_quarantine.go	realBranchQuarantineOps	realBranchQuarantineOps	function		false	251	257	branch reconciliation/cleanup	internal/worktreebranches	none detected	none detected		0		0	0	covered	100.0	1	1	low	Protected branch and exact target/head evidence precede deletion or quarantine.	function:a5da7a50ab1777fc06eed4f8802ee431				no direct reverse call/type reference; inspect bodies
internal/worktrees/branches_quarantine.go	planBranchQuarantine	planBranchQuarantine	function		false	259	261	branch reconciliation/cleanup	internal/worktreebranches	none detected	git	planBranchQuarantineWithOps; realBranchQuarantineOps	2		0	0	covered	100.0	1	1	low	Protected branch and exact target/head evidence precede deletion or quarantine.	function:a81206cfc24be3f6c58f23524b98404d				no direct reverse call/type reference; inspect bodies
internal/worktrees/branches_quarantine.go	planBranchQuarantineWithOps	planBranchQuarantineWithOps	function		false	263	278	branch reconciliation/cleanup	internal/worktreebranches	git	git	inspectBranchQuarantineCandidate; retiredBranchDestination	2		0	0	covered	100.0	12	12	low	Protected branch and exact target/head evidence precede deletion or quarantine.	function:f1bda881cdbe9107b0852c25fc9d2d8c				no direct reverse call/type reference; inspect bodies
internal/worktrees/branches_quarantine.go	retiredBranchDestination	retiredBranchDestination	function		false	282	290	branch reconciliation/cleanup	internal/worktreebranches	none detected	none detected	shortSHA	1		0	0	partial	83.3	5	6	low	Protected branch and exact target/head evidence precede deletion or quarantine.	function:c2c7e2f84d647b6bb7a9f4d98dc82468				no direct reverse call/type reference; inspect bodies
internal/worktrees/branches_quarantine.go	applyBranchQuarantine	applyBranchQuarantine	function		false	292	294	branch reconciliation/cleanup	internal/worktreebranches	none detected	git	applyBranchQuarantineWithOps; realBranchQuarantineOps	2		0	0	covered	100.0	1	1	low	Protected branch and exact target/head evidence precede deletion or quarantine.	function:2c1379158ad9506d0f7cf07aa174a6ee				no direct reverse call/type reference; inspect bodies
internal/worktrees/branches_quarantine.go	applyBranchQuarantineWithOps	applyBranchQuarantineWithOps	function		false	296	308	branch reconciliation/cleanup	internal/worktreebranches	none detected	git	inspectBranchQuarantineCandidate	1		0	0	covered	100.0	9	9	low	Protected branch and exact target/head evidence precede deletion or quarantine.	function:e4a0c5cb6d0d8be40e8b6fad4490e42b				no direct reverse call/type reference; inspect bodies
internal/worktrees/branches_quarantine.go	inspectBranchQuarantineCandidate	inspectBranchQuarantineCandidate	function		false	310	386	branch reconciliation/cleanup	internal/worktreebranches	git	git	shortSHA(4); branchQuarantineClaimRefusal(2); isProtectedBranch; matchingPullRequests	8		0	0	covered	100.0	48	48	medium	Protected branch and exact target/head evidence precede deletion or quarantine. Cross-domain calls: landing/merge receipts.	function:59436c5faaad29535103503ff3dfdbd0				no direct reverse call/type reference; inspect bodies
internal/worktrees/branches_quarantine.go	branchQuarantineClaimRefusal	branchQuarantineClaimRefusal	function		false	388	400	branch reconciliation/cleanup	internal/worktreebranches	none detected	none detected	branchInUseKey	1		0	0	covered	100.0	8	8	low	Protected branch and exact target/head evidence precede deletion or quarantine.	function:a08e3d3462e5132afb4688b0757c15d6				no direct reverse call/type reference; inspect bodies
internal/worktrees/branches_quarantine.go	openPullRequestUsingBranchAsBase	openPullRequestUsingBranchAsBase	function		false	402	418	branch reconciliation/cleanup	internal/worktreebranches	global,network	global,network		0		0	0	covered	100.0	11	11	medium	Protected branch and exact target/head evidence precede deletion or quarantine.	function:d48ce399d71864257e3c0e9725349e85		internal/worktreeproof(1)		no direct reverse call/type reference; inspect bodies
internal/worktrees/branches_quarantine.go	atomicLocalBranchRename	atomicLocalBranchRename	function		false	420	428	branch reconciliation/cleanup	internal/worktreebranches	process	process		0		0	0	covered	100.0	6	6	low	Protected branch and exact target/head evidence precede deletion or quarantine.	function:cc6412f43ae4bb826f55da96da86a543				no direct reverse call/type reference; inspect bodies
internal/worktrees/branches_quarantine.go	writeQuarantineReport	writeQuarantineReport	function		false	430	432	branch reconciliation/cleanup	internal/worktreebranches	none detected	filesystem	writeQuarantineReportInjected	1		0	0	covered	100.0	1	1	low	Protected branch and exact target/head evidence precede deletion or quarantine.	function:5d9e09418efe05e44b73db538c0cd254				no direct reverse call/type reference; inspect bodies
internal/worktrees/branches_quarantine.go	writeQuarantineReportInjected	writeQuarantineReportInjected	function		false	442	468	branch reconciliation/cleanup	internal/worktreebranches	filesystem	filesystem	syncDirectory	1		0	0	partial	94.7	18	19	low	Protected branch and exact target/head evidence precede deletion or quarantine.	function:0343c29c115122fed6bf662c41c5346f				no direct reverse call/type reference; inspect bodies
internal/worktrees/branches_quarantine.go	QuarantineManifestDigest	QuarantineManifestDigest	function		true	470	477	branch reconciliation/cleanup	internal/worktreebranches	filesystem	filesystem		0		0	0	covered	100.0	5	5	low	Protected branch and exact target/head evidence precede deletion or quarantine.	function:623fef677700d361a2d2efc34df105f9				no direct reverse call/type reference; inspect bodies
internal/worktrees/branches_supersession.go	supersessionFileSHA256	supersessionFileSHA256	function		false	11	13	branch reconciliation/cleanup	internal/worktreebranches	none detected	filesystem	fileSHA256	1		0	0	covered	100.0	1	1	low	Protected branch and exact target/head evidence precede deletion or quarantine.	function:24aba7971837674d79b07e75c4564233				no direct reverse call/type reference; inspect bodies
internal/worktrees/branches_supersession.go	fileSHA256	fileSHA256	function		false	15	26	branch reconciliation/cleanup	internal/worktreebranches	filesystem	filesystem		0		0	0	partial	88.9	8	9	low	Protected branch and exact target/head evidence precede deletion or quarantine.	function:9731ade17237799adc3250684c52f8bd				no direct reverse call/type reference; inspect bodies
internal/worktrees/busyprocess_linux.go	selfAndAncestorPIDs	selfAndAncestorPIDs	function		false	22	34	process/lock probes	internal/worktreeclaims	none detected	filesystem	readPPID	1		0	0	partial	88.9	8	9	low	PID liveness and platform process checks protect lock reclaim decisions.	function:310c0aca5ee3d57549494962943b4490				no direct reverse call/type reference; inspect bodies
internal/worktrees/busyprocess_linux.go	readPPID	readPPID	function		false	40	59	process/lock probes	internal/worktreeclaims	filesystem	filesystem		0		0	0	partial	71.4	10	14	low	PID liveness and platform process checks protect lock reclaim decisions.	function:45529fbb073e870868d10bb2bb8e6db6				no direct reverse call/type reference; inspect bodies
internal/worktrees/busyprocess_linux.go	BusyProcessReason	BusyProcessReason	function		true	74	116	process/lock probes	internal/worktreeclaims	filesystem	filesystem	selfAndAncestorPIDs	1		0	0	partial	89.3	25	28	low	PID liveness and platform process checks protect lock reclaim decisions.	function:8559aa18a161ade0398b190253cb91a2				no direct reverse call/type reference; inspect bodies
internal/worktrees/busyprocess_other.go	BusyProcessReason	BusyProcessReason	function		true	12	12	process/lock probes	internal/worktreeclaims	none detected	none detected		0		0	0	not in BASE profile		0	0	low	PID liveness and platform process checks protect lock reclaim decisions.	function:a72f3331ac163f431c39bc2a88b8910c				no direct reverse call/type reference; inspect bodies
internal/worktrees/canonical_freshness.go	CanonicalFreshness	CanonicalFreshness	struct		true	27	39	layout/discovery	internal/worktreelayout	none detected	none detected		0	cmd/wb/worktree.go [references]	1	1	n/a		0	0	medium	Canonical paths, no-follow walk, placement policy, and owner coordinates must agree.	struct:e5bb298bbebba4d10a2b71942dd1b911				no direct reverse call/type reference; inspect bodies
internal/worktrees/canonical_freshness.go	inspectCanonicalFreshness	inspectCanonicalFreshness	function		false	45	47	layout/discovery	internal/worktreelayout	none detected	network	inspectCanonicalFreshnessWith	1		0	0	covered	100.0	1	1	low	Canonical paths, no-follow walk, placement policy, and owner coordinates must agree.	function:bf62a83fab2bbd7aff0089dd237fdb14				no direct reverse call/type reference; inspect bodies
internal/worktrees/canonical_freshness.go	canonicalFreshnessGit	canonicalFreshnessGit	type		false	49	49	layout/discovery	internal/worktreelayout	none detected	none detected		0		0	0	n/a		0	0	low	Canonical paths, no-follow walk, placement policy, and owner coordinates must agree.	type_alias:adffbee1479f37c5229a7558fd325819				no direct reverse call/type reference; inspect bodies
internal/worktrees/canonical_freshness.go	inspectCanonicalFreshnessWith	inspectCanonicalFreshnessWith	function		false	51	147	layout/discovery	internal/worktreelayout	network	network		0		0	0	covered	100.0	74	74	medium	Canonical paths, no-follow walk, placement policy, and owner coordinates must agree.	function:e1e4996f6b954a26ade510e023a473ab				no direct reverse call/type reference; inspect bodies
internal/worktrees/checkpoint_remote.go	CheckpointRemoteRef	CheckpointRemoteRef	function		true	41	50	landing/merge receipts	internal/worktreelanding	none detected	none detected	validSafeSegment	1		0	0	covered	100.0	6	6	medium	Receipt identity, target SHA, source SHA, and PR evidence must be corroborated. Cross-domain calls: layout/discovery.	function:4d34e89cb686f0d95598bc0465b1aa53				no direct reverse call/type reference; inspect bodies
internal/worktrees/checkpoint_remote.go	RemoteCheckpointResult	RemoteCheckpointResult	struct		true	56	61	landing/merge receipts	internal/worktreelanding	none detected	none detected		0		0	0	n/a		0	0	low	Receipt identity, target SHA, source SHA, and PR evidence must be corroborated.	struct:8bb6d97ed6fc54d6d2d0c515bf1bec43				no direct reverse call/type reference; inspect bodies
internal/worktrees/checkpoint_remote.go	PushRemoteCheckpointOptions	PushRemoteCheckpointOptions	struct		true	64	72	landing/merge receipts	internal/worktreelanding	none detected	none detected		0		0	0	n/a		0	0	low	Receipt identity, target SHA, source SHA, and PR evidence must be corroborated.	struct:e41377e3cea3cd8dc203e8322fc6d4f9				no direct reverse call/type reference; inspect bodies
internal/worktrees/checkpoint_remote.go	PushRemoteCheckpoint	PushRemoteCheckpoint	function		true	79	94	landing/merge receipts	internal/worktreelanding	git,network	git,global,network,process	CheckpointRemoteRef; isGitObjectID; git	3		0	0	partial	90.9	10	11	high	Receipt identity, target SHA, source SHA, and PR evidence must be corroborated. Cross-domain calls: branch reconciliation/cleanup, git subprocess/cache.	function:ff10e41d0fae297fdc25b2042c902e96				no direct reverse call/type reference; inspect bodies
internal/worktrees/checkpoint_remote.go	FetchRemoteCheckpointOptions	FetchRemoteCheckpointOptions	struct		true	97	104	landing/merge receipts	internal/worktreelanding	none detected	none detected		0	cmd/wb/worktree.go [instantiates]	1	1	n/a		0	0	medium	Receipt identity, target SHA, source SHA, and PR evidence must be corroborated.	struct:18783170ac8a8a1214e4b47ecfcba15c				no direct reverse call/type reference; inspect bodies
internal/worktrees/checkpoint_remote.go	RemoteCheckpointFetchResult	RemoteCheckpointFetchResult	struct		true	107	112	landing/merge receipts	internal/worktreelanding	none detected	none detected		0		0	0	n/a		0	0	low	Receipt identity, target SHA, source SHA, and PR evidence must be corroborated.	struct:cdd8e03e98b6ca3b81f1944a9f11d725				no direct reverse call/type reference; inspect bodies
internal/worktrees/checkpoint_remote.go	FetchRemoteCheckpoint	FetchRemoteCheckpoint	function		true	119	134	landing/merge receipts	internal/worktreelanding	git,network	git,global,network,process	git(2); CheckpointRemoteRef; isGitObjectID	4	cmd/wb/worktree.go [calls]	1	1	partial	81.8	9	11	high	Receipt identity, target SHA, source SHA, and PR evidence must be corroborated. Cross-domain calls: branch reconciliation/cleanup, git subprocess/cache.	function:9609f3e2b58e996e9bd5e7c9967ce02d				no direct reverse call/type reference; inspect bodies
internal/worktrees/claim_pull_request.go	ClaimPullRequestBinding	ClaimPullRequestBinding	struct		true	23	28	claims/locks/worklogs	internal/worktreeclaims	none detected	none detected		0	internal/orchestrate/pr_create.go [instantiates]	1	1	n/a		0	0	medium	Claim identity, immutable journal/terminal records, lock ownership, and projections must remain atomic.	struct:a738975dd9503613c0864b22b07346d6		internal/worktreeproof(1)		no direct reverse call/type reference; inspect bodies
internal/worktrees/claim_pull_request.go	RecordClaimPullRequestBinding	RecordClaimPullRequestBinding	function		true	41	64	claims/locks/worklogs	internal/worktreeclaims	filesystem	filesystem,global	activeWorkLogClaim	1	internal/orchestrate/pr_create.go [calls]	1	1	partial	68.8	11	16	medium	Claim identity, immutable journal/terminal records, lock ownership, and projections must remain atomic.	function:d0503900751cbaf1b7577cffb9387a57				no direct reverse call/type reference; inspect bodies
internal/worktrees/claim_pull_request.go	RegisteredPullRequestBinding	RegisteredPullRequestBinding	struct		true	71	78	claims/locks/worklogs	internal/worktreeclaims	none detected	none detected		0	internal/prwatch/watch.go [references]	4	1	n/a		0	0	medium	Claim identity, immutable journal/terminal records, lock ownership, and projections must remain atomic.	struct:8e71933b22405b4b4788911a97167bc5		internal/worktreeproof(1)		no direct reverse call/type reference; inspect bodies
internal/worktrees/claim_pull_request.go	ListRegisteredPullRequestBindings	ListRegisteredPullRequestBindings	function		true	91	120	claims/locks/worklogs	internal/worktreeclaims	none detected	filesystem,global	listRegisteredPullRequestBindingsInHome	1	internal/prwatch/watch.go [calls]	1	1	partial	66.7	14	21	medium	Claim identity, immutable journal/terminal records, lock ownership, and projections must remain atomic.	function:0358ab60699e537317923cc19e4e0419				no direct reverse call/type reference; inspect bodies
internal/worktrees/claim_pull_request.go	listRegisteredPullRequestBindingsInHome	listRegisteredPullRequestBindingsInHome	function		false	129	145	claims/locks/worklogs	internal/worktreeclaims	global	filesystem,global	walkActiveWorkLogClaims; readJSONAt	2		0	0	partial	88.9	8	9	medium	Claim identity, immutable journal/terminal records, lock ownership, and projections must remain atomic. Cross-domain calls: secure filesystem/storage.	function:82abc802aeb9ac8f8716ab67d7f9bc23				no direct reverse call/type reference; inspect bodies
internal/worktrees/cleanup_apply.go	remoteBranchDeletionGate	remoteBranchDeletionGate	struct		false	38	40	retirement/recovery/GC	internal/worktreeretire	none detected	none detected		0		0	0	n/a		0	0	low	Recoverable snapshots and durable receipts precede destructive local/remote cleanup.	struct:504c9905b9bf7fdc714498ba8ce7e470				no direct reverse call/type reference; inspect bodies
internal/worktrees/cleanup_apply.go	newRemoteBranchDeletionGate	newRemoteBranchDeletionGate	function		false	45	53	retirement/recovery/GC	internal/worktreeretire	none detected	none detected		0		0	0	partial	80.0	4	5	low	Recoverable snapshots and durable receipts precede destructive local/remote cleanup.	function:a366a9a52dce581616f10b028bdca5be				no direct reverse call/type reference; inspect bodies
internal/worktrees/cleanup_apply.go	enter	remoteBranchDeletionGate::enter	method	remoteBranchDeletionGate	false	61	67	retirement/recovery/GC	internal/worktreeretire	none detected	none detected		0		0	0	partial	80.0	4	5	low	Recoverable snapshots and durable receipts precede destructive local/remote cleanup.	method:09bd84cfeb442d3a6244a0e8de1a89d1				no direct reverse call/type reference; inspect bodies
internal/worktrees/cleanup_apply.go	cleanupApplyEntry	cleanupApplyEntry	struct		false	77	92	retirement/recovery/GC	internal/worktreeretire	none detected	none detected		0		0	0	n/a		0	0	low	Recoverable snapshots and durable receipts precede destructive local/remote cleanup.	struct:1a51149c3d37cf6ee9b25acc303fa4d2				no direct reverse call/type reference; inspect bodies
internal/worktrees/cleanup_apply.go	planCleanupApply	planCleanupApply	function		false	95	133	retirement/recovery/GC	internal/worktreeretire	none detected	none detected	cleanupTaskKey(2); cleanupTaskSelections; cleanupTaskCanApply; cleanupTaskHasEligibleWorktree; logicalCleanupTaskKey	6		0	0	covered	100.0	29	29	medium	Recoverable snapshots and durable receipts precede destructive local/remote cleanup. Cross-domain calls: branch reconciliation/cleanup.	function:83796f8e5a60855e792e044f746844c2				no direct reverse call/type reference; inspect bodies
internal/worktrees/cleanup_apply.go	acquireRepositoryWriteLocks	acquireRepositoryWriteLocks	function		false	147	159	retirement/recovery/GC	internal/worktreeretire	global	global	cloneLocks::get	1		0	0	covered	100.0	8	8	medium	Recoverable snapshots and durable receipts precede destructive local/remote cleanup. Cross-domain calls: layout/discovery.	function:5aafca06180a7890d4f2462e01717e85		internal/worktreelayout(1)		no direct reverse call/type reference; inspect bodies
internal/worktrees/cleanup_apply.go	runCleanupApply	runCleanupApply	function		false	167	213	retirement/recovery/GC	internal/worktreeretire	global	global	acquireRepositoryWriteLocks(2); repositoryRegistrationLock::release(2)	4		0	0	partial	96.6	28	29	medium	Recoverable snapshots and durable receipts precede destructive local/remote cleanup. Cross-domain calls: claims/locks/worklogs.	function:d75ef7ec3bdd24f663bb787772b783f8		internal/worktreelayout(1)		no direct reverse call/type reference; inspect bodies
internal/worktrees/clone_migrate.go	CloneMoveWorktree	CloneMoveWorktree	struct		true	21	25	shared orchestration	internal/worktrees	none detected	none detected		0		0	0	n/a		0	0	low	Keep transaction ordering, policy gates, and public API compatibility here.	struct:e27d6748632dead736555560f2b7232a				no direct reverse call/type reference; inspect bodies
internal/worktrees/clone_migrate.go	CloneMoveResult	CloneMoveResult	struct		true	29	33	shared orchestration	internal/worktrees	none detected	none detected		0	internal/layout/migrate.go [references]	1	1	n/a		0	0	medium	Keep transaction ordering, policy gates, and public API compatibility here.	struct:4409dd598b26738cd598daec74466ed3				no direct reverse call/type reference; inspect bodies
internal/worktrees/clone_migrate.go	PlanCloneMove	PlanCloneMove	function		true	39	51	shared orchestration	internal/worktrees	none detected	git,global,process	repositoryRelocateWorktrees	1	internal/layout/migrate.go [calls]	1	1	covered	100.0	7	7	medium	Keep transaction ordering, policy gates, and public API compatibility here.	function:84052bb9c4aed2bb9bccdd1629e041c8				no direct reverse call/type reference; inspect bodies
internal/worktrees/clone_migrate.go	ApplyCloneMove	ApplyCloneMove	function		true	69	105	shared orchestration	internal/worktrees	filesystem,git	filesystem,git,global,process	moveRenameDirectory(2); git(2); PlanCloneMove; VerifyClonePlacement	6		0	0	partial	72.4	21	29	medium	Keep transaction ordering, policy gates, and public API compatibility here. Cross-domain calls: git subprocess/cache.	function:39bb46a6098b66f1d6e66c1462f4a447				no direct reverse call/type reference; inspect bodies
internal/worktrees/clone_migrate.go	VerifyClonePlacement	VerifyClonePlacement	function		true	118	147	shared orchestration	internal/worktrees	filesystem	filesystem,global,process	gitRawOutput(3); worktreePathsFromPorcelain	4		0	0	partial	80.0	16	20	high	Keep transaction ordering, policy gates, and public API compatibility here. Cross-domain calls: claims/locks/worklogs, layout/discovery.	function:fb7c4d3f47d89763c9acb5f66995d232				no direct reverse call/type reference; inspect bodies
internal/worktrees/clone_migrate.go	ReconcileClonePlacement	ReconcileClonePlacement	function		true	180	220	shared orchestration	internal/worktrees	filesystem,git,global	filesystem,git,global,process	registeredWorktreePaths; rebaseUnderNewClone; readWorktreeCommonDir; VerifyClonePlacement; git	5		0	0	partial	79.3	23	29	medium	Keep transaction ordering, policy gates, and public API compatibility here. Cross-domain calls: git subprocess/cache.	function:f34a01ee4595bb59911d3a20525124c4				no direct reverse call/type reference; inspect bodies
internal/worktrees/clone_migrate.go	rebaseUnderNewClone	rebaseUnderNewClone	function		false	227	245	shared orchestration	internal/worktrees	filesystem	filesystem		0		0	0	partial	92.3	12	13	low	Keep transaction ordering, policy gates, and public API compatibility here.	function:9dd161a906749d8a939ad6db84082fd1				no direct reverse call/type reference; inspect bodies
internal/worktrees/clone_migrate.go	readWorktreeCommonDir	readWorktreeCommonDir	function		false	254	270	shared orchestration	internal/worktrees	filesystem	filesystem		0		0	0	covered	100.0	10	10	low	Keep transaction ordering, policy gates, and public API compatibility here.	function:89ada8ed12f490aa272488f246881dfc				no direct reverse call/type reference; inspect bodies
internal/worktrees/clone_migrate.go	registeredWorktreePaths	registeredWorktreePaths	function		false	274	287	shared orchestration	internal/worktrees	global	global,process	gitRawOutput; worktreePathsFromPorcelain	2		0	0	covered	100.0	9	9	medium	Keep transaction ordering, policy gates, and public API compatibility here. Cross-domain calls: claims/locks/worklogs, layout/discovery.	function:f014250f427f8b70f831d54fcf438a8c				no direct reverse call/type reference; inspect bodies
internal/worktrees/clone_migrate.go	cloneMoveRelocationEntry	cloneMoveRelocationEntry	struct		false	293	298	shared orchestration	internal/worktrees	none detected	none detected		0		0	0	n/a		0	0	low	Keep transaction ordering, policy gates, and public API compatibility here.	struct:2741bfa08f97d23660fe55126bf4054e		internal/worktreeclaims(1)		no direct reverse call/type reference; inspect bodies
internal/worktrees/clone_migrate.go	RecordCloneMoveRelocationIntents	RecordCloneMoveRelocationIntents	function		true	328	356	shared orchestration	internal/worktrees	global	filesystem,global	claimForRelocation; appendRelocationIntent	2	internal/layout/migrate.go [calls]	1	1	partial	85.0	17	20	medium	Keep transaction ordering, policy gates, and public API compatibility here.	function:4755f2837ce242aca7d6258ac723d7f3				no direct reverse call/type reference; inspect bodies
internal/worktrees/clone_migrate.go	FinalizeCloneMoveRelocationReceipts	FinalizeCloneMoveRelocationReceipts	function		true	365	372	shared orchestration	internal/worktrees	none detected	filesystem,git,global,network	appendRelocationReceipt	1	internal/layout/migrate.go [calls]	1	1	partial	75.0	3	4	medium	Keep transaction ordering, policy gates, and public API compatibility here.	function:f98b24daa83875c23d979f08da034b56				no direct reverse call/type reference; inspect bodies
internal/worktrees/clone_migrate.go	GitOperationInProgress	GitOperationInProgress	function		true	380	399	shared orchestration	internal/worktrees	filesystem,git	filesystem,git,global,process	git	1		0	0	covered	100.0	10	10	medium	Keep transaction ordering, policy gates, and public API compatibility here. Cross-domain calls: git subprocess/cache.	function:46b32f1624129269b2e1866f9cad1eab				no direct reverse call/type reference; inspect bodies
internal/worktrees/directory_removal_darwin.go	directoryDescriptorWasRemovedAt	directoryDescriptorWasRemovedAt	function		false	15	34	secure filesystem/storage	internal/worktreesecure	filesystem,global	filesystem,global		0		0	0	not in BASE profile		0	0	medium	No-follow descriptor identity and fail-closed path containment guard mutations.	function:2e400dc8a3e3e049a1a2baa9c5738e9b				no direct reverse call/type reference; inspect bodies
internal/worktrees/directory_removal_linux.go	directoryDescriptorWasRemovedAt	directoryDescriptorWasRemovedAt	function		false	11	17	secure filesystem/storage	internal/worktreesecure	filesystem,global	filesystem,global		0		0	0	partial	75.0	3	4	medium	No-follow descriptor identity and fail-closed path containment guard mutations.	function:c7a0dbd8520a34e97265eb5775c8d6d1				no direct reverse call/type reference; inspect bodies
internal/worktrees/dirty_capture.go	DirtyWorktreeEvidence	DirtyWorktreeEvidence	struct		true	30	34	retirement/recovery/GC	internal/worktreeretire	none detected	none detected		0		0	0	n/a		0	0	low	Recoverable snapshots and durable receipts precede destructive local/remote cleanup. Keep capture DTO, collection, and publication in retirement; manifest embeds DirtyWorktreeEvidence.	struct:5c52c5350c21de457da3bc9758d904c3				no direct reverse call/type reference; inspect bodies
internal/worktrees/dirty_capture.go	dirtyCaptureEntry	dirtyCaptureEntry	struct		false	36	43	retirement/recovery/GC	internal/worktreeretire	none detected	none detected		0		0	0	n/a		0	0	low	Recoverable snapshots and durable receipts precede destructive local/remote cleanup. Keep capture DTO, collection, and publication in retirement; manifest embeds DirtyWorktreeEvidence.	struct:094c5201fd1a600515c97ad1492303c6				no direct reverse call/type reference; inspect bodies
internal/worktrees/dirty_capture.go	dirtyCaptureManifest	dirtyCaptureManifest	struct		false	45	49	retirement/recovery/GC	internal/worktreeretire	none detected	none detected		0		0	0	n/a		0	0	low	Recoverable snapshots and durable receipts precede destructive local/remote cleanup. Keep capture DTO, collection, and publication in retirement; manifest embeds DirtyWorktreeEvidence.	struct:ad2d5757de26f5cdd284584a354e005a				no direct reverse call/type reference; inspect bodies
internal/worktrees/dirty_capture.go	dirtyCaptureMaterial	dirtyCaptureMaterial	struct		false	51	54	retirement/recovery/GC	internal/worktreeretire	none detected	none detected		0		0	0	n/a		0	0	low	Recoverable snapshots and durable receipts precede destructive local/remote cleanup. Keep capture DTO, collection, and publication in retirement; manifest embeds DirtyWorktreeEvidence.	struct:95b72ce21c650ebec292eabe886fb2af		internal/worktreeclaims(1)		no direct reverse call/type reference; inspect bodies
internal/worktrees/dirty_capture.go	dirtyWorktreeEvidence	dirtyWorktreeEvidence	function		false	56	62	retirement/recovery/GC	internal/worktreeretire	none detected	filesystem,git,global	collectDirtyCapture	1		0	0	covered	100.0	4	4	low	Recoverable snapshots and durable receipts precede destructive local/remote cleanup. Keep capture DTO, collection, and publication in retirement; manifest embeds DirtyWorktreeEvidence.	function:e7a3283687b9423303694be0579978e4				no direct reverse call/type reference; inspect bodies
internal/worktrees/dirty_capture.go	collectDirtyCapture	collectDirtyCapture	function		false	67	93	retirement/recovery/GC	internal/worktreeretire	global	filesystem,git,global	dirtyCaptureDigest(2); dirtyCapturePaths; readDirtyCaptureEntry	4		0	0	partial	95.2	20	21	low	Recoverable snapshots and durable receipts precede destructive local/remote cleanup. Keep capture DTO, collection, and publication in retirement; manifest embeds DirtyWorktreeEvidence.	function:7e6c2153d8cce3d80fb8ff7aa3fed32e				no direct reverse call/type reference; inspect bodies
internal/worktrees/dirty_capture.go	dirtyCapturePaths	dirtyCapturePaths	function		false	95	124	retirement/recovery/GC	internal/worktreeretire	git	git,global,process	git(2); dirtyCapturePath	3		0	0	partial	81.0	17	21	medium	Recoverable snapshots and durable receipts precede destructive local/remote cleanup. Cross-domain calls: git subprocess/cache. Keep capture DTO, collection, and publication in retirement; manifest embeds DirtyWorktreeEvidence.	function:f514d89ac8d13e1e8c4c60c198d6c7d7				no direct reverse call/type reference; inspect bodies
internal/worktrees/dirty_capture.go	dirtyCapturePath	dirtyCapturePath	function		false	126	136	retirement/recovery/GC	internal/worktreeretire	none detected	none detected		0		0	0	covered	100.0	7	7	low	Recoverable snapshots and durable receipts precede destructive local/remote cleanup. Keep capture DTO, collection, and publication in retirement; manifest embeds DirtyWorktreeEvidence.	function:622f4247b310048b3fdb2aa34f610551				no direct reverse call/type reference; inspect bodies
internal/worktrees/dirty_capture.go	readDirtyCaptureEntry	readDirtyCaptureEntry	function		false	138	179	retirement/recovery/GC	internal/worktreeretire	filesystem	filesystem	dirtyCaptureBlobName(2); readDirtyFileNoFollow	3		0	0	partial	86.7	26	30	medium	Recoverable snapshots and durable receipts precede destructive local/remote cleanup. Cross-domain calls: secure filesystem/storage. Keep capture DTO, collection, and publication in retirement; manifest embeds DirtyWorktreeEvidence.	function:78c1305e33ef3bc6a36d70d5b67a9605				no direct reverse call/type reference; inspect bodies
internal/worktrees/dirty_capture.go	readDirtyFileNoFollow	readDirtyFileNoFollow	function		false	181	200	secure filesystem/storage	internal/worktreesecure	filesystem	filesystem		0		0	0	partial	66.7	10	15	low	No-follow descriptor identity and fail-closed path containment guard mutations.	function:f266ae8b769729d615afb2d5fa66e87d				no direct reverse call/type reference; inspect bodies
internal/worktrees/dirty_capture.go	dirtyCaptureDigest	dirtyCaptureDigest	function		false	202	208	retirement/recovery/GC	internal/worktreeretire	none detected	none detected		0		0	0	covered	100.0	4	4	low	Recoverable snapshots and durable receipts precede destructive local/remote cleanup. Keep capture DTO, collection, and publication in retirement; manifest embeds DirtyWorktreeEvidence.	function:2d385b3507e51d312b0604cbb7ee7aef				no direct reverse call/type reference; inspect bodies
internal/worktrees/dirty_capture.go	dirtyCaptureBlobName	dirtyCaptureBlobName	function		false	210	212	retirement/recovery/GC	internal/worktreeretire	none detected	none detected		0		0	0	covered	100.0	1	1	low	Recoverable snapshots and durable receipts precede destructive local/remote cleanup. Keep capture DTO, collection, and publication in retirement; manifest embeds DirtyWorktreeEvidence.	function:af3416ba1f555de5a63ea03cb8860753				no direct reverse call/type reference; inspect bodies
internal/worktrees/dirty_capture.go	materializeDirtyCapture	materializeDirtyCapture	function		false	217	245	retirement/recovery/GC	internal/worktreeretire	filesystem	filesystem,global	openPrivateChild(2); writeBytesImmutableAt(2); validClaimID	5		0	0	partial	77.3	17	22	high	Recoverable snapshots and durable receipts precede destructive local/remote cleanup. Cross-domain calls: claims/locks/worklogs, secure filesystem/storage. Keep capture DTO, collection, and publication in retirement; manifest embeds DirtyWorktreeEvidence.	function:d3757ade3b02f7291410a0540c1e621d				no direct reverse call/type reference; inspect bodies
internal/worktrees/dirty_capture.go	captureAndPersistDirtyWorktree	captureAndPersistDirtyWorktree	function		false	247	272	retirement/recovery/GC	internal/worktreeretire	none detected	filesystem,git,global	collectDirtyCapture; dirtyCaptureMatches; dirtyCaptureChangedError; materializeDirtyCapture; readWorkLogProjectionForClaim; openWorkLogRun	6		0	0	partial	78.9	15	19	medium	Recoverable snapshots and durable receipts precede destructive local/remote cleanup. Cross-domain calls: claims/locks/worklogs. Keep capture DTO, collection, and publication in retirement; manifest embeds DirtyWorktreeEvidence.	function:c45b1a53fc3342d33b4018d5b9815c90				no direct reverse call/type reference; inspect bodies
internal/worktrees/dirty_capture.go	dirtyCaptureMatches	dirtyCaptureMatches	function		false	274	276	retirement/recovery/GC	internal/worktreeretire	none detected	none detected		0		0	0	covered	100.0	1	1	low	Recoverable snapshots and durable receipts precede destructive local/remote cleanup. Keep capture DTO, collection, and publication in retirement; manifest embeds DirtyWorktreeEvidence.	function:a7e6682841b88d28fdeaa3f1b6ecc7a2				no direct reverse call/type reference; inspect bodies
internal/worktrees/dirty_capture.go	dirtyCaptureChangedError	dirtyCaptureChangedError	function		false	278	280	retirement/recovery/GC	internal/worktreeretire	none detected	none detected		0		0	0	covered	100.0	1	1	low	Recoverable snapshots and durable receipts precede destructive local/remote cleanup. Keep capture DTO, collection, and publication in retirement; manifest embeds DirtyWorktreeEvidence.	function:f8b612e2c74ffe16ef0049f93dae1cb4				no direct reverse call/type reference; inspect bodies
internal/worktrees/gc.go	GCOptions	GCOptions	struct		true	52	100	retirement/recovery/GC	internal/worktreeretire	none detected	none detected		0	cmd/wb/worktree_gc.go [instantiates]	1	1	n/a		0	0	medium	Recoverable snapshots and durable receipts precede destructive local/remote cleanup.	struct:679144e51441a940ffa7a38b67298d92		internal/worktreelayout(1)		no direct reverse call/type reference; inspect bodies
internal/worktrees/gc.go	GCEntry	GCEntry	struct		true	103	140	retirement/recovery/GC	internal/worktreeretire	none detected	none detected		0		0	0	n/a		0	0	low	Recoverable snapshots and durable receipts precede destructive local/remote cleanup.	struct:6486e95671ae5a3ef5c872dd773fca57		internal/worktreeproof(2)		no direct reverse call/type reference; inspect bodies
internal/worktrees/gc.go	GCOutcome	GCOutcome	struct		true	143	167	retirement/recovery/GC	internal/worktreeretire	none detected	none detected		0	cmd/wb/worktree_gc.go [references]	1	1	n/a		0	0	medium	Recoverable snapshots and durable receipts precede destructive local/remote cleanup.	struct:7cc7ac604a89863a0baade59503759d8		internal/worktreelayout(3)		no direct reverse call/type reference; inspect bodies
internal/worktrees/gc.go	GCPartialTask	GCPartialTask	struct		true	170	174	retirement/recovery/GC	internal/worktreeretire	none detected	none detected		0		0	0	n/a		0	0	low	Recoverable snapshots and durable receipts precede destructive local/remote cleanup.	struct:37412342aeb4211a47f7951a7a403ba8				no direct reverse call/type reference; inspect bodies
internal/worktrees/gc.go	GC	GC	function		true	185	302	retirement/recovery/GC	internal/worktreeretire	none detected	filesystem,global	withProjectsRoot; classifyForGC; sweepTaskShells; applyGC; retireEmptyUnscopedLocalStages; summarizeGC; ListWithDiagnostics; applySupersessionReceipt	9	cmd/wb/hooks_lifecycle.go [calls]; cmd/wb/worktree_gc.go [calls]	2	2	partial	91.4	53	58	high	Recoverable snapshots and durable receipts precede destructive local/remote cleanup. Cross-domain calls: branch reconciliation/cleanup, claims/locks/worklogs, layout/discovery, secure filesystem/storage.	function:dfd18329a9d1a6258dbce5e6afc642c9				no direct reverse call/type reference; inspect bodies
internal/worktrees/gc.go	classifyForGC	classifyForGC	function		false	307	419	retirement/recovery/GC	internal/worktreeretire	none detected	filesystem,global	resumeInterruptedCommand(2); shortSHA(2); renamedBranchWarning; worktreeManagement; dirtyResolution; lockedReason; checkoutIsInUse; inUseReason	18		0	0	partial	98.4	63	64	high	Recoverable snapshots and durable receipts precede destructive local/remote cleanup. Cross-domain calls: branch reconciliation/cleanup, claims/locks/worklogs, landing/merge receipts.	function:374ad7c7cd2ba6a05fb22bcab29f27e7	internal/worktrees(2)	internal/worktreelayout(1)		needs facade or injected port
internal/worktrees/gc.go	renamedBranchWarning	renamedBranchWarning	function		false	425	435	retirement/recovery/GC	internal/worktreeretire	none detected	filesystem,global	ReadManifest	1		0	0	partial	83.3	5	6	medium	Recoverable snapshots and durable receipts precede destructive local/remote cleanup. Cross-domain calls: claims/locks/worklogs.	function:9e41329c60991e5f313a629d6d41b9cd		internal/worktreelayout(1)		no direct reverse call/type reference; inspect bodies
internal/worktrees/gc.go	gcEvidence	gcEvidence	function		false	437	462	retirement/recovery/GC	internal/worktreeretire	none detected	none detected	shortSHA(4)	4		0	0	partial	94.1	16	17	medium	Recoverable snapshots and durable receipts precede destructive local/remote cleanup. Cross-domain calls: branch reconciliation/cleanup.	function:e415a401dd4d88bbbe1ef0ce9eb64868		internal/worktreelayout(1)		no direct reverse call/type reference; inspect bodies
internal/worktrees/gc.go	applyGC	applyGC	function		false	467	539	retirement/recovery/GC	internal/worktreeretire	none detected	filesystem,global	gcSweepReportDir; Cleanup	2		0	0	partial	67.7	21	31	medium	Recoverable snapshots and durable receipts precede destructive local/remote cleanup.	function:7e2c1ad70a75edf432f9604d51a6e90e				no direct reverse call/type reference; inspect bodies
internal/worktrees/gc.go	gcSweepReportDir	gcSweepReportDir	function		false	542	552	retirement/recovery/GC	internal/worktreeretire	none detected	none detected		0		0	0	partial	85.7	6	7	low	Recoverable snapshots and durable receipts precede destructive local/remote cleanup.	function:08044721e3a0c603e98b9f10c7f00b1e				no direct reverse call/type reference; inspect bodies
internal/worktrees/gc.go	summarizeGC	summarizeGC	function		false	554	591	retirement/recovery/GC	internal/worktreeretire	none detected	none detected		0		0	0	covered	100.0	20	20	low	Recoverable snapshots and durable receipts precede destructive local/remote cleanup.	function:be0095c460a8315d55433c444eb70573				no direct reverse call/type reference; inspect bodies
internal/worktrees/gc.go	Refused	GCOutcome::Refused	method	GCOutcome	true	595	595	retirement/recovery/GC	internal/worktreeretire	none detected	none detected		0	cmd/wb/worktree_gc.go [calls]	2	1	covered	100.0	1	1	medium	Recoverable snapshots and durable receipts precede destructive local/remote cleanup.	method:9686908ed9a1b9ff05d2a00565aebb6f				no direct reverse call/type reference; inspect bodies
internal/worktrees/gc.go	String	GCEntry::String	method	GCEntry	true	598	612	retirement/recovery/GC	internal/worktreeretire	none detected	none detected	humanAge; shortSHA	2	cmd/wb/worktree_gc.go [calls]	1	1	covered	100.0	8	8	medium	Recoverable snapshots and durable receipts precede destructive local/remote cleanup. Cross-domain calls: branch reconciliation/cleanup.	method:bf03bc69b6198db93134e5290c80a3f1				no direct reverse call/type reference; inspect bodies
internal/worktrees/gc.go	humanAge	humanAge	function		false	614	625	retirement/recovery/GC	internal/worktreeretire	none detected	none detected		0		0	0	covered	100.0	5	5	low	Recoverable snapshots and durable receipts precede destructive local/remote cleanup.	function:1a27d486965a5bfc59602819a9f5f7a8				no direct reverse call/type reference; inspect bodies
internal/worktrees/gc.go	detachedReviewReason	detachedReviewReason	function		false	630	639	retirement/recovery/GC	internal/worktreeretire	none detected	none detected	shortSHA	1		0	0	covered	100.0	4	4	medium	Recoverable snapshots and durable receipts precede destructive local/remote cleanup. Cross-domain calls: branch reconciliation/cleanup.	function:36ca6d5b47ce7cd5bf57beab3f5f409a		internal/worktreelayout(1)		no direct reverse call/type reference; inspect bodies
internal/worktrees/gc.go	residueDepthOrDefault	residueDepthOrDefault	function		false	641	646	retirement/recovery/GC	internal/worktreeretire	none detected	none detected		0		0	0	covered	100.0	3	3	low	Recoverable snapshots and durable receipts precede destructive local/remote cleanup.	function:5af94e676e1a66e5c934985a99018e07				no direct reverse call/type reference; inspect bodies
internal/worktrees/gc.go	worktreeManagement	worktreeManagement	function		false	663	680	retirement/recovery/GC	internal/worktreeretire	none detected	filesystem,global	ReadManifest	1		0	0	partial	83.3	5	6	medium	Recoverable snapshots and durable receipts precede destructive local/remote cleanup. Cross-domain calls: claims/locks/worklogs.	function:0131c29b039089e44ddfbc4149771a49				no direct reverse call/type reference; inspect bodies
internal/worktrees/gc.go	dirtyResolution	dirtyResolution	function		false	694	705	retirement/recovery/GC	internal/worktreeretire	none detected	none detected		0		0	0	covered	100.0	4	4	low	Recoverable snapshots and durable receipts precede destructive local/remote cleanup.	function:9a28f5468c3fe781a70d6e800f9a2e9a		internal/worktreelayout(1)		no direct reverse call/type reference; inspect bodies
internal/worktrees/gc.go	detachedUnknownResolution	detachedUnknownResolution	function		false	716	728	retirement/recovery/GC	internal/worktreeretire	none detected	none detected	shortSHA	1		0	0	partial	66.7	4	6	medium	Recoverable snapshots and durable receipts precede destructive local/remote cleanup. Cross-domain calls: branch reconciliation/cleanup.	function:b632d87d408e468aade6400763dcf8fb		internal/worktreelayout(1)		no direct reverse call/type reference; inspect bodies
internal/worktrees/gc.go	sweepTaskShells	sweepTaskShells	function		false	735	752	retirement/recovery/GC	internal/worktreeretire	none detected	filesystem,global	RetireTaskShells	1		0	0	partial	87.5	7	8	low	Recoverable snapshots and durable receipts precede destructive local/remote cleanup.	function:27fdb611f3b63e40bf97729fb045444e				no direct reverse call/type reference; inspect bodies
internal/worktrees/gc.go	checkoutIsInUse	checkoutIsInUse	function		false	767	789	retirement/recovery/GC	internal/worktreeretire	none detected	none detected		0		0	0	partial	88.9	8	9	low	Recoverable snapshots and durable receipts precede destructive local/remote cleanup.	function:097a79427e515d9656151963e561f91a		internal/worktreelayout(1)		no direct reverse call/type reference; inspect bodies
internal/worktrees/gc.go	inUseReason	inUseReason	function		false	793	800	retirement/recovery/GC	internal/worktreeretire	none detected	none detected	humanAge; activityAgeSeconds	2		0	0	covered	100.0	4	4	low	Recoverable snapshots and durable receipts precede destructive local/remote cleanup.	function:8e0afa24f132b1655e51a6decbefb231		internal/worktreelayout(1)		no direct reverse call/type reference; inspect bodies
internal/worktrees/gc.go	activityAgeSeconds	activityAgeSeconds	function		false	802	810	retirement/recovery/GC	internal/worktreeretire	none detected	none detected		0		0	0	partial	80.0	4	5	low	Recoverable snapshots and durable receipts precede destructive local/remote cleanup.	function:9157ce5201d98c86d6bd1a5f600393b4		internal/worktreelayout(1)		no direct reverse call/type reference; inspect bodies
internal/worktrees/gc.go	staleOwnerWarning	staleOwnerWarning	function		false	817	830	retirement/recovery/GC	internal/worktreeretire	none detected	none detected	checkoutIsInUse; humanAge; activityAgeSeconds	3		0	0	partial	80.0	4	5	low	Recoverable snapshots and durable receipts precede destructive local/remote cleanup.	function:7588ec90546c719c949f19c8876e66aa		internal/worktreelayout(1)		no direct reverse call/type reference; inspect bodies
internal/worktrees/gc_retired_stage_other.go	retireEmptyUnscopedLocalStages	retireEmptyUnscopedLocalStages	function		false	7	7	retirement/recovery/GC	internal/worktreeretire	none detected	none detected		0		0	0	not in BASE profile		0	0	low	Recoverable snapshots and durable receipts precede destructive local/remote cleanup.	function:fc9fba9b1ca43b74550ca5549290c11d		internal/worktreelayout(1)		no direct reverse call/type reference; inspect bodies
internal/worktrees/gc_retired_stage_unix.go	retireEmptyUnscopedLocalStages	retireEmptyUnscopedLocalStages	function		false	20	22	retirement/recovery/GC	internal/worktreeretire	none detected	filesystem,global	retireEmptyUnscopedLocalStagesWithHooks	1		0	0	covered	100.0	1	1	low	Recoverable snapshots and durable receipts precede destructive local/remote cleanup.	function:caa3456f6b668a7b4788794d04e910fe		internal/worktreelayout(1)		no direct reverse call/type reference; inspect bodies
internal/worktrees/gc_retired_stage_unix.go	retireEmptyUnscopedLocalStagesAfterAuthorization	retireEmptyUnscopedLocalStagesAfterAuthorization	function		false	24	26	retirement/recovery/GC	internal/worktreeretire	none detected	filesystem,global	retireEmptyUnscopedLocalStagesWithHooks	1		0	0	covered	100.0	1	1	low	Recoverable snapshots and durable receipts precede destructive local/remote cleanup.	function:e23de2d60658e393ce6f32354ff1e2ca		internal/worktreelayout(1)		no direct reverse call/type reference; inspect bodies
internal/worktrees/gc_retired_stage_unix.go	retireEmptyUnscopedLocalStagesWithHooks	retireEmptyUnscopedLocalStagesWithHooks	function		false	28	30	retirement/recovery/GC	internal/worktreeretire	none detected	filesystem,global	retireEmptyUnscopedLocalStagesWithBoundaryHooks	1		0	0	covered	100.0	1	1	low	Recoverable snapshots and durable receipts precede destructive local/remote cleanup.	function:739c67d88d65adce7a35d62c91cc1b10		internal/worktreelayout(1)		no direct reverse call/type reference; inspect bodies
internal/worktrees/gc_retired_stage_unix.go	gcRetiredStageHooks	gcRetiredStageHooks	struct		false	32	39	retirement/recovery/GC	internal/worktreeretire	none detected	none detected		0		0	0	n/a		0	0	low	Recoverable snapshots and durable receipts precede destructive local/remote cleanup.	struct:13733e283fbe5e2100d94a14a99ac74b				no direct reverse call/type reference; inspect bodies
internal/worktrees/gc_retired_stage_unix.go	retireEmptyUnscopedLocalStagesWithBoundaryHooks	retireEmptyUnscopedLocalStagesWithBoundaryHooks	function		false	41	166	retirement/recovery/GC	internal/worktreeretire	filesystem,global	filesystem,global	directoryStillMatches(2); directoryEmpty(2); directoryEntryStillMatches(2); isRetiredWorktreeStagingDirectory; openAbsoluteDirectoryNoFollow; openDirectoryAtNoFollow; moveEmptyRetiredStageForGC; directoryDescriptorWasRemovedAt	11		0	0	covered	100.0	97	97	high	Recoverable snapshots and durable receipts precede destructive local/remote cleanup. Cross-domain calls: layout/discovery, secure filesystem/storage.	function:0f828acc9a1783c1808a8b52f3ad73d0		internal/worktreelayout(1)		no direct reverse call/type reference; inspect bodies
internal/worktrees/gc_retired_stage_unix.go	moveEmptyRetiredStageForGC	moveEmptyRetiredStageForGC	function		false	168	170	retirement/recovery/GC	internal/worktreeretire	none detected	global	moveEmptyRetiredStageForGCWith	1		0	0	covered	100.0	1	1	low	Recoverable snapshots and durable receipts precede destructive local/remote cleanup.	function:11762efc306ec97f821c34cfbaec46e8				no direct reverse call/type reference; inspect bodies
internal/worktrees/gc_retired_stage_unix.go	moveEmptyRetiredStageForGCWith	moveEmptyRetiredStageForGCWith	function		false	172	188	retirement/recovery/GC	internal/worktreeretire	global	global		0		0	0	covered	100.0	11	11	low	Recoverable snapshots and durable receipts precede destructive local/remote cleanup.	function:93159c78323fd8f99dd3e786682d7d3a				no direct reverse call/type reference; inspect bodies
internal/worktrees/git_capability.go	gitFilesystemCapability	gitFilesystemCapability	struct		false	15	17	secure filesystem/storage	internal/worktreesecure	none detected	none detected		0		0	0	n/a		0	0	low	No-follow descriptor identity and fail-closed path containment guard mutations.	struct:76ab043aae0c330a4dc076091a541cc4				no direct reverse call/type reference; inspect bodies
internal/worktrees/git_capability.go	gitFilesystemCapabilityRoot	gitFilesystemCapabilityRoot	struct		false	22	25	secure filesystem/storage	internal/worktreesecure	none detected	none detected		0		0	0	n/a		0	0	low	No-follow descriptor identity and fail-closed path containment guard mutations.	struct:96994ff683a406a23e3ce98f15cd8cbe				no direct reverse call/type reference; inspect bodies
internal/worktrees/git_capability.go	requireGitFilesystemCapability	requireGitFilesystemCapability	function		false	27	37	git subprocess/cache	internal/worktreegit	global,process	global,process	platformGitFilesystemCapabilityAvailable; trustedGitExecutable	2		0	0	partial	75.0	3	4	medium	Trusted Git executable, query cache lifetime, and local versus remote command semantics must stay explicit. Cross-domain calls: secure filesystem/storage.	function:668bbc1451be68f1fc3fac87c3279829				no direct reverse call/type reference; inspect bodies
internal/worktrees/git_capability.go	newGitFilesystemCapability	newGitFilesystemCapability	function		false	39	67	secure filesystem/storage	internal/worktreesecure	none detected	none detected		0		0	0	partial	81.0	17	21	low	No-follow descriptor identity and fail-closed path containment guard mutations.	function:be6f7cadcb591b8a71ecf2a3354318d8				no direct reverse call/type reference; inspect bodies
internal/worktrees/git_capability.go	runGitWithFilesystemCapability	runGitWithFilesystemCapability	function		false	74	76	secure filesystem/storage	internal/worktreesecure	none detected	none detected	runPlatformGitWithFilesystemCapability	1		0	0	covered	100.0	1	1	low	No-follow descriptor identity and fail-closed path containment guard mutations.	function:42f47d9e5ef7e0520030398254571a3b				no direct reverse call/type reference; inspect bodies
internal/worktrees/git_capability.go	runSecureGitHelper	runSecureGitHelper	function		false	80	93	shared orchestration	internal/worktrees	process	env,filesystem,global,process	appendSecureHookExecutionCapabilityRoots; helperProjectsRoot; closeSecureHookRootHandles; newGitFilesystemCapability; runGitWithFilesystemCapability	5		0	0	covered	100.0	10	10	medium	Keep transaction ordering, policy gates, and public API compatibility here. Cross-domain calls: secure filesystem/storage.	function:6ce02b9c87b4caeb1d4da2c87c318cde		internal/worktreesecure(1)		no direct reverse call/type reference; inspect bodies
internal/worktrees/git_capability_darwin.go	platformGitFilesystemCapabilityAvailable	platformGitFilesystemCapabilityAvailable	function		false	46	48	secure filesystem/storage	internal/worktreesecure	none detected	none detected		0		0	0	not in BASE profile		0	0	low	No-follow descriptor identity and fail-closed path containment guard mutations.	function:ba2f159a5522a18347c1d73359d7c2e7				no direct reverse call/type reference; inspect bodies
internal/worktrees/git_capability_darwin.go	platformGitFilesystemCapabilityConfines	platformGitFilesystemCapabilityConfines	function		false	52	54	secure filesystem/storage	internal/worktreesecure	none detected	none detected		0		0	0	not in BASE profile		0	0	low	No-follow descriptor identity and fail-closed path containment guard mutations.	function:38b5ba10bcf62222694bef6ce82ae502				no direct reverse call/type reference; inspect bodies
internal/worktrees/git_capability_darwin.go	runPlatformGitWithFilesystemCapability	runPlatformGitWithFilesystemCapability	function		false	56	62	secure filesystem/storage	internal/worktreesecure	none detected	none detected		0		0	0	not in BASE profile		0	0	low	No-follow descriptor identity and fail-closed path containment guard mutations.	function:93436046f228d322e6126960209a0f50				no direct reverse call/type reference; inspect bodies
internal/worktrees/git_capability_linux.go	landlockRulesetAttr	landlockRulesetAttr	struct		false	14	16	secure filesystem/storage	internal/worktreesecure	none detected	none detected		0		0	0	n/a		0	0	low	No-follow descriptor identity and fail-closed path containment guard mutations.	struct:5220b0107e71b42e6e5e0c066621cb0a				no direct reverse call/type reference; inspect bodies
internal/worktrees/git_capability_linux.go	landlockPathBeneathAttr	landlockPathBeneathAttr	struct		false	18	22	secure filesystem/storage	internal/worktreesecure	none detected	none detected		0		0	0	n/a		0	0	low	No-follow descriptor identity and fail-closed path containment guard mutations.	struct:233a61aa46a7e93f464848166965cd81				no direct reverse call/type reference; inspect bodies
internal/worktrees/git_capability_linux.go	platformGitFilesystemCapabilityConfines	platformGitFilesystemCapabilityConfines	function		false	45	47	secure filesystem/storage	internal/worktreesecure	none detected	none detected		0		0	0	covered	100.0	1	1	low	No-follow descriptor identity and fail-closed path containment guard mutations.	function:f212b2683b38e9fafe6589c0ee167e8c				no direct reverse call/type reference; inspect bodies
internal/worktrees/git_capability_linux.go	platformGitFilesystemCapabilityAvailable	platformGitFilesystemCapabilityAvailable	function		false	49	77	secure filesystem/storage	internal/worktreesecure	filesystem	filesystem		0		0	0	partial	76.2	16	21	low	No-follow descriptor identity and fail-closed path containment guard mutations.	function:ce57834cbb393965f20f720236190bd5				no direct reverse call/type reference; inspect bodies
internal/worktrees/git_capability_linux.go	runPlatformGitWithFilesystemCapability	runPlatformGitWithFilesystemCapability	function		false	79	89	secure filesystem/storage	internal/worktreesecure	none detected	filesystem	restrictWithLandlock	1		0	0	partial	57.1	4	7	low	No-follow descriptor identity and fail-closed path containment guard mutations.	function:bc70b20ecc6fac9ce0546fa8da157ef2				no direct reverse call/type reference; inspect bodies
internal/worktrees/git_capability_linux.go	restrictWithLandlock	restrictWithLandlock	function		false	91	95	secure filesystem/storage	internal/worktreesecure	none detected	filesystem	pinOSThreadThroughLandlock; installLandlockRuleset	2		0	0	covered	100.0	2	2	low	No-follow descriptor identity and fail-closed path containment guard mutations.	function:470e8a1a72985d97347a5172e8e17421				no direct reverse call/type reference; inspect bodies
internal/worktrees/git_capability_linux.go	pinOSThreadThroughLandlock	pinOSThreadThroughLandlock	function		false	105	112	secure filesystem/storage	internal/worktreesecure	none detected	none detected		0		0	0	partial	60.0	3	5	low	No-follow descriptor identity and fail-closed path containment guard mutations.	function:fb79ceb237be9db6038992b8d4adc54c				no direct reverse call/type reference; inspect bodies
internal/worktrees/git_capability_linux.go	installLandlockRuleset	installLandlockRuleset	function		false	114	148	secure filesystem/storage	internal/worktreesecure	filesystem	filesystem		0		0	0	partial	76.0	19	25	low	No-follow descriptor identity and fail-closed path containment guard mutations.	function:2a6c8e2f10b17fd0912b8ddf7443c67e				no direct reverse call/type reference; inspect bodies
internal/worktrees/git_capability_unsupported.go	platformGitFilesystemCapabilityAvailable	platformGitFilesystemCapabilityAvailable	function		false	7	9	secure filesystem/storage	internal/worktreesecure	none detected	none detected		0		0	0	not in BASE profile		0	0	low	No-follow descriptor identity and fail-closed path containment guard mutations.	function:a29caf75c25f479079ca62a1f417df6f				no direct reverse call/type reference; inspect bodies
internal/worktrees/git_capability_unsupported.go	platformGitFilesystemCapabilityConfines	platformGitFilesystemCapabilityConfines	function		false	11	13	secure filesystem/storage	internal/worktreesecure	none detected	none detected		0		0	0	not in BASE profile		0	0	low	No-follow descriptor identity and fail-closed path containment guard mutations.	function:34d45078c0497833d9e7438250a0f744				no direct reverse call/type reference; inspect bodies
internal/worktrees/git_capability_unsupported.go	runPlatformGitWithFilesystemCapability	runPlatformGitWithFilesystemCapability	function		false	15	17	secure filesystem/storage	internal/worktreesecure	none detected	none detected		0		0	0	not in BASE profile		0	0	low	No-follow descriptor identity and fail-closed path containment guard mutations.	function:1b74767208f848baa911b4e9179605ca				no direct reverse call/type reference; inspect bodies
internal/worktrees/git_executable_darwin.go	platformTrustedGitExecutable	platformTrustedGitExecutable	function		false	26	31	git subprocess/cache	internal/worktreegit	none detected	filesystem,process	resolveDarwinGitExecutable	1		0	0	not in BASE profile		0	0	low	Trusted Git executable, query cache lifetime, and local versus remote command semantics must stay explicit.	function:8ea780f7dc39fcbada29dc692c45f256				no direct reverse call/type reference; inspect bodies
internal/worktrees/git_executable_darwin.go	resolveDarwinGitExecutable	resolveDarwinGitExecutable	function		false	33	52	git subprocess/cache	internal/worktreegit	filesystem,process	filesystem,process		0		0	0	not in BASE profile		0	0	medium	Trusted Git executable, query cache lifetime, and local versus remote command semantics must stay explicit.	function:655e42f2975cd4771edf0191eaee9b7f				no direct reverse call/type reference; inspect bodies
internal/worktrees/git_executable_other.go	platformTrustedGitExecutable	platformTrustedGitExecutable	function		false	11	21	git subprocess/cache	internal/worktreegit	process	process		0		0	0	partial	85.7	6	7	low	Trusted Git executable, query cache lifetime, and local versus remote command semantics must stay explicit.	function:b79b4137e717a8ba79507b7703f900b5				no direct reverse call/type reference; inspect bodies
internal/worktrees/git_query_memo.go	gitQueryMemo	gitQueryMemo	struct		false	21	24	git subprocess/cache	internal/worktreegit	global	global		0		0	0	n/a		0	0	low	Trusted Git executable, query cache lifetime, and local versus remote command semantics must stay explicit.	struct:bc84340661d9e3730cd4df35615dbb2a				no direct reverse call/type reference; inspect bodies
internal/worktrees/git_query_memo.go	gitQueryMemoContextKey	gitQueryMemoContextKey	struct		false	26	26	git subprocess/cache	internal/worktreegit	none detected	none detected		0		0	0	n/a		0	0	low	Trusted Git executable, query cache lifetime, and local versus remote command semantics must stay explicit.	struct:8ea0c3b41587bdb9e750e07c077c6f5d				no direct reverse call/type reference; inspect bodies
internal/worktrees/git_query_memo.go	withGitQueryMemo	withGitQueryMemo	function		false	30	35	git subprocess/cache	internal/worktreegit	none detected	none detected		0		0	0	covered	100.0	3	3	low	Trusted Git executable, query cache lifetime, and local versus remote command semantics must stay explicit.	function:cc03e9fc24d4f738a1a3a7c418f28699				no direct reverse call/type reference; inspect bodies
internal/worktrees/git_query_memo.go	gitQueryMemoFrom	gitQueryMemoFrom	function		false	37	40	git subprocess/cache	internal/worktreegit	none detected	none detected		0		0	0	covered	100.0	2	2	low	Trusted Git executable, query cache lifetime, and local versus remote command semantics must stay explicit.	function:b15e74a8757525ac2415b519f6343ef4				no direct reverse call/type reference; inspect bodies
internal/worktrees/git_query_memo.go	gitQueryMemoKey	gitQueryMemoKey	function		false	42	44	git subprocess/cache	internal/worktreegit	none detected	none detected		0		0	0	covered	100.0	1	1	low	Trusted Git executable, query cache lifetime, and local versus remote command semantics must stay explicit.	function:a586d3b5fab145e7717dcd12bf13b40b				no direct reverse call/type reference; inspect bodies
internal/worktrees/git_query_memo.go	get	gitQueryMemo::get	method	gitQueryMemo	false	46	51	git subprocess/cache	internal/worktreegit	none detected	none detected		0		0	0	covered	100.0	4	4	low	Trusted Git executable, query cache lifetime, and local versus remote command semantics must stay explicit.	method:4a39c2cc70cc7feb03d634e0cfcca02f				no direct reverse call/type reference; inspect bodies
internal/worktrees/git_query_memo.go	put	gitQueryMemo::put	method	gitQueryMemo	false	53	57	git subprocess/cache	internal/worktreegit	none detected	none detected		0		0	0	covered	100.0	3	3	low	Trusted Git executable, query cache lifetime, and local versus remote command semantics must stay explicit.	method:be2ae9dca8f77142fc72c169571a2f05				no direct reverse call/type reference; inspect bodies
internal/worktrees/git_query_memo.go	memoizableGitQuery	memoizableGitQuery	function		false	63	76	git subprocess/cache	internal/worktreegit	none detected	none detected		0		0	0	covered	100.0	7	7	low	Trusted Git executable, query cache lifetime, and local versus remote command semantics must stay explicit.	function:61f7289c8d0264a09b00d97c985cd23c				no direct reverse call/type reference; inspect bodies
internal/worktrees/git_query_memo.go	validBranchGit	validBranchGit	function		false	90	96	git subprocess/cache	internal/worktrees	process	process	trustedGitExecutable	1		0	0	covered	100.0	4	4	low	Trusted Git executable, query cache lifetime, and local versus remote command semantics must stay explicit. Keep trustedGitExecutable and validBranchMemo coupling in facade until a branch-validation port exists.	function:08f45743fe161f9114624a4a86212e4c				no direct reverse call/type reference; inspect bodies
internal/worktrees/heartbeat.go	heartbeatRecord	heartbeatRecord	struct		false	48	52	claims/locks/worklogs	internal/worktreeclaims	none detected	none detected		0		0	0	n/a		0	0	low	Claim identity, immutable journal/terminal records, lock ownership, and projections must remain atomic.	struct:b1bbc9931452cc79cac23fef07bca43e				no direct reverse call/type reference; inspect bodies
internal/worktrees/heartbeat.go	TouchHeartbeat	TouchHeartbeat	function		true	62	74	claims/locks/worklogs	internal/worktreeclaims	none detected	filesystem,global	openJournalDirectory; writeBytesAtomicAt	2		0	0	partial	90.0	9	10	medium	Claim identity, immutable journal/terminal records, lock ownership, and projections must remain atomic. Cross-domain calls: secure filesystem/storage.	function:0a8ab3352faa9415fd5e61ef5b824ec5				no direct reverse call/type reference; inspect bodies
internal/worktrees/heartbeat.go	HeartbeatAt	HeartbeatAt	function		true	77	92	claims/locks/worklogs	internal/worktreeclaims	filesystem,global	filesystem,global	openJournalDirectory; readBytesAt	2	internal/dashboard/dashboard.go [calls]	1	1	covered	100.0	12	12	medium	Claim identity, immutable journal/terminal records, lock ownership, and projections must remain atomic. Cross-domain calls: secure filesystem/storage.	function:e638b2911a40187fd949350794b97692				no direct reverse call/type reference; inspect bodies
internal/worktrees/heartbeat.go	LastActivity	LastActivity	function		true	98	121	claims/locks/worklogs	internal/worktreeclaims	none detected	filesystem,global,process	HeartbeatAt; NewestChangedFileTime; newestWorkLogEventTime	3		0	0	covered	100.0	18	18	low	Claim identity, immutable journal/terminal records, lock ownership, and projections must remain atomic.	function:7f9cabb4b24aec4171c057aa9a302b1c		internal/worktreelayout(1)		no direct reverse call/type reference; inspect bodies
internal/worktrees/heartbeat.go	NewestChangedFileTime	NewestChangedFileTime	function		true	128	156	claims/locks/worklogs	internal/worktreeclaims	filesystem	filesystem,process	gitRawOutput	1		0	0	partial	88.9	16	18	low	Claim identity, immutable journal/terminal records, lock ownership, and projections must remain atomic.	function:116ac36d5f10c879f26cc2c46d2db1bf				no direct reverse call/type reference; inspect bodies
internal/worktrees/heartbeat.go	newestWorkLogEventTime	newestWorkLogEventTime	function		false	159	192	claims/locks/worklogs	internal/worktreeclaims	none detected	filesystem,global	openJournalDirectory	1		0	0	partial	80.0	16	20	low	Claim identity, immutable journal/terminal records, lock ownership, and projections must remain atomic.	function:3f579e44364ec838c5aec27c0c60ba60				no direct reverse call/type reference; inspect bodies
internal/worktrees/heartbeat.go	gitRawOutput	gitRawOutput	function		false	200	208	claims/locks/worklogs	internal/worktreeclaims	process	process		0		0	0	covered	100.0	6	6	low	Claim identity, immutable journal/terminal records, lock ownership, and projections must remain atomic.	function:79fa1c3106fb575e666fa35f7150ce6a				no direct reverse call/type reference; inspect bodies
internal/worktrees/heartbeat.go	TouchHeartbeatForCurrentDirectory	TouchHeartbeatForCurrentDirectory	function		true	217	227	claims/locks/worklogs	internal/worktreeclaims	none detected	filesystem	worktreeRootOf; TouchHeartbeat	2	cmd/wb/main.go [calls]	1	1	partial	71.4	5	7	medium	Claim identity, immutable journal/terminal records, lock ownership, and projections must remain atomic.	function:7377ac1eb408ec1a4d0f6233446203b5				no direct reverse call/type reference; inspect bodies
internal/worktrees/heartbeat.go	worktreeRootOf	worktreeRootOf	function		false	232	247	claims/locks/worklogs	internal/worktreeclaims	filesystem	filesystem		0		0	0	partial	90.0	9	10	low	Claim identity, immutable journal/terminal records, lock ownership, and projections must remain atomic.	function:8ff54f2c8694a637f8b74b3cd26fa206				no direct reverse call/type reference; inspect bodies
internal/worktrees/hook_runtime_roots.go	secureHookRootHandle	secureHookRootHandle	struct		false	14	17	secure filesystem/storage	internal/worktreesecure	none detected	none detected		0		0	0	n/a		0	0	low	No-follow descriptor identity and fail-closed path containment guard mutations.	struct:8ed36fe91e537c83b4120a425102da71				no direct reverse call/type reference; inspect bodies
internal/worktrees/hook_runtime_roots.go	projectsRootContextKey	projectsRootContextKey	struct		false	24	24	secure filesystem/storage	internal/worktreesecure	none detected	none detected		0		0	0	n/a		0	0	low	No-follow descriptor identity and fail-closed path containment guard mutations.	struct:679411781b7c0a9d8f1059712210fdbf				no direct reverse call/type reference; inspect bodies
internal/worktrees/hook_runtime_roots.go	withProjectsRoot	withProjectsRoot	function		false	29	35	secure filesystem/storage	internal/worktreesecure	none detected	none detected		0		0	0	partial	75.0	3	4	low	No-follow descriptor identity and fail-closed path containment guard mutations.	function:2586a9b860e6c9573a8adbd8865d241d				no direct reverse call/type reference; inspect bodies
internal/worktrees/hook_runtime_roots.go	projectsRootFromContext	projectsRootFromContext	function		false	39	42	secure filesystem/storage	internal/worktreesecure	none detected	none detected		0		0	0	covered	100.0	2	2	low	No-follow descriptor identity and fail-closed path containment guard mutations.	function:2abc9ef8cc0e4352ebedf64d3414a149				no direct reverse call/type reference; inspect bodies
internal/worktrees/hook_runtime_roots.go	secureHelperEnvironment	secureHelperEnvironment	function		false	48	55	secure filesystem/storage	internal/worktreesecure	none detected	none detected	projectsRootFromContext; environmentWithValue	2		0	0	covered	100.0	5	5	low	No-follow descriptor identity and fail-closed path containment guard mutations.	function:7aa5ca582679a18be7a626f7dbb811ac				no direct reverse call/type reference; inspect bodies
internal/worktrees/hook_runtime_roots.go	helperProjectsRoot	helperProjectsRoot	function		false	61	63	secure filesystem/storage	internal/worktreesecure	env	env		0		0	0	covered	100.0	1	1	low	No-follow descriptor identity and fail-closed path containment guard mutations.	function:4b3279a8f51c066ef3e5c0911d108a0d				no direct reverse call/type reference; inspect bodies
internal/worktrees/hook_runtime_roots.go	environmentWithValue	environmentWithValue	function		false	65	75	secure filesystem/storage	internal/worktreesecure	none detected	none detected		0		0	0	covered	100.0	7	7	low	No-follow descriptor identity and fail-closed path containment guard mutations.	function:1417fb13f2bef591fc41a35d5c874269				no direct reverse call/type reference; inspect bodies
internal/worktrees/hook_runtime_roots.go	appendSecureHookExecutionCapabilityRoots	appendSecureHookExecutionCapabilityRoots	function		false	82	118	secure filesystem/storage	internal/worktreesecure	filesystem	env,filesystem,global	openAbsoluteDirectoryNoFollow(3); ambientGoCacheRoots	4		0	0	partial	92.0	23	25	low	No-follow descriptor identity and fail-closed path containment guard mutations.	function:1af2d20923b767355831041d470e702f				no direct reverse call/type reference; inspect bodies
internal/worktrees/hook_runtime_roots.go	ambientGoCacheRoots	ambientGoCacheRoots	function		false	124	159	secure filesystem/storage	internal/worktreesecure	env,global	env,global		0		0	0	partial	92.6	25	27	medium	No-follow descriptor identity and fail-closed path containment guard mutations.	function:a8b9a68daaeb9ca75cd6e5f85a399aac				no direct reverse call/type reference; inspect bodies
internal/worktrees/hook_runtime_roots.go	closeSecureHookRootHandles	closeSecureHookRootHandles	function		false	161	167	shared orchestration	internal/worktrees	none detected	none detected	PlacementWorktree::Close	1		0	0	covered	100.0	3	3	low	Keep transaction ordering, policy gates, and public API compatibility here.	function:81ee909edc274b59165d9c8c39a1852a		internal/worktreesecure(1)		no direct reverse call/type reference; inspect bodies
internal/worktrees/identity.go	AgentIdentity	AgentIdentity	struct		true	27	39	claims/locks/worklogs	internal/worktreeclaims	none detected	none detected		0	cmd/wb/admission.go [instantiates]; cmd/wb/session.go [instantiates]; cmd/wb/admission.go [references]	12	3	n/a		0	0	medium	Claim identity, immutable journal/terminal records, lock ownership, and projections must remain atomic.	struct:8909a997e644bb6680bb6ae9b0a6f4bc				no direct reverse call/type reference; inspect bodies
internal/worktrees/identity.go	Declared	AgentIdentity::Declared	method	AgentIdentity	true	45	47	claims/locks/worklogs	internal/worktreeclaims	none detected	none detected		0	cmd/wb/admission.go [calls]; cmd/wb/worktree_own.go [calls]	2	2	covered	100.0	1	1	medium	Claim identity, immutable journal/terminal records, lock ownership, and projections must remain atomic.	method:1c430affa34d1afb8d8497b839680e41				no direct reverse call/type reference; inspect bodies
internal/worktrees/identity.go	Agent	AgentIdentity::Agent	method	AgentIdentity	true	56	62	claims/locks/worklogs	internal/worktreeclaims	none detected	none detected	ownerAgent	1	cmd/wb/worktree_own.go [calls]	1	1	covered	100.0	4	4	medium	Claim identity, immutable journal/terminal records, lock ownership, and projections must remain atomic.	method:cc125056b1eddeaf734275e8dfd51d27				no direct reverse call/type reference; inspect bodies
internal/worktrees/identity.go	SetMutationInitiator	SetMutationInitiator	function		true	78	88	claims/locks/worklogs	internal/worktreeclaims	none detected	none detected		0	cmd/wb/admission.go [calls]	1	1	covered	100.0	8	8	medium	Claim identity, immutable journal/terminal records, lock ownership, and projections must remain atomic.	function:42f7400efa1ddcacfd0d98998f46ad00				no direct reverse call/type reference; inspect bodies
internal/worktrees/identity.go	MutationInitiator	MutationInitiator	function		true	90	94	claims/locks/worklogs	internal/worktreeclaims	none detected	none detected		0		0	0	covered	100.0	3	3	low	Claim identity, immutable journal/terminal records, lock ownership, and projections must remain atomic.	function:414a92a17d626f01f7351549098fc59e				no direct reverse call/type reference; inspect bodies
internal/worktrees/identity.go	SetSessionResolver	SetSessionResolver	function		true	98	102	claims/locks/worklogs	internal/worktreeclaims	none detected	none detected		0	cmd/wb/session.go [calls]	1	1	covered	100.0	3	3	medium	Claim identity, immutable journal/terminal records, lock ownership, and projections must remain atomic.	function:8544727a0e6a3591b51da631d8779b1a				no direct reverse call/type reference; inspect bodies
internal/worktrees/identity.go	CurrentIdentity	CurrentIdentity	function		true	111	129	claims/locks/worklogs	internal/worktreeclaims	env	env	AgentIdentity::Declared(2); IdentityFromEnv; targetHeadCache::resolve	4	internal/orchestrate/pr_approval.go [calls]	1	1	covered	100.0	13	13	medium	Claim identity, immutable journal/terminal records, lock ownership, and projections must remain atomic. Cross-domain calls: landing/merge receipts.	function:3f2eb27dd0ace36432fd90c8f5e2de42	internal/worktreelanding(1)			needs facade or injected port
internal/worktrees/identity.go	RegisteredIdentity	RegisteredIdentity	function		true	135	147	claims/locks/worklogs	internal/worktreeclaims	none detected	none detected	targetHeadCache::resolve	1	cmd/wb/admission.go [calls]; cmd/wb/stream_adapters.go [calls]; cmd/wb/stream.go [calls]; cmd/wb/wait.go [calls]; cmd/wb/worktree.go [calls]	6	5	covered	100.0	9	9	medium	Claim identity, immutable journal/terminal records, lock ownership, and projections must remain atomic. Cross-domain calls: landing/merge receipts.	function:d27d7ce3e776e392b629bb2cada854b1	internal/worktreelanding(1)			needs facade or injected port
internal/worktrees/identity.go	IdentityFromEnv	IdentityFromEnv	function		true	153	164	claims/locks/worklogs	internal/worktreeclaims	env	env		0	cmd/wb/admission.go [calls]; cmd/wb/worktree_own.go [calls]	2	2	covered	100.0	6	6	medium	Claim identity, immutable journal/terminal records, lock ownership, and projections must remain atomic.	function:1963445b1856a9c692bdb8acd1a361e3				no direct reverse call/type reference; inspect bodies
internal/worktrees/identity.go	SetInvokedCommand	SetInvokedCommand	function		true	175	179	claims/locks/worklogs	internal/worktreeclaims	none detected	none detected		0	cmd/wb/main.go [calls]	1	1	covered	100.0	3	3	medium	Claim identity, immutable journal/terminal records, lock ownership, and projections must remain atomic.	function:d37139dd628f88f064c31e24561b69e8				no direct reverse call/type reference; inspect bodies
internal/worktrees/identity.go	InvokedCommand	InvokedCommand	function		true	182	186	claims/locks/worklogs	internal/worktreeclaims	none detected	none detected		0		0	0	covered	100.0	3	3	low	Claim identity, immutable journal/terminal records, lock ownership, and projections must remain atomic.	function:7240893245135fe8c9c8fd2d84a9a62f				no direct reverse call/type reference; inspect bodies
internal/worktrees/identity.go	UndeclaredOwnerWarning	UndeclaredOwnerWarning	function		true	192	198	claims/locks/worklogs	internal/worktreeclaims	none detected	none detected		0	cmd/wb/main.go [calls]	1	1	covered	100.0	1	1	medium	Claim identity, immutable journal/terminal records, lock ownership, and projections must remain atomic.	function:91a1f7521f2b4849ea44a02f430e57a3				no direct reverse call/type reference; inspect bodies
internal/worktrees/journal.go	Manifest	Manifest	struct		true	71	98	claims/locks/worklogs	internal/worktreeclaims	none detected	none detected		0	internal/runlog/runlog.go [instantiates]; internal/orchestrate/engine.go [instantiates]; internal/runlog/runlog.go [references]	5	3	n/a		0	0	medium	Claim identity, immutable journal/terminal records, lock ownership, and projections must remain atomic.	struct:5d939feaa94de09937e36b04631acc7c				no direct reverse call/type reference; inspect bodies
internal/worktrees/journal.go	PromptHeader	PromptHeader	struct		true	103	113	claims/locks/worklogs	internal/worktreeclaims	none detected	none detected		0	cmd/wb/worktree_end.go [instantiates]; internal/orchestrate/engine.go [instantiates]	2	2	n/a		0	0	medium	Claim identity, immutable journal/terminal records, lock ownership, and projections must remain atomic.	struct:7da588bb5fae0e51be3a448ad7c3e607				no direct reverse call/type reference; inspect bodies
internal/worktrees/journal.go	ValidEffortPath	ValidEffortPath	function		true	119	132	claims/locks/worklogs	internal/worktreeclaims	none detected	none detected	validSafeSegment	1		0	0	covered	100.0	8	8	medium	Claim identity, immutable journal/terminal records, lock ownership, and projections must remain atomic. Cross-domain calls: layout/discovery.	function:b54fa0a247f8fd14b0490d0740d424fd				no direct reverse call/type reference; inspect bodies
internal/worktrees/journal.go	ParentEffort	ParentEffort	function		true	137	143	claims/locks/worklogs	internal/worktreeclaims	none detected	none detected		0	internal/remotestate/snapshot.go [calls]; internal/orchestrate/engine.go [calls]	2	2	covered	100.0	4	4	medium	Claim identity, immutable journal/terminal records, lock ownership, and projections must remain atomic.	function:7ec44d73c19743b3a65b376cb6e03a38				no direct reverse call/type reference; inspect bodies
internal/worktrees/journal.go	EffortKindFor	EffortKindFor	function		true	147	152	claims/locks/worklogs	internal/worktreeclaims	none detected	none detected	ParentEffort	1	internal/orchestrate/engine.go [calls]	1	1	covered	100.0	3	3	medium	Claim identity, immutable journal/terminal records, lock ownership, and projections must remain atomic.	function:966b59e10fd530e6aadfbb7b77e92190				no direct reverse call/type reference; inspect bodies
internal/worktrees/journal.go	IsAncestorEffort	IsAncestorEffort	function		true	156	158	claims/locks/worklogs	internal/worktreeclaims	none detected	none detected		0		0	0	covered	100.0	1	1	low	Claim identity, immutable journal/terminal records, lock ownership, and projections must remain atomic.	function:bc45faf26ddbe79b0da9db4ce7a6225a				no direct reverse call/type reference; inspect bodies
internal/worktrees/journal.go	RepositoryRootFor	RepositoryRootFor	function		true	163	169	claims/locks/worklogs	internal/worktreeclaims	git	git,global,process	git	1		0	0	covered	100.0	4	4	medium	Claim identity, immutable journal/terminal records, lock ownership, and projections must remain atomic. Cross-domain calls: git subprocess/cache.	function:ed52f6a62560372a0d667f2ca39f835f				no direct reverse call/type reference; inspect bodies
internal/worktrees/journal.go	AdmissionMode	AdmissionMode	type		true	175	175	claims/locks/worklogs	internal/worktreeclaims	none detected	none detected		0	cmd/wb/worktree.go [calls]	1	1	n/a		0	0	medium	Claim identity, immutable journal/terminal records, lock ownership, and projections must remain atomic.	type_alias:579363a48f289861ecf90b4c11015ccb				no direct reverse call/type reference; inspect bodies
internal/worktrees/journal.go	Admission	Admission	struct		true	184	189	claims/locks/worklogs	internal/worktreeclaims	none detected	none detected		0		0	0	n/a		0	0	low	Claim identity, immutable journal/terminal records, lock ownership, and projections must remain atomic.	struct:c325a380df3b8757065540795752cf6f				no direct reverse call/type reference; inspect bodies
internal/worktrees/journal.go	CheckAdmission	CheckAdmission	function		true	198	231	claims/locks/worklogs	internal/worktreeclaims	none detected	filesystem,global	ReadManifest; ListPrompts	2		0	0	covered	100.0	22	22	low	Claim identity, immutable journal/terminal records, lock ownership, and projections must remain atomic.	function:9a964f96db8fcb34424f512156536dc2				no direct reverse call/type reference; inspect bodies
internal/worktrees/journal.go	openJournalDirectory	openJournalDirectory	function		false	236	276	claims/locks/worklogs	internal/worktreeclaims	filesystem	filesystem,global	openJournalComponent(2); openAbsoluteDirectoryNoFollow; directoryStillMatches	4		0	0	partial	76.9	20	26	medium	Claim identity, immutable journal/terminal records, lock ownership, and projections must remain atomic. Cross-domain calls: secure filesystem/storage.	function:7c943819a153681c059dea6aaa338f8d				no direct reverse call/type reference; inspect bodies
internal/worktrees/journal.go	openJournalComponent	openJournalComponent	function		false	278	293	claims/locks/worklogs	internal/worktreeclaims	filesystem,global	filesystem,global	openOrCreateNoFollowDirectory	1		0	0	covered	100.0	10	10	medium	Claim identity, immutable journal/terminal records, lock ownership, and projections must remain atomic. Cross-domain calls: secure filesystem/storage.	function:bba429484d171816160c2bd1f94104e9				no direct reverse call/type reference; inspect bodies
internal/worktrees/journal.go	openJournalSubdirectory	openJournalSubdirectory	function		false	296	321	claims/locks/worklogs	internal/worktreeclaims	filesystem	filesystem,global	openJournalDirectory; openJournalComponent	2		0	0	partial	76.5	13	17	low	Claim identity, immutable journal/terminal records, lock ownership, and projections must remain atomic.	function:26bd9c64f4a971fae2156cbd3463edd2				no direct reverse call/type reference; inspect bodies
internal/worktrees/journal.go	ensureJournalExclude	ensureJournalExclude	function		false	326	328	claims/locks/worklogs	internal/worktreeclaims	none detected	filesystem,git	ensurePerWorktreeGitExclude	1		0	0	covered	100.0	1	1	low	Claim identity, immutable journal/terminal records, lock ownership, and projections must remain atomic.	function:dac6cecf2169b9cef3ebd5b1cdadda91				no direct reverse call/type reference; inspect bodies
internal/worktrees/journal.go	WriteManifest	WriteManifest	function		true	333	359	claims/locks/worklogs	internal/worktreeclaims	filesystem	filesystem,git,global	validateManifest; ensureJournalExclude; openJournalDirectory; readBytesAt; writeBytesImmutableAt	5		0	0	partial	94.1	16	17	medium	Claim identity, immutable journal/terminal records, lock ownership, and projections must remain atomic. Cross-domain calls: secure filesystem/storage.	function:50a2939bef1c9950e856148420a306df				no direct reverse call/type reference; inspect bodies
internal/worktrees/journal.go	EnsureManifest	EnsureManifest	function		true	369	377	claims/locks/worklogs	internal/worktreeclaims	none detected	filesystem	WriteManifest	1	internal/orchestrate/engine.go [calls]	1	1	covered	100.0	5	5	medium	Claim identity, immutable journal/terminal records, lock ownership, and projections must remain atomic.	function:b11833b75013ef3587824e443b799721				no direct reverse call/type reference; inspect bodies
internal/worktrees/journal.go	EnsurePrompt	EnsurePrompt	function		true	382	392	claims/locks/worklogs	internal/worktreeclaims	none detected	filesystem,global	ListPrompts; AppendPrompt	2	internal/orchestrate/engine.go [calls]	1	1	covered	100.0	7	7	medium	Claim identity, immutable journal/terminal records, lock ownership, and projections must remain atomic.	function:a99dc40be97882c7db227498e36818da				no direct reverse call/type reference; inspect bodies
internal/worktrees/journal.go	ReadManifest	ReadManifest	function		true	395	420	claims/locks/worklogs	internal/worktreeclaims	filesystem,global	filesystem,global	openJournalDirectory; validateManifest; readBytesAt	3	internal/orchestrate/pr_create.go [calls]; internal/runlog/runlog.go [calls]; internal/dashboard/dashboard.go [calls]; internal/orchestrate/engine.go [calls]	5	4	covered	100.0	18	18	medium	Claim identity, immutable journal/terminal records, lock ownership, and projections must remain atomic. Cross-domain calls: secure filesystem/storage.	function:4fc1b97db0a90863b8a34aae66d056b3				no direct reverse call/type reference; inspect bodies
internal/worktrees/journal.go	validateManifest	validateManifest	function		false	422	456	claims/locks/worklogs	internal/worktreeclaims	none detected	none detected	ValidEffortPath; ParentEffort	2		0	0	covered	100.0	17	17	low	Claim identity, immutable journal/terminal records, lock ownership, and projections must remain atomic.	function:07236fc61bd056fb20f2f853fca46240				no direct reverse call/type reference; inspect bodies
internal/worktrees/journal.go	writeCreationJournal	writeCreationJournal	function		false	466	527	claims/locks/worklogs	internal/worktreeclaims	none detected	env,filesystem,global	ValidEffortPath; ParentEffort; EffortKindFor; WriteManifest; recordOwner; ownerAgent; CurrentIdentity; ListPrompts	9		0	0	covered	100.0	25	25	medium	Claim identity, immutable journal/terminal records, lock ownership, and projections must remain atomic.	function:bd01e84b0f740ef4ade2d1809dbae060		internal/worktrees(1)	internal/worktrees(1)	needs facade or injected port
internal/worktrees/journal.go	ownerAgent	ownerAgent	function		false	529	534	claims/locks/worklogs	internal/worktreeclaims	none detected	none detected		0		0	0	covered	100.0	3	3	low	Claim identity, immutable journal/terminal records, lock ownership, and projections must remain atomic.	function:ecced31d503a92fecc286542a9e634a8				no direct reverse call/type reference; inspect bodies
internal/worktrees/journal.go	ReconstructManifest	ReconstructManifest	function		true	544	558	claims/locks/worklogs	internal/worktreeclaims	none detected	filesystem,git,global	ReadManifest; computeReconstructedManifest; WriteManifest	3		0	0	covered	100.0	10	10	low	Claim identity, immutable journal/terminal records, lock ownership, and projections must remain atomic.	function:063da1bced12fdef623fb31190986827				no direct reverse call/type reference; inspect bodies
internal/worktrees/journal.go	PreviewReconstructedManifest	PreviewReconstructedManifest	function		true	567	574	claims/locks/worklogs	internal/worktreeclaims	none detected	filesystem,git,global	ReadManifest; computeReconstructedManifest	2		0	0	covered	100.0	5	5	low	Claim identity, immutable journal/terminal records, lock ownership, and projections must remain atomic.	function:0a82ba9a89503c6e505b83a60581a26f				no direct reverse call/type reference; inspect bodies
internal/worktrees/journal.go	computeReconstructedManifest	computeReconstructedManifest	function		false	579	638	claims/locks/worklogs	internal/worktreeclaims	git	git,global,process	repositoryFromWorktreePath; effortFromWorktreePath; ValidEffortPath; ParentEffort; EffortKindFor; reconstructCreationTime; reconstructBase; git	9		0	0	covered	100.0	34	34	medium	Claim identity, immutable journal/terminal records, lock ownership, and projections must remain atomic. Cross-domain calls: git subprocess/cache, layout/discovery.	function:919e777fb0df165158800f2989b78414				no direct reverse call/type reference; inspect bodies
internal/worktrees/journal.go	effortFromWorktreePath	effortFromWorktreePath	function		false	643	660	claims/locks/worklogs	internal/worktreeclaims	none detected	none detected	ValidEffortPath(2)	2		0	0	covered	100.0	12	12	low	Claim identity, immutable journal/terminal records, lock ownership, and projections must remain atomic.	function:71219f55ae3227d09816a54741f06f39				no direct reverse call/type reference; inspect bodies
internal/worktrees/journal.go	repositoryFromWorktreePath	repositoryFromWorktreePath	function		false	665	677	claims/locks/worklogs	internal/worktreeclaims	none detected	none detected	validRepositorySegment(2); validSafeSegment	3		0	0	covered	100.0	8	8	medium	Claim identity, immutable journal/terminal records, lock ownership, and projections must remain atomic. Cross-domain calls: layout/discovery.	function:e49252538184590fabb9a2e2bc23b128				no direct reverse call/type reference; inspect bodies
internal/worktrees/journal.go	reconstructCreationTime	reconstructCreationTime	function		false	679	695	claims/locks/worklogs	internal/worktreeclaims	git	git,global,process	git(2)	2		0	0	covered	100.0	10	10	medium	Claim identity, immutable journal/terminal records, lock ownership, and projections must remain atomic. Cross-domain calls: git subprocess/cache.	function:a5f7000181667a90227fdd81a1d35c32				no direct reverse call/type reference; inspect bodies
internal/worktrees/journal.go	reconstructBase	reconstructBase	function		false	697	706	claims/locks/worklogs	internal/worktreeclaims	git	git,global,process	git	1		0	0	covered	100.0	6	6	medium	Claim identity, immutable journal/terminal records, lock ownership, and projections must remain atomic. Cross-domain calls: git subprocess/cache.	function:d1a17575ff05de432f970e323d253a74				no direct reverse call/type reference; inspect bodies
internal/worktrees/journal.go	AppendPrompt	AppendPrompt	function		true	710	766	claims/locks/worklogs	internal/worktreeclaims	none detected	filesystem,git,global	ensureJournalExclude; openJournalSubdirectory; lockJournalSequence; listPromptsIn; promptSlug; writeBytesImmutableAt	6	cmd/wb/worktree_end.go [calls]	1	1	partial	93.5	43	46	medium	Claim identity, immutable journal/terminal records, lock ownership, and projections must remain atomic. Cross-domain calls: secure filesystem/storage.	function:70493872aa91a13c062ca45fa30532b9				no direct reverse call/type reference; inspect bodies
internal/worktrees/journal.go	lockJournalSequence	lockJournalSequence	function		false	768	793	claims/locks/worklogs	internal/worktreeclaims	filesystem,global	filesystem,global		0		0	0	partial	77.8	14	18	medium	Claim identity, immutable journal/terminal records, lock ownership, and projections must remain atomic.	function:30b873951a3d7d878a289998092c780c				no direct reverse call/type reference; inspect bodies
internal/worktrees/journal.go	ListPrompts	ListPrompts	function		true	798	808	claims/locks/worklogs	internal/worktreeclaims	none detected	filesystem,global	openJournalSubdirectory; listPromptsIn	2		0	0	covered	100.0	8	8	low	Claim identity, immutable journal/terminal records, lock ownership, and projections must remain atomic.	function:0a7d49a96afe95d0be41b981235f6841				no direct reverse call/type reference; inspect bodies
internal/worktrees/journal.go	listPromptsIn	listPromptsIn	function		false	810	854	claims/locks/worklogs	internal/worktreeclaims	filesystem	filesystem,global	parsePromptHeader; readBytesAt	2		0	0	partial	93.8	30	32	medium	Claim identity, immutable journal/terminal records, lock ownership, and projections must remain atomic. Cross-domain calls: secure filesystem/storage.	function:84016a0d1357424d84a0dc2c4a513f42				no direct reverse call/type reference; inspect bodies
internal/worktrees/journal.go	parsePromptHeader	parsePromptHeader	function		false	856	875	claims/locks/worklogs	internal/worktreeclaims	global	global		0		0	0	covered	100.0	12	12	low	Claim identity, immutable journal/terminal records, lock ownership, and projections must remain atomic.	function:1bb8fddc72b89417377d8c5ab593b755				no direct reverse call/type reference; inspect bodies
internal/worktrees/journal.go	promptSlug	promptSlug	function		false	880	911	claims/locks/worklogs	internal/worktreeclaims	global	global		0		0	0	covered	100.0	21	21	low	Claim identity, immutable journal/terminal records, lock ownership, and projections must remain atomic.	function:7eebb4651e0e9a816a987b04e8eeb8b5				no direct reverse call/type reference; inspect bodies
internal/worktrees/landing_evidence.go	ResidualCommit	ResidualCommit	struct		true	17	20	landing/merge receipts	internal/worktreeproof	none detected	none detected		0		0	0	n/a		0	0	low	Receipt identity, target SHA, source SHA, and PR evidence must be corroborated. Neutral proof/receipt kernel; no import of branch, landing, or facade packages.	struct:cb542ec2f1b616cfb0d77fca2eac6cbb				no direct reverse call/type reference; inspect bodies
internal/worktrees/landing_evidence.go	LandingEvidence	LandingEvidence	struct		true	34	48	landing/merge receipts	internal/worktreeproof	none detected	none detected		0		0	0	n/a		0	0	low	Receipt identity, target SHA, source SHA, and PR evidence must be corroborated. Neutral proof/receipt kernel; no import of branch, landing, or facade packages.	struct:d2b3176b79d0145eade23846854b390e				no direct reverse call/type reference; inspect bodies
internal/worktrees/landing_evidence.go	landingEvidence	landingEvidence	function		false	59	107	landing/merge receipts	internal/worktreelanding	none detected	git,global,network,process	commitsNotIn; residualCommits; githubPullRequests; absorbedLandingReceipt	4		0	0	partial	76.0	19	25	low	Receipt identity, target SHA, source SHA, and PR evidence must be corroborated.	function:b4b8036d2c12862ee94c255b27b9af2f		internal/worktreeproof(1)		no direct reverse call/type reference; inspect bodies
internal/worktrees/landing_evidence.go	commitsNotIn	commitsNotIn	function		false	111	121	landing/merge receipts	internal/worktreelanding	git	git,global,process	splitNonEmptyLines; git	2		0	0	partial	71.4	5	7	medium	Receipt identity, target SHA, source SHA, and PR evidence must be corroborated. Cross-domain calls: git subprocess/cache.	function:230313c1f20ac90a6f15c28918c886ea				no direct reverse call/type reference; inspect bodies
internal/worktrees/landing_evidence.go	residualCommits	residualCommits	function		false	124	138	landing/merge receipts	internal/worktreelanding	git	git,global,process	splitNonEmptyLines; git	2		0	0	partial	88.9	8	9	medium	Receipt identity, target SHA, source SHA, and PR evidence must be corroborated. Cross-domain calls: git subprocess/cache.	function:86f728a7ceed6c244262402d988b26f0		internal/worktreeproof(1)		no direct reverse call/type reference; inspect bodies
internal/worktrees/landing_evidence.go	splitNonEmptyLines	splitNonEmptyLines	function		false	140	149	landing/merge receipts	internal/worktreelanding	none detected	none detected		0		0	0	covered	100.0	6	6	low	Receipt identity, target SHA, source SHA, and PR evidence must be corroborated.	function:2a693da966746988a857b7da59537f52				no direct reverse call/type reference; inspect bodies
internal/worktrees/landing_evidence.go	detachedRefusal	detachedRefusal	function		false	156	163	landing/merge receipts	internal/worktreelanding	none detected	none detected	shortSHA(2)	2		0	0	partial	66.7	2	3	medium	Receipt identity, target SHA, source SHA, and PR evidence must be corroborated. Cross-domain calls: branch reconciliation/cleanup.	function:7679cbc567a7dcecf43ab7c9b963697e		internal/worktreelayout(1)		no direct reverse call/type reference; inspect bodies
internal/worktrees/landing_evidence.go	landedWithResidue	ListResult::landedWithResidue	method	ListResult	false	168	170	shared orchestration	internal/worktrees	none detected	none detected		0		0	0	covered	100.0	1	1	low	Keep transaction ordering, policy gates, and public API compatibility here.	method:a82c8cea30fe9f1bdc9b436dbb1fa320				no direct reverse call/type reference; inspect bodies
internal/worktrees/landing_evidence.go	residueReason	ListResult::residueReason	method	ListResult	false	176	186	shared orchestration	internal/worktrees	none detected	none detected	shortSHA(2); pluralCommits; LandingEvidence::ResidueSummary	4		0	0	partial	83.3	5	6	medium	Keep transaction ordering, policy gates, and public API compatibility here. Cross-domain calls: branch reconciliation/cleanup, landing/merge receipts.	method:5ef9d288ee94c7fcaadab72b3290c268				no direct reverse call/type reference; inspect bodies
internal/worktrees/landing_evidence.go	pluralCommits	pluralCommits	function		false	188	193	landing/merge receipts	internal/worktreelanding	none detected	none detected		0		0	0	partial	66.7	2	3	low	Receipt identity, target SHA, source SHA, and PR evidence must be corroborated.	function:41e1b9202e7dbc73a14b6f19caa1b644				no direct reverse call/type reference; inspect bodies
internal/worktrees/landing_evidence.go	ResidueSummary	LandingEvidence::ResidueSummary	method	LandingEvidence	true	196	205	landing/merge receipts	internal/worktreeproof	none detected	none detected	shortSHA	1		0	0	partial	83.3	5	6	medium	Receipt identity, target SHA, source SHA, and PR evidence must be corroborated. Cross-domain calls: branch reconciliation/cleanup. Neutral proof/receipt kernel; no import of branch, landing, or facade packages.	method:939ca86541ea78a0f9c3881805d317dd				no direct reverse call/type reference; inspect bodies
internal/worktrees/legacy_missing_claim.go	legacyMissingClaimRecovery	legacyMissingClaimRecovery	struct		false	22	39	claims/locks/worklogs	internal/worktreeclaims	none detected	none detected		0		0	0	n/a		0	0	low	Claim identity, immutable journal/terminal records, lock ownership, and projections must remain atomic.	struct:2867908b509b86b9a7e82ad00ac7347f				no direct reverse call/type reference; inspect bodies
internal/worktrees/legacy_missing_claim.go	legacyMissingClaimPlan	legacyMissingClaimPlan	struct		false	41	44	claims/locks/worklogs	internal/worktreeclaims	none detected	none detected		0		0	0	n/a		0	0	low	Claim identity, immutable journal/terminal records, lock ownership, and projections must remain atomic.	struct:5c00486f0fc661d8ca7415167a8a480f				no direct reverse call/type reference; inspect bodies
internal/worktrees/legacy_missing_claim.go	preflightAbortWorkLog	preflightAbortWorkLog	function		false	50	70	claims/locks/worklogs	internal/worktreeclaims	none detected	filesystem,global	planLegacyMissingClaimRecovery; readWorkLogProjectionForReadOnlyClaim; corroborateWorkLogProjection	3		0	0	partial	84.6	11	13	low	Claim identity, immutable journal/terminal records, lock ownership, and projections must remain atomic.	function:68d750140791a5a15d99316ff8a3fa13		internal/worktreeretire(1); internal/worktreelayout(1)	internal/worktreeretire(1)	needs facade or injected port
internal/worktrees/legacy_missing_claim.go	planLegacyMissingClaimRecovery	planLegacyMissingClaimRecovery	function		false	72	157	claims/locks/worklogs	internal/worktreeclaims	global	filesystem,global	ReadManifest; recoveredOriginalPromptEvidence; readWorkLogProjectionForReadOnlyClaim; workLogClaimID; openWorkLogRun; openWorkLogOutbox; readJSONAt; validateNewExecutionIdentity	10		0	0	partial	77.1	37	48	medium	Claim identity, immutable journal/terminal records, lock ownership, and projections must remain atomic. Cross-domain calls: secure filesystem/storage.	function:8a83ed156b964d761b55e7974bffadfc		internal/worktreeretire(1); internal/worktreelayout(1)	internal/worktreeretire(1)	needs facade or injected port
internal/worktrees/legacy_missing_claim.go	recoveredOriginalPromptEvidence	recoveredOriginalPromptEvidence	function		false	159	178	claims/locks/worklogs	internal/worktreeclaims	filesystem,global	filesystem,global	readBytesAt; readJSONAt	2		0	0	partial	85.7	12	14	medium	Claim identity, immutable journal/terminal records, lock ownership, and projections must remain atomic. Cross-domain calls: secure filesystem/storage.	function:1d3ef704471ce80ef6a632e91c6c152a				no direct reverse call/type reference; inspect bodies
internal/worktrees/legacy_missing_claim.go	recoverLegacyMissingClaimForAbort	recoverLegacyMissingClaimForAbort	function		false	180	242	claims/locks/worklogs	internal/worktreeclaims	filesystem,global	filesystem,global	openPrivateChild(2); readJSONAt(2); writeJSONImmutableAt(2); preflightWorkLogSeal(2); planLegacyMissingClaimRecovery; openLockedWorkLogRun	10		0	0	partial	78.4	40	51	medium	Claim identity, immutable journal/terminal records, lock ownership, and projections must remain atomic. Cross-domain calls: secure filesystem/storage.	function:7a25819e86d4f74283ead1e3afed3a81		internal/worktreeretire(1); internal/worktreelayout(1)	internal/worktreeretire(1)	needs facade or injected port
internal/worktrees/lifecycle.go	ListOptions	ListOptions	struct		true	33	112	layout/discovery	internal/worktreelayout	none detected	none detected		0	cmd/wb/worktree.go [instantiates]; internal/orchestrate/pr_land.go [instantiates]; cmd/wb/remote_collect.go [instantiates]; internal/agents/dispatch.go [instantiates]; cmd/wb/fleet_cmd.go [instantiates]	19	17	n/a		0	0	medium	Canonical paths, no-follow walk, placement policy, and owner coordinates must agree. Mixed god file; extract only after dependency seam exists.	struct:40a61981905b3a72f56d5337302a88f9		internal/worktreeproof(1)		no direct reverse call/type reference; inspect bodies
internal/worktrees/lifecycle.go	ListProgress	ListProgress	struct		true	120	137	layout/discovery	internal/worktreelayout	none detected	none detected		0	cmd/wb/remote_publish_progress.go [references]; cmd/wb/worktree_progress.go [references]	2	2	n/a		0	0	medium	Canonical paths, no-follow walk, placement policy, and owner coordinates must agree. Mixed god file; extract only after dependency seam exists.	struct:f8e570fe3fee0b66a283b05e4d638922				no direct reverse call/type reference; inspect bodies
internal/worktrees/lifecycle.go	pendingInspect	pendingInspect	struct		false	142	153	layout/discovery	internal/worktreelayout	none detected	none detected		0		0	0	n/a		0	0	low	Canonical paths, no-follow walk, placement policy, and owner coordinates must agree. Mixed god file; extract only after dependency seam exists.	struct:e64bf3354ddc9c6331a259f639f8a924				no direct reverse call/type reference; inspect bodies
internal/worktrees/lifecycle.go	cloneLocks	cloneLocks	struct		false	164	167	layout/discovery	internal/worktreelayout	global	global		0		0	0	n/a		0	0	low	Canonical paths, no-follow walk, placement policy, and owner coordinates must agree. Mixed god file; extract only after dependency seam exists.	struct:e6e9a85807147f6ccadcb4293e22af54				no direct reverse call/type reference; inspect bodies
internal/worktrees/lifecycle.go	newCloneLocks	newCloneLocks	function		false	169	169	layout/discovery	internal/worktreelayout	global	global		0		0	0	covered	100.0	1	1	low	Canonical paths, no-follow walk, placement policy, and owner coordinates must agree. Mixed god file; extract only after dependency seam exists.	function:d57c2829c7cfeb5f0752262410318619				no direct reverse call/type reference; inspect bodies
internal/worktrees/lifecycle.go	get	cloneLocks::get	method	cloneLocks	false	171	180	layout/discovery	internal/worktreelayout	global	global		0		0	0	covered	100.0	7	7	low	Canonical paths, no-follow walk, placement policy, and owner coordinates must agree. Mixed god file; extract only after dependency seam exists.	method:bb582d6ef737409ae4e694bf9343796d				no direct reverse call/type reference; inspect bodies
internal/worktrees/lifecycle.go	gitCommonDir	gitCommonDir	function		false	187	196	layout/discovery	internal/worktreelayout	git	git,global,process	git	1		0	0	partial	66.7	4	6	medium	Canonical paths, no-follow walk, placement policy, and owner coordinates must agree. Cross-domain calls: git subprocess/cache. Mixed god file; extract only after dependency seam exists.	function:7b7ee40693c78d3f38da6b9dc892ef9c				no direct reverse call/type reference; inspect bodies
internal/worktrees/lifecycle.go	listProgressReporter	listProgressReporter	struct		false	206	210	layout/discovery	internal/worktreelayout	global	global		0		0	0	n/a		0	0	low	Canonical paths, no-follow walk, placement policy, and owner coordinates must agree. Mixed god file; extract only after dependency seam exists.	struct:a02d3ccc31a065543c7586164513e301				no direct reverse call/type reference; inspect bodies
internal/worktrees/lifecycle.go	progressToken	progressToken	struct		false	215	218	layout/discovery	internal/worktreelayout	none detected	none detected		0		0	0	n/a		0	0	low	Canonical paths, no-follow walk, placement policy, and owner coordinates must agree. Mixed god file; extract only after dependency seam exists.	struct:98d799a57f001d76c4c3abd2d7785008				no direct reverse call/type reference; inspect bodies
internal/worktrees/lifecycle.go	start	listProgressReporter::start	method	listProgressReporter	false	220	229	layout/discovery	internal/worktreelayout	none detected	none detected		0		0	0	covered	100.0	7	7	low	Canonical paths, no-follow walk, placement policy, and owner coordinates must agree. Mixed god file; extract only after dependency seam exists.	method:84655496353e6648827e81683f6ea673				no direct reverse call/type reference; inspect bodies
internal/worktrees/lifecycle.go	finish	listProgressReporter::finish	method	listProgressReporter	false	231	241	layout/discovery	internal/worktreelayout	none detected	none detected		0		0	0	covered	100.0	5	5	low	Canonical paths, no-follow walk, placement policy, and owner coordinates must agree. Mixed god file; extract only after dependency seam exists.	method:f107f649542e91b29d9da3ad630079fd				no direct reverse call/type reference; inspect bodies
internal/worktrees/lifecycle.go	PullRequest	PullRequest	struct		true	245	255	layout/discovery	internal/worktreeproof	none detected	none detected		0		0	0	n/a		0	0	low	Canonical paths, no-follow walk, placement policy, and owner coordinates must agree. Mixed god file; extract only after dependency seam exists. Neutral proof/receipt kernel; no import of branch, landing, or facade packages.	struct:6d57cf80fe3363edab446276b1533077				no direct reverse call/type reference; inspect bodies
internal/worktrees/lifecycle.go	ListResult	ListResult	struct		true	258	399	layout/discovery	internal/worktreelayout	none detected	none detected		0	cmd/wb/worktree.go [references]; cmd/wb/session_attribution.go [references]; internal/remotestate/snapshot.go [references]; cmd/wb/session_park.go [references]; internal/orchestrate/pr_land.go [references]	8	5	n/a		0	0	medium	Canonical paths, no-follow walk, placement policy, and owner coordinates must agree. Mixed god file; extract only after dependency seam exists.	struct:c6c9087f98399cee2d96badb01188290		internal/worktreeproof(2); internal/worktreeclaims(2); internal/worktreebranches(1)	internal/worktreeclaims(2); internal/worktreebranches(1)	needs facade or injected port
internal/worktrees/lifecycle.go	ListDiagnostic	ListDiagnostic	struct		true	408	418	layout/discovery	internal/worktreelayout	none detected	none detected		0		0	0	n/a		0	0	low	Canonical paths, no-follow walk, placement policy, and owner coordinates must agree. Mixed god file; extract only after dependency seam exists.	struct:01b926d48d9be0f78091d0cb5d509f5c				no direct reverse call/type reference; inspect bodies
internal/worktrees/lifecycle.go	LifecycleArtifact	LifecycleArtifact	struct		true	426	439	layout/discovery	internal/worktreelayout	none detected	none detected		0		0	0	n/a		0	0	low	Canonical paths, no-follow walk, placement policy, and owner coordinates must agree. Mixed god file; extract only after dependency seam exists.	struct:945251c7b65bf7b5e6006d0037753cea				no direct reverse call/type reference; inspect bodies
internal/worktrees/lifecycle.go	ListOutcome	ListOutcome	struct		true	443	452	layout/discovery	internal/worktreelayout	none detected	none detected		0	cmd/wb/worktree_retire.go [references]	1	1	n/a		0	0	medium	Canonical paths, no-follow walk, placement policy, and owner coordinates must agree. Mixed god file; extract only after dependency seam exists.	struct:3ef0970ca408a7819292adb3b2e0c5f6				no direct reverse call/type reference; inspect bodies
internal/worktrees/lifecycle.go	CleanupOptions	CleanupOptions	struct		true	455	587	layout/discovery	internal/worktreelayout	global	global		0	cmd/wb/stream_adapters.go [instantiates]; cmd/wb/worktree.go [instantiates]; cmd/wb/worktree_end.go [instantiates]; internal/orchestrate/pr_land.go [instantiates]; internal/orchestrate/worktree_merge.go [instantiates]	5	5	n/a		0	0	medium	Canonical paths, no-follow walk, placement policy, and owner coordinates must agree. Mixed god file; extract only after dependency seam exists.	struct:4d997d580d02dce6576011845b191c3d		internal/worktreeproof(1)		no direct reverse call/type reference; inspect bodies
internal/worktrees/lifecycle.go	MergeReceiptCleanupProof	MergeReceiptCleanupProof	struct		true	592	601	layout/discovery	internal/worktreeproof	none detected	none detected		0	internal/orchestrate/pr_land.go [instantiates]; internal/orchestrate/worktree_merge.go [instantiates]; internal/orchestrate/worktree_merge.go [references]	3	3	n/a		0	0	medium	Canonical paths, no-follow walk, placement policy, and owner coordinates must agree. Mixed god file; extract only after dependency seam exists. Neutral proof/receipt kernel; no import of branch, landing, or facade packages.	struct:c03ee69819b652a65e8c631236bdce90				no direct reverse call/type reference; inspect bodies
internal/worktrees/lifecycle.go	CleanupResult	CleanupResult	struct		true	604	623	layout/discovery	internal/worktreelayout	none detected	none detected		0	cmd/wb/worktree.go [references]	1	1	n/a		0	0	medium	Canonical paths, no-follow walk, placement policy, and owner coordinates must agree. Mixed god file; extract only after dependency seam exists.	struct:8ac1642d2c1446a4d50761861c3fa04b				no direct reverse call/type reference; inspect bodies
internal/worktrees/lifecycle.go	cleanupResultProof	cleanupResultProof	function		false	627	635	layout/discovery	internal/worktreelayout	none detected	none detected		0		0	0	partial	80.0	4	5	low	Canonical paths, no-follow walk, placement policy, and owner coordinates must agree. Mixed god file; extract only after dependency seam exists.	function:ab35b0e7e13653d983d77b3caafe09cb				no direct reverse call/type reference; inspect bodies
internal/worktrees/lifecycle.go	CleanupOutcome	CleanupOutcome	struct		true	645	667	retirement/recovery/GC	internal/worktreeretire	none detected	none detected		0	cmd/wb/worktree.go [references]	2	1	n/a		0	0	medium	Recoverable snapshots and durable receipts precede destructive local/remote cleanup. Mixed god file; extract only after dependency seam exists.	struct:fd57d62f08ab0cb3a66887da6a800bb9		internal/worktreelayout(5)		no direct reverse call/type reference; inspect bodies
internal/worktrees/lifecycle.go	InterruptedLockRecovery	InterruptedLockRecovery	struct		true	671	679	layout/discovery	internal/worktreelayout	none detected	none detected		0		0	0	n/a		0	0	low	Canonical paths, no-follow walk, placement policy, and owner coordinates must agree. Mixed god file; extract only after dependency seam exists.	struct:f5b393b02d5359f498f80227052e12b0				no direct reverse call/type reference; inspect bodies
internal/worktrees/lifecycle.go	cleanupReport	cleanupReport	struct		false	681	695	layout/discovery	internal/worktreelayout	none detected	none detected		0		0	0	n/a		0	0	low	Canonical paths, no-follow walk, placement policy, and owner coordinates must agree. Mixed god file; extract only after dependency seam exists.	struct:3c70486fda974a0e056ac54af7cd08b1				no direct reverse call/type reference; inspect bodies
internal/worktrees/lifecycle.go	ValidateTerminalCleanupReports	ValidateTerminalCleanupReports	function		true	703	762	retirement/recovery/GC	internal/worktreeretire	global	filesystem,global	readCleanupReportFile	1	internal/orchestrate/worktree_merge.go [calls]	1	1	covered	100.0	42	42	medium	Recoverable snapshots and durable receipts precede destructive local/remote cleanup. Mixed god file; extract only after dependency seam exists.	function:7d94ec7bee549c95b902461e697eebad				no direct reverse call/type reference; inspect bodies
internal/worktrees/lifecycle.go	requireJSONEOF	requireJSONEOF	function		false	764	773	layout/discovery	internal/worktreelayout	global	global		0		0	0	covered	100.0	6	6	low	Canonical paths, no-follow walk, placement policy, and owner coordinates must agree. Mixed god file; extract only after dependency seam exists.	function:5b035223ca391be64e42466fc46405c1				no direct reverse call/type reference; inspect bodies
internal/worktrees/lifecycle.go	cleanupTaskHandle	cleanupTaskHandle	struct		false	775	781	layout/discovery	internal/worktreelayout	none detected	none detected		0		0	0	n/a		0	0	low	Canonical paths, no-follow walk, placement policy, and owner coordinates must agree. Mixed god file; extract only after dependency seam exists.	struct:cff7c916850f765d5851d9085eeddbbc		internal/worktreeclaims(1)	internal/worktreeclaims(1)	needs facade or injected port
internal/worktrees/lifecycle.go	cleanupLifecycleArtifactHandle	cleanupLifecycleArtifactHandle	struct		false	783	787	layout/discovery	internal/worktreelayout	none detected	none detected		0		0	0	n/a		0	0	low	Canonical paths, no-follow walk, placement policy, and owner coordinates must agree. Mixed god file; extract only after dependency seam exists.	struct:810df6145078f5318c4c182325c23db6				no direct reverse call/type reference; inspect bodies
internal/worktrees/lifecycle.go	prepareCleanupLifecycleArtifacts	prepareCleanupLifecycleArtifacts	function		false	789	852	retirement/recovery/GC	internal/worktreeretire	filesystem	filesystem,global	closeCleanupLifecycleArtifacts(6); lifecycleArtifactName; lifecycleBacklogID; directoryStillMatches; directoryEmpty; openAbsoluteDirectoryNoFollow	11		0	0	partial	82.9	34	41	high	Recoverable snapshots and durable receipts precede destructive local/remote cleanup. Cross-domain calls: layout/discovery, secure filesystem/storage. Mixed god file; extract only after dependency seam exists.	function:bfdef5cf7995dc18aa834dc2b860bc6e		internal/worktreelayout(3)		no direct reverse call/type reference; inspect bodies
internal/worktrees/lifecycle.go	archiveCleanupLifecycleArtifacts	archiveCleanupLifecycleArtifacts	function		false	854	888	retirement/recovery/GC	internal/worktreeretire	none detected	filesystem,global	cleanupTaskHandle::validate; directoryEmpty; moveExpectedDirectoryNoReplace	3		0	0	partial	90.5	19	21	medium	Recoverable snapshots and durable receipts precede destructive local/remote cleanup. Cross-domain calls: layout/discovery, secure filesystem/storage. Mixed god file; extract only after dependency seam exists.	function:c29404e0fa6ccbd428e5f73c9617a96d		internal/worktreelayout(3)		no direct reverse call/type reference; inspect bodies
internal/worktrees/lifecycle.go	closeCleanupLifecycleArtifacts	closeCleanupLifecycleArtifacts	function		false	890	896	retirement/recovery/GC	internal/worktreeretire	none detected	none detected	PlacementWorktree::Close	1		0	0	covered	100.0	3	3	medium	Recoverable snapshots and durable receipts precede destructive local/remote cleanup. Cross-domain calls: shared orchestration. Mixed god file; extract only after dependency seam exists.	function:a7a3bbd1a7553c227a2ced881430c0e8	internal/worktrees(1)	internal/worktreelayout(1)		needs facade or injected port
internal/worktrees/lifecycle.go	validate	cleanupTaskHandle::validate	method	cleanupTaskHandle	false	898	906	layout/discovery	internal/worktreelayout	none detected	filesystem	directoryStillMatches(2)	2		0	0	covered	100.0	5	5	medium	Canonical paths, no-follow walk, placement policy, and owner coordinates must agree. Cross-domain calls: secure filesystem/storage. Mixed god file; extract only after dependency seam exists.	method:48956b45dbd5866835d1cac42f4f9e5e				no direct reverse call/type reference; inspect bodies
internal/worktrees/lifecycle.go	close	cleanupTaskHandle::close	method	cleanupTaskHandle	false	908	915	layout/discovery	internal/worktreelayout	none detected	none detected	PlacementWorktree::Close(2)	2		0	0	covered	100.0	4	4	medium	Canonical paths, no-follow walk, placement policy, and owner coordinates must agree. Cross-domain calls: shared orchestration. Mixed god file; extract only after dependency seam exists.	method:15dd7a9dcd04447645857baf75c81f33	internal/worktrees(2)			needs facade or injected port
internal/worktrees/lifecycle.go	cleanupWorktreeHandle	cleanupWorktreeHandle	struct		false	917	947	layout/discovery	internal/worktreelayout	none detected	none detected		0		0	0	n/a		0	0	low	Canonical paths, no-follow walk, placement policy, and owner coordinates must agree. Mixed god file; extract only after dependency seam exists.	struct:2af535d55c0f05bd531e7b872196f22d				no direct reverse call/type reference; inspect bodies
internal/worktrees/lifecycle.go	validate	cleanupWorktreeHandle::validate	method	cleanupWorktreeHandle	false	949	968	layout/discovery	internal/worktreelayout	none detected	filesystem	directoryStillMatches(3); cleanupTaskHandle::validate	4		0	0	partial	90.0	9	10	medium	Canonical paths, no-follow walk, placement policy, and owner coordinates must agree. Cross-domain calls: secure filesystem/storage. Mixed god file; extract only after dependency seam exists.	method:a25d788ccfd9a81f92cdc0843b5b686f				no direct reverse call/type reference; inspect bodies
internal/worktrees/lifecycle.go	removeEmptyParent	cleanupWorktreeHandle::removeEmptyParent	method	cleanupWorktreeHandle	false	970	1037	layout/discovery	internal/worktreelayout	none detected	filesystem	directoryStillMatches(3); cleanupTaskHandle::validate; directoryEntryStillMatches	5		0	0	partial	87.5	21	24	medium	Canonical paths, no-follow walk, placement policy, and owner coordinates must agree. Cross-domain calls: secure filesystem/storage. Mixed god file; extract only after dependency seam exists.	method:29d5f2484e8e587c08ff939f9a676abd				no direct reverse call/type reference; inspect bodies
internal/worktrees/lifecycle.go	close	cleanupWorktreeHandle::close	method	cleanupWorktreeHandle	false	1039	1049	layout/discovery	internal/worktreelayout	none detected	none detected	PlacementWorktree::Close(3)	3		0	0	covered	100.0	6	6	medium	Canonical paths, no-follow walk, placement policy, and owner coordinates must agree. Cross-domain calls: shared orchestration. Mixed god file; extract only after dependency seam exists.	method:9fd68524548c193ac7b53b8620af1db8	internal/worktrees(3)			needs facade or injected port
internal/worktrees/lifecycle.go	githubPullRequest	githubPullRequest	struct		false	1051	1059	layout/discovery	internal/worktreelayout	none detected	none detected		0		0	0	n/a		0	0	low	Canonical paths, no-follow walk, placement policy, and owner coordinates must agree. Mixed god file; extract only after dependency seam exists.	struct:94d8279d53e5ef8856a673e860f6a4f5				no direct reverse call/type reference; inspect bodies
internal/worktrees/lifecycle.go	githubRef	githubRef	struct		false	1061	1065	layout/discovery	internal/worktreelayout	none detected	none detected		0		0	0	n/a		0	0	low	Canonical paths, no-follow walk, placement policy, and owner coordinates must agree. Mixed god file; extract only after dependency seam exists.	struct:3fc707fb1993202d833893ea1f0b10df				no direct reverse call/type reference; inspect bodies
internal/worktrees/lifecycle.go	githubRepository	githubRepository	struct		false	1067	1069	layout/discovery	internal/worktreelayout	none detected	none detected		0		0	0	n/a		0	0	low	Canonical paths, no-follow walk, placement policy, and owner coordinates must agree. Mixed god file; extract only after dependency seam exists.	struct:53ba7bdd2f6a04ea6176aef792d59d77				no direct reverse call/type reference; inspect bodies
internal/worktrees/lifecycle.go	List	List	function		true	1073	1079	layout/discovery	internal/worktreelayout	none detected	global	ListWithDiagnostics	1	cmd/wb/remote_collect.go [calls]; cmd/wb/session_park.go [calls]; cmd/wb/worktree_end.go [calls]; internal/orchestrate/pr_create.go [calls]; internal/orchestrate/worktree_merge.go [calls]	8	8	partial	75.0	3	4	medium	Canonical paths, no-follow walk, placement policy, and owner coordinates must agree. Mixed god file; extract only after dependency seam exists.	function:4ce1ed735611ad7e72440d20954e6689				no direct reverse call/type reference; inspect bodies
internal/worktrees/lifecycle.go	listInventoryOp	listInventoryOp	struct		false	1089	1100	layout/discovery	internal/worktreelayout	none detected	none detected		0		0	0	n/a		0	0	low	Canonical paths, no-follow walk, placement policy, and owner coordinates must agree. Mixed god file; extract only after dependency seam exists.	struct:d63f5ae3f2cbde307e55a4b9a19f272c				no direct reverse call/type reference; inspect bodies
internal/worktrees/lifecycle.go	newListInventoryOp	newListInventoryOp	function		false	1105	1160	layout/discovery	internal/worktreelayout	global	env,filesystem,global,process	withGitQueryMemo; normalizeTaskSelection; normalizeListOptions; withProjectsRoot; appendConfiguredSharedWorktreesLayout; withTargetHeadCache	6		0	0	partial	86.8	33	38	high	Canonical paths, no-follow walk, placement policy, and owner coordinates must agree. Cross-domain calls: git subprocess/cache, landing/merge receipts, secure filesystem/storage. Mixed god file; extract only after dependency seam exists.	function:7785bdb228e1fe58eaf5ba4bf11ab486	internal/worktreelanding(1)			needs facade or injected port
internal/worktrees/lifecycle.go	walkSharedLayouts	listInventoryOp::walkSharedLayouts	method	listInventoryOp	false	1164	1178	layout/discovery	internal/worktreelayout	none detected	filesystem	listLayout; taskSelectionSet	2		0	0	covered	100.0	9	9	low	Canonical paths, no-follow walk, placement policy, and owner coordinates must agree. Mixed god file; extract only after dependency seam exists.	method:07f6653d1b5738209f3cca4ad3f84b1d				no direct reverse call/type reference; inspect bodies
internal/worktrees/lifecycle.go	walkLocalLayouts	listInventoryOp::walkLocalLayouts	method	listInventoryOp	false	1184	1243	layout/discovery	internal/worktreelayout	global	filesystem,git,global	taskSelectionSet(2); discoverTaskScopedLocalWorktreeLayouts; discoverCanonicalLocalWorktreeLayouts; listCanonicalLocalLayout	5		0	0	partial	97.5	39	40	low	Canonical paths, no-follow walk, placement policy, and owner coordinates must agree. Mixed god file; extract only after dependency seam exists.	method:38ed2f1dcc2b8c311f0bbfb8cc2f1bb9				no direct reverse call/type reference; inspect bodies
internal/worktrees/lifecycle.go	mergeClaimedAndSort	listInventoryOp::mergeClaimedAndSort	method	listInventoryOp	false	1248	1299	layout/discovery	internal/worktreelayout	none detected	filesystem,git,global	listClaimedRegistryWorktrees; taskSelectionSet	2		0	0	partial	78.8	26	33	low	Canonical paths, no-follow walk, placement policy, and owner coordinates must agree. Mixed god file; extract only after dependency seam exists.	method:18bec9ded14a207a84acd1f9eea2eb53				no direct reverse call/type reference; inspect bodies
internal/worktrees/lifecycle.go	ListWithDiagnostics	ListWithDiagnostics	function		true	1301	1314	layout/discovery	internal/worktreelayout	none detected	filesystem,global	newListInventoryOp; listInventoryOp::walkSharedLayouts; listInventoryOp::walkLocalLayouts; listInventoryOp::mergeClaimedAndSort	4	cmd/wb/worktree.go [calls]; internal/orchestrate/pr_land.go [calls]; cmd/wb/locallink_guard.go [calls]; internal/orchestrate/pr_land_keep.go [calls]	6	4	partial	77.8	7	9	medium	Canonical paths, no-follow walk, placement policy, and owner coordinates must agree. Mixed god file; extract only after dependency seam exists.	function:ee22c1ab9ffb6a28dd23fca426699c80				no direct reverse call/type reference; inspect bodies
internal/worktrees/lifecycle.go	discoverCanonicalLocalWorktreeLayouts	discoverCanonicalLocalWorktreeLayouts	function		false	1320	1383	layout/discovery	internal/worktreelayout	filesystem	filesystem,git	listDiagnostic(5); validRepositorySegment; filterMatches; canonicalOwnerDirectories; gitDirectories	9		0	0	partial	75.6	34	45	medium	Canonical paths, no-follow walk, placement policy, and owner coordinates must agree. Cross-domain calls: git subprocess/cache. Mixed god file; extract only after dependency seam exists.	function:614d8fb2a36e4e2bde6e0a8723b089b2				no direct reverse call/type reference; inspect bodies
internal/worktrees/lifecycle.go	discoverTaskScopedLocalWorktreeLayouts	discoverTaskScopedLocalWorktreeLayouts	function		false	1389	1488	layout/discovery	internal/worktreelayout	filesystem,global	filesystem,global	listDiagnostic(3); validSafeSegment; resolveRelocationChain; validRepositorySegment; CanonicalRepositoryPath; canonicalOwnerDirectories	8		0	0	partial	83.3	50	60	high	Canonical paths, no-follow walk, placement policy, and owner coordinates must agree. Cross-domain calls: git subprocess/cache, shared orchestration. Mixed god file; extract only after dependency seam exists.	function:f5652798b04a1f486505aa8afc503c58	internal/worktrees(1)			needs facade or injected port
internal/worktrees/lifecycle.go	listCanonicalLocalLayout	listCanonicalLocalLayout	function		false	1501	1582	layout/discovery	internal/worktreelayout	filesystem	filesystem,git,global	listDiagnostic(4); inspectLifecycleArtifact; taskSelectionMatches; validSafeSegment; hasGitMetadata; isGitRoot; inspectLifecycleTaskLock; gitCommonDir	12		0	0	partial	86.7	39	45	medium	Canonical paths, no-follow walk, placement policy, and owner coordinates must agree. Mixed god file; extract only after dependency seam exists.	function:d85c97ad08754ddefe19cb4c841a518d				no direct reverse call/type reference; inspect bodies
internal/worktrees/lifecycle.go	listClaimedRegistryWorktrees	listClaimedRegistryWorktrees	function		false	1589	1699	layout/discovery	internal/worktreelayout	none detected	filesystem,git,global	listDiagnostic(9); claimedSharedWorktreeLayout(3); filterMatches(2); activeWorkLogClaim(2); taskSelectionMatches(2); listTaskScopedClaimedRegistryWorktrees; discoverCanonicalClones; linkedWorktreesOf	28		0	0	partial	79.7	55	69	medium	Canonical paths, no-follow walk, placement policy, and owner coordinates must agree. Cross-domain calls: claims/locks/worklogs. Mixed god file; extract only after dependency seam exists.	function:f40fde56949809df1802635aa143a67e	internal/worktreeclaims(3)			needs facade or injected port
internal/worktrees/lifecycle.go	listTaskScopedClaimedRegistryWorktrees	listTaskScopedClaimedRegistryWorktrees	function		false	1701	1771	layout/discovery	internal/worktreelayout	filesystem,global	filesystem,git,global	listDiagnostic(4); validSafeSegment; claimedSharedWorktreeLayout; filterMatches; hasExistingWorkLogTerminal; hasGitMetadata; isGitRoot; inspectLifecycleTaskLock	13		0	0	partial	79.6	39	49	medium	Canonical paths, no-follow walk, placement policy, and owner coordinates must agree. Cross-domain calls: claims/locks/worklogs. Mixed god file; extract only after dependency seam exists.	function:8ef2e5a8db62c5ac39dd4c995c81a6b2	internal/worktreeclaims(1)			needs facade or injected port
internal/worktrees/lifecycle.go	activeWorkLogClaimAtPath	activeWorkLogClaimAtPath	function		false	1777	1857	layout/discovery	internal/worktreelayout	filesystem,global	filesystem,global	openPrivateChild(4); validSafeSegment(2); taskSelectionMatches; validClaimID; readJSONAt; openAbsoluteDirectoryNoFollow	10		0	0	partial	87.3	55	63	high	Canonical paths, no-follow walk, placement policy, and owner coordinates must agree. Cross-domain calls: claims/locks/worklogs, secure filesystem/storage. Mixed god file; extract only after dependency seam exists.	function:133605fdbde3c853302e39c14962fbe1	internal/worktreeclaims(1)	internal/worktreeclaims(1)	internal/worktreeclaims(1)	needs facade or injected port
internal/worktrees/lifecycle.go	claimedSharedWorktreeLayout	claimedSharedWorktreeLayout	function		false	1863	1884	layout/discovery	internal/worktreelayout	none detected	none detected	validSafeSegment; splitRepository	2		0	0	partial	94.1	16	17	low	Canonical paths, no-follow walk, placement policy, and owner coordinates must agree. Mixed god file; extract only after dependency seam exists.	function:4c1e8919aad5aae281f66b4f294a31f4		internal/worktreeclaims(1)	internal/worktreeclaims(1)	needs facade or injected port
internal/worktrees/lifecycle.go	claimedLocalWorktreeLayout	claimedLocalWorktreeLayout	function		false	1890	1903	layout/discovery	internal/worktreelayout	none detected	filesystem	validSafeSegment; splitRepositoryAddress; CanonicalRepositoryPath	3		0	0	partial	77.8	7	9	low	Canonical paths, no-follow walk, placement policy, and owner coordinates must agree. Mixed god file; extract only after dependency seam exists.	function:2795cdc2737a2135fc09ba6c7dbde202		internal/worktreeclaims(1)	internal/worktreeclaims(1)	needs facade or injected port
internal/worktrees/lifecycle.go	lifecycleTaskLockRoot	lifecycleTaskLockRoot	function		false	1909	1915	layout/discovery	internal/worktreelayout	none detected	none detected		0		0	0	covered	100.0	4	4	low	Canonical paths, no-follow walk, placement policy, and owner coordinates must agree. Mixed god file; extract only after dependency seam exists.	function:33e00547132c89df6edb68711f77bc8d				no direct reverse call/type reference; inspect bodies
internal/worktrees/lifecycle.go	inspectLifecycleTaskLock	inspectLifecycleTaskLock	function		false	1917	1926	layout/discovery	internal/worktreelayout	filesystem	filesystem	lifecycleTaskLockRoot	1		0	0	partial	83.3	5	6	low	Canonical paths, no-follow walk, placement policy, and owner coordinates must agree. Mixed god file; extract only after dependency seam exists.	function:5a624bc55fc8ce4658b61d05977a420c				no direct reverse call/type reference; inspect bodies
internal/worktrees/lifecycle.go	cleanupInspectPolicy	cleanupInspectPolicy	function		false	1931	1941	layout/discovery	internal/worktreelayout	none detected	none detected	cleanupWantsResidueEvidence	1		0	0	covered	100.0	1	1	low	Canonical paths, no-follow walk, placement policy, and owner coordinates must agree. Mixed god file; extract only after dependency seam exists.	function:07088c27ebb428dba1fbf22e1aa553d8				no direct reverse call/type reference; inspect bodies
internal/worktrees/lifecycle.go	cleanupWantsResidueEvidence	cleanupWantsResidueEvidence	function		false	1950	1952	layout/discovery	internal/worktreelayout	none detected	none detected		0		0	0	covered	100.0	1	1	low	Canonical paths, no-follow walk, placement policy, and owner coordinates must agree. Mixed god file; extract only after dependency seam exists.	function:40271deae30909b44b2d6c9543561902				no direct reverse call/type reference; inspect bodies
internal/worktrees/lifecycle.go	layoutListing	layoutListing	struct		false	1959	1978	layout/discovery	internal/worktreelayout	none detected	none detected		0		0	0	n/a		0	0	low	Canonical paths, no-follow walk, placement policy, and owner coordinates must agree. Mixed god file; extract only after dependency seam exists.	struct:91ee92295153ff3475f2a5fa0a570361				no direct reverse call/type reference; inspect bodies
internal/worktrees/lifecycle.go	walkTasks	layoutListing::walkTasks	method	layoutListing	false	1985	2162	shared orchestration	internal/worktrees	filesystem	filesystem,git,global	listDiagnostic(9); hasGitMetadata(4); isGitRoot(4); filterMatches(4); validSafeSegment(3); gitCommonDir(3); vanishedDuringWalk(2); taskSelectionMatches	34		0	0	partial	86.9	86	99	high	Keep transaction ordering, policy gates, and public API compatibility here. Cross-domain calls: layout/discovery, retirement/recovery/GC. Mixed god file; extract only after dependency seam exists.	method:0421f14a6c9bf3b91d6646d7a9f13008				no direct reverse call/type reference; inspect bodies
internal/worktrees/lifecycle.go	inspectPending	layoutListing::inspectPending	method	layoutListing	false	2166	2172	layout/discovery	internal/worktreelayout	none detected	global	runInspections	1		0	0	covered	100.0	3	3	low	Canonical paths, no-follow walk, placement policy, and owner coordinates must agree. Mixed god file; extract only after dependency seam exists.	method:d4f04d591ed32e0e3120558c33c98388				no direct reverse call/type reference; inspect bodies
internal/worktrees/lifecycle.go	listLayout	listLayout	function		false	2174	2209	layout/discovery	internal/worktreelayout	filesystem	filesystem,git,global	layoutListing::walkTasks; layoutListing::inspectPending	2		0	0	covered	100.0	32	32	low	Canonical paths, no-follow walk, placement policy, and owner coordinates must agree. Mixed god file; extract only after dependency seam exists.	function:7ea05b3c943293d0a746f285eb7d7396	internal/worktrees(1)			needs facade or injected port
internal/worktrees/lifecycle.go	runInspections	runInspections	function		false	2217	2288	layout/discovery	internal/worktreelayout	global	filesystem,git,global	filterMatches(2); newCloneLocks; listProgressReporter::start; cloneLocks::get; inspectLifecycleWorktree; listProgressReporter::finish; inspectErrorFilterCandidates; listDiagnosticForInspectError	9		0	0	partial	98.3	59	60	medium	Canonical paths, no-follow walk, placement policy, and owner coordinates must agree. Mixed god file; extract only after dependency seam exists.	function:613e55931d1799fffb8b3ae0a3418bfc				no direct reverse call/type reference; inspect bodies
internal/worktrees/lifecycle.go	inspectLifecycleArtifact	inspectLifecycleArtifact	function		false	2290	2329	layout/discovery	internal/worktreelayout	filesystem	filesystem,git,global	lifecycleArtifactName; isWorktreeStagingDirectory; isRetiredWorktreeStagingDirectory; openAbsoluteDirectoryNoFollow; directoryEmpty; OriginSlug	6		0	0	partial	86.2	25	29	medium	Canonical paths, no-follow walk, placement policy, and owner coordinates must agree. Cross-domain calls: secure filesystem/storage. Mixed god file; extract only after dependency seam exists.	function:4b8805060766ac06196fdbe8352b8892				no direct reverse call/type reference; inspect bodies
internal/worktrees/lifecycle.go	lifecycleArtifactName	lifecycleArtifactName	function		false	2331	2340	layout/discovery	internal/worktreelayout	none detected	none detected		0		0	0	covered	100.0	4	4	low	Canonical paths, no-follow walk, placement policy, and owner coordinates must agree. Mixed god file; extract only after dependency seam exists.	function:bf4ebebdf3c668ca10280cc1d4686b6f				no direct reverse call/type reference; inspect bodies
internal/worktrees/lifecycle.go	vanishedDuringWalk	vanishedDuringWalk	function		false	2347	2349	layout/discovery	internal/worktreelayout	none detected	none detected		0		0	0	covered	100.0	1	1	low	Canonical paths, no-follow walk, placement policy, and owner coordinates must agree. Mixed god file; extract only after dependency seam exists.	function:4ae8baf41e378a2331c958932ccd30d5				no direct reverse call/type reference; inspect bodies
internal/worktrees/lifecycle.go	listDiagnostic	listDiagnostic	function		false	2351	2353	layout/discovery	internal/worktreelayout	none detected	none detected		0		0	0	covered	100.0	1	1	low	Canonical paths, no-follow walk, placement policy, and owner coordinates must agree. Mixed god file; extract only after dependency seam exists.	function:3a4466077f18487192706dc4e819c82d				no direct reverse call/type reference; inspect bodies
internal/worktrees/lifecycle.go	listDiagnosticForInspectError	listDiagnosticForInspectError	function		false	2363	2372	layout/discovery	internal/worktreelayout	global	global	listDiagnostic(2)	2		0	0	covered	100.0	4	4	low	Canonical paths, no-follow walk, placement policy, and owner coordinates must agree. Mixed god file; extract only after dependency seam exists.	function:a30246a4144b6dc43c3e865541c28e07				no direct reverse call/type reference; inspect bodies
internal/worktrees/lifecycle.go	inspectErrorFilterCandidates	inspectErrorFilterCandidates	function		false	2381	2388	layout/discovery	internal/worktreelayout	global	global		0		0	0	covered	100.0	5	5	low	Canonical paths, no-follow walk, placement policy, and owner coordinates must agree. Mixed god file; extract only after dependency seam exists.	function:2d950ad95ae960ba734d290a721b7674				no direct reverse call/type reference; inspect bodies
internal/worktrees/lifecycle.go	filterMatches	filterMatches	function		false	2396	2406	layout/discovery	internal/worktreelayout	none detected	none detected		0		0	0	covered	100.0	6	6	low	Canonical paths, no-follow walk, placement policy, and owner coordinates must agree. Mixed god file; extract only after dependency seam exists.	function:8e4004932c44a665fd7a593b069a100a				no direct reverse call/type reference; inspect bodies
internal/worktrees/lifecycle.go	isGitRoot	isGitRoot	function		false	2408	2411	layout/discovery	internal/worktreelayout	git	git,global,process	git	1		0	0	covered	100.0	2	2	medium	Canonical paths, no-follow walk, placement policy, and owner coordinates must agree. Cross-domain calls: git subprocess/cache. Mixed god file; extract only after dependency seam exists.	function:5abe0efded5e86d36321a0bb002db904				no direct reverse call/type reference; inspect bodies
internal/worktrees/lifecycle.go	hasGitMetadata	hasGitMetadata	function		false	2418	2421	layout/discovery	internal/worktreelayout	filesystem	filesystem		0		0	0	covered	100.0	2	2	low	Canonical paths, no-follow walk, placement policy, and owner coordinates must agree. Mixed god file; extract only after dependency seam exists.	function:054c8925230326d1406d68ddd01b8d98				no direct reverse call/type reference; inspect bodies
internal/worktrees/lifecycle.go	cleanupRun	cleanupRun	struct		false	2430	2445	retirement/recovery/GC	internal/worktreeretire	none detected	none detected		0		0	0	n/a		0	0	low	Recoverable snapshots and durable receipts precede destructive local/remote cleanup. Mixed god file; extract only after dependency seam exists.	struct:7b324e6d05ce2ccf6b2edd1b0ac1dc89		internal/worktreelayout(4)		no direct reverse call/type reference; inspect bodies
internal/worktrees/lifecycle.go	newCleanupRun	newCleanupRun	function		false	2451	2502	retirement/recovery/GC	internal/worktreeretire	global	env,filesystem,git,global,process	normalizeCleanupOptions; withProjectsRoot; appendConfiguredSharedWorktreesLayout; discoverTaskScopedLocalWorktreeLayouts; taskSelectionSet; discoverCanonicalLocalWorktreeLayouts; resolveLogicalCleanupTasks; requireGitFilesystemCapability	8		0	0	partial	83.9	26	31	high	Recoverable snapshots and durable receipts precede destructive local/remote cleanup. Cross-domain calls: git subprocess/cache, layout/discovery, secure filesystem/storage. Mixed god file; extract only after dependency seam exists.	function:ec474dc53bf5fe3ff4ea093888628f76		internal/worktreelayout(1)		no direct reverse call/type reference; inspect bodies
internal/worktrees/lifecycle.go	reclaimInterruptedLock	cleanupRun::reclaimInterruptedLock	method	cleanupRun	false	2508	2515	retirement/recovery/GC	internal/worktreeretire	global	filesystem,global	reclaimNamedInterruptedCleanupTask	1		0	0	covered	100.0	5	5	medium	Recoverable snapshots and durable receipts precede destructive local/remote cleanup. Cross-domain calls: claims/locks/worklogs. Mixed god file; extract only after dependency seam exists.	method:cc507f99601b106ce678cd72bba3515d				no direct reverse call/type reference; inspect bodies
internal/worktrees/lifecycle.go	gatherInventory	cleanupRun::gatherInventory	method	cleanupRun	false	2522	2607	retirement/recovery/GC	internal/worktreeretire	global	filesystem,git,global	taskSelectionSet(2); DefaultCleanupReportDir; ListWithDiagnostics; cleanupWantsResidueEvidence; applyMergeReceiptCleanupProof; applyAbsorbedConflictAcknowledgementCleanupProof; applySupersessionReceipt; logicalCleanupTaskKey	12		0	0	partial	84.4	38	45	medium	Recoverable snapshots and durable receipts precede destructive local/remote cleanup. Cross-domain calls: branch reconciliation/cleanup, layout/discovery. Mixed god file; extract only after dependency seam exists.	method:1cbdb8270e93cb76ad47b3e8511d1ae5				no direct reverse call/type reference; inspect bodies
internal/worktrees/lifecycle.go	verifyTasksFound	cleanupRun::verifyTasksFound	method	cleanupRun	false	2613	2651	retirement/recovery/GC	internal/worktreeretire	none detected	global	cleanupTaskWasFound(2); ListWithDiagnostics; cleanupWantsResidueEvidence	4		0	0	partial	90.0	9	10	medium	Recoverable snapshots and durable receipts precede destructive local/remote cleanup. Cross-domain calls: layout/discovery. Mixed god file; extract only after dependency seam exists.	method:681877b2ab4156873c34fd2ac2e15a08				no direct reverse call/type reference; inspect bodies
internal/worktrees/lifecycle.go	buildResults	cleanupRun::buildResults	method	cleanupRun	false	2657	2709	retirement/recovery/GC	internal/worktreeretire	none detected	filesystem,global	cleanupEligibility; preflightWorkLogSealForCleanup; cleanupResultProof; blockDiagnosedTasks; scopeLifecycleArtifacts; blockArtifactTasks; blockUnsafeTasks; blockEffortsWithLiveDescendants	8		0	0	partial	92.9	26	28	high	Recoverable snapshots and durable receipts precede destructive local/remote cleanup. Cross-domain calls: branch reconciliation/cleanup, claims/locks/worklogs, layout/discovery. Mixed god file; extract only after dependency seam exists.	method:41558c8cdd6cf5608777bec283b0c075				no direct reverse call/type reference; inspect bodies
internal/worktrees/lifecycle.go	Cleanup	Cleanup	function		true	2711	2758	retirement/recovery/GC	internal/worktreeretire	none detected	filesystem,git,global,network,process	newCleanupRun; cleanupRun::reclaimInterruptedLock; cleanupTaskHandle::preserveLock; cleanupRun::gatherInventory; cleanupRun::verifyTasksFound; cleanupRun::buildResults; writeCleanupReport; cleanupRun::applyCleanup	8	cmd/wb/worktree.go [calls]; cmd/wb/worktree_end.go [calls]; internal/orchestrate/pr_land.go [calls]; internal/orchestrate/worktree_merge.go [calls]	4	4	partial	88.9	24	27	medium	Recoverable snapshots and durable receipts precede destructive local/remote cleanup. Cross-domain calls: claims/locks/worklogs. Mixed god file; extract only after dependency seam exists.	function:ce35cc537d1afbccd84cbddfd7b7a8d3		internal/worktreelayout(1)		no direct reverse call/type reference; inspect bodies
internal/worktrees/lifecycle.go	applyCleanup	cleanupRun::applyCleanup	method	cleanupRun	false	2764	2894	retirement/recovery/GC	internal/worktreeretire	filesystem,global	filesystem,git,global,network,process	writeCleanupReport(2); resumeLifecycleBacklog; planCleanupApply; newCloneLocks; newRemoteBranchDeletionGate; cleanupRun::applyCleanupTask; runCleanupApply; listDiagnostic	10		0	0	partial	95.1	58	61	medium	Recoverable snapshots and durable receipts precede destructive local/remote cleanup. Cross-domain calls: layout/discovery. Mixed god file; extract only after dependency seam exists.	method:72e89aa3dbed3c6c418f07262c9a7134				no direct reverse call/type reference; inspect bodies
internal/worktrees/lifecycle.go	applyCleanupTask	cleanupRun::applyCleanupTask	method	cleanupRun	false	2901	3224	retirement/recovery/GC	internal/worktreeretire	global,network,process	filesystem,git,global,network,process	persistLifecycleBacklog(7); validateRecoveredCleanupLock(3); runSecureCleanupGitHelper(3); cleanupTaskHandle::preserveLock(2); repositoryRegistrationLock::release(2); purgeTerminalTaskLockDebris(2); cleanupTaskHandle::validateHeldLock; acquireCleanupTaskAtOrCreate	48		0	0	partial	83.9	161	192	high	Recoverable snapshots and durable receipts precede destructive local/remote cleanup. Cross-domain calls: branch reconciliation/cleanup, claims/locks/worklogs, layout/discovery, shared orchestration. Mixed god file; extract only after dependency seam exists.	method:307a9e6de3205012f30d09982f37bc97	internal/worktrees(5)			needs facade or injected port
internal/worktrees/lifecycle.go	cleanupTaskSelection	cleanupTaskSelection	struct		false	3226	3229	retirement/recovery/GC	internal/worktreeretire	none detected	none detected		0		0	0	n/a		0	0	low	Recoverable snapshots and durable receipts precede destructive local/remote cleanup. Mixed god file; extract only after dependency seam exists.	struct:aa33f3637b745f060d14bbbba71bd1bd				no direct reverse call/type reference; inspect bodies
internal/worktrees/lifecycle.go	logicalCleanupTaskKey	logicalCleanupTaskKey	function		false	3231	3237	retirement/recovery/GC	internal/worktreeretire	none detected	none detected	cleanupTaskKey	1		0	0	covered	100.0	4	4	medium	Recoverable snapshots and durable receipts precede destructive local/remote cleanup. Cross-domain calls: branch reconciliation/cleanup. Mixed god file; extract only after dependency seam exists.	function:b76e3e9b77c22b36b48a89cb509a194f		internal/worktreelayout(1)		no direct reverse call/type reference; inspect bodies
internal/worktrees/lifecycle.go	cleanupTaskSelections	cleanupTaskSelections	function		false	3239	3271	retirement/recovery/GC	internal/worktreeretire	none detected	none detected	cleanupTaskKey(3); logicalCleanupTaskKey	4		0	0	covered	100.0	20	20	medium	Recoverable snapshots and durable receipts precede destructive local/remote cleanup. Cross-domain calls: branch reconciliation/cleanup. Mixed god file; extract only after dependency seam exists.	function:77ef01f112360de01201db46d5e4e482				no direct reverse call/type reference; inspect bodies
internal/worktrees/lifecycle.go	cleanupTaskCanApply	cleanupTaskCanApply	function		false	3273	3298	retirement/recovery/GC	internal/worktreeretire	none detected	none detected	logicalCleanupTaskKey; cleanupTaskKey	2		0	0	covered	100.0	16	16	medium	Recoverable snapshots and durable receipts precede destructive local/remote cleanup. Cross-domain calls: branch reconciliation/cleanup. Mixed god file; extract only after dependency seam exists.	function:26376b5759832240b31457f61900eba8				no direct reverse call/type reference; inspect bodies
internal/worktrees/lifecycle.go	cleanupTaskHasEligibleWorktree	cleanupTaskHasEligibleWorktree	function		false	3304	3311	retirement/recovery/GC	internal/worktreeretire	none detected	none detected	logicalCleanupTaskKey	1		0	0	covered	100.0	4	4	low	Recoverable snapshots and durable receipts precede destructive local/remote cleanup. Mixed god file; extract only after dependency seam exists.	function:3de68d99771c0004568e404f6f03f78b				no direct reverse call/type reference; inspect bodies
internal/worktrees/lifecycle.go	normalizeListOptions	normalizeListOptions	function		false	3313	3331	layout/discovery	internal/worktreelayout	none detected	filesystem,process	validSafeSegment; absoluteProjectsRoot; validBranch	3		0	0	partial	84.6	11	13	low	Canonical paths, no-follow walk, placement policy, and owner coordinates must agree. Mixed god file; extract only after dependency seam exists.	function:cf5ac63c37134ff574723bdf7f32225a				no direct reverse call/type reference; inspect bodies
internal/worktrees/lifecycle.go	normalizeCleanupOptions	normalizeCleanupOptions	function		false	3333	3409	retirement/recovery/GC	internal/worktreeretire	none detected	filesystem,process	normalizeTaskSelection; normalizeListOptions; splitRepository	3		0	0	partial	93.8	45	48	medium	Recoverable snapshots and durable receipts precede destructive local/remote cleanup. Cross-domain calls: layout/discovery. Mixed god file; extract only after dependency seam exists.	function:bcae59eb878c52401a6169b6bd3e5c71		internal/worktreelayout(1)		no direct reverse call/type reference; inspect bodies
internal/worktrees/lifecycle.go	normalizeTaskSelection	normalizeTaskSelection	function		false	3411	3432	layout/discovery	internal/worktreelayout	none detected	none detected	validSafeSegment	1		0	0	partial	93.3	14	15	low	Canonical paths, no-follow walk, placement policy, and owner coordinates must agree. Mixed god file; extract only after dependency seam exists.	function:ebfbc0ae1525e9d22d1a20ce8378be4b				no direct reverse call/type reference; inspect bodies
internal/worktrees/lifecycle.go	taskSelectionSet	taskSelectionSet	function		false	3434	3443	layout/discovery	internal/worktreelayout	none detected	none detected		0		0	0	covered	100.0	6	6	low	Canonical paths, no-follow walk, placement policy, and owner coordinates must agree. Mixed god file; extract only after dependency seam exists.	function:c7c63a1ee35c77382ad835dd18b34771				no direct reverse call/type reference; inspect bodies
internal/worktrees/lifecycle.go	taskSelectionMatches	taskSelectionMatches	function		false	3445	3447	layout/discovery	internal/worktreelayout	none detected	none detected		0		0	0	covered	100.0	1	1	low	Canonical paths, no-follow walk, placement policy, and owner coordinates must agree. Mixed god file; extract only after dependency seam exists.	function:8c9cc6e76f3e8316ad85a4c531cc7b7e				no direct reverse call/type reference; inspect bodies
internal/worktrees/lifecycle.go	resolveLogicalCleanupTasks	resolveLogicalCleanupTasks	function		false	3456	3545	retirement/recovery/GC	internal/worktreeretire	filesystem	filesystem,global	ReadManifest(2); validSafeSegment	3		0	0	partial	86.7	52	60	high	Recoverable snapshots and durable receipts precede destructive local/remote cleanup. Cross-domain calls: claims/locks/worklogs, layout/discovery. Mixed god file; extract only after dependency seam exists.	function:5e441f5c603fb801835ad6a19c540183				no direct reverse call/type reference; inspect bodies
internal/worktrees/lifecycle.go	cleanupTaskWasFound	cleanupTaskWasFound	function		false	3547	3569	retirement/recovery/GC	internal/worktreeretire	none detected	none detected		0		0	0	covered	100.0	13	13	low	Recoverable snapshots and durable receipts precede destructive local/remote cleanup. Mixed god file; extract only after dependency seam exists.	function:4efde66b8912fc02a36b8325d6c4af7c		internal/worktreelayout(1)		no direct reverse call/type reference; inspect bodies
internal/worktrees/lifecycle.go	DefaultCleanupReportDir	DefaultCleanupReportDir	function		true	3573	3580	retirement/recovery/GC	internal/worktreeretire	none detected	none detected		0		0	0	covered	100.0	1	1	low	Recoverable snapshots and durable receipts precede destructive local/remote cleanup. Mixed god file; extract only after dependency seam exists.	function:1f8d5ea667e6ddfcd000cce68a333f87				no direct reverse call/type reference; inspect bodies
internal/worktrees/lifecycle.go	validSafeSegment	validSafeSegment	function		false	3582	3584	layout/discovery	internal/repopath	none detected	none detected		0		0	0	covered	100.0	1	1	low	Canonical paths, no-follow walk, placement policy, and owner coordinates must agree. Mixed god file; extract only after dependency seam exists.	function:4743600fc127cdcece5d6f0005960903				no direct reverse call/type reference; inspect bodies
internal/worktrees/lifecycle.go	validRepositorySegment	validRepositorySegment	function		false	3586	3588	layout/discovery	internal/repopath	none detected	none detected		0		0	0	covered	100.0	1	1	low	Canonical paths, no-follow walk, placement policy, and owner coordinates must agree. Mixed god file; extract only after dependency seam exists.	function:9c6e7c58503cd0e548f77853866f2ae2				no direct reverse call/type reference; inspect bodies
internal/worktrees/lifecycle.go	resolveRecordedWorktreeBase	resolveRecordedWorktreeBase	function		false	3600	3662	layout/discovery	internal/worktreelayout	none detected	filesystem,global,process	validBranch(3); activeWorkLogClaimReadOnly(2); ReadManifest	6		0	0	partial	87.1	27	31	medium	Canonical paths, no-follow walk, placement policy, and owner coordinates must agree. Cross-domain calls: claims/locks/worklogs. Mixed god file; extract only after dependency seam exists.	function:5b451b6dd60815d423b5c6b348013307	internal/worktreeclaims(3)			needs facade or injected port
internal/worktrees/lifecycle.go	inspectPolicy	inspectPolicy	struct		false	3673	3689	layout/discovery	internal/worktreelayout	none detected	none detected		0		0	0	n/a		0	0	low	Canonical paths, no-follow walk, placement policy, and owner coordinates must agree. Mixed god file; extract only after dependency seam exists.	struct:3d8ec0554d0e0e884ba07196325da6b4		internal/worktreeproof(1)		no direct reverse call/type reference; inspect bodies
internal/worktrees/lifecycle.go	clock	inspectPolicy::clock	method	inspectPolicy	false	3691	3696	layout/discovery	internal/worktreelayout	none detected	none detected		0		0	0	covered	100.0	3	3	low	Canonical paths, no-follow walk, placement policy, and owner coordinates must agree. Mixed god file; extract only after dependency seam exists.	method:42642b794519024e39f643e5c41b58c7				no direct reverse call/type reference; inspect bodies
internal/worktrees/lifecycle.go	listResultPlacement	listResultPlacement	function		false	3711	3724	layout/discovery	internal/worktreelayout	none detected	none detected		0		0	0	covered	100.0	6	6	low	Canonical paths, no-follow walk, placement policy, and owner coordinates must agree. Mixed god file; extract only after dependency seam exists.	function:ad545e10bcc982809545ec9b9cea1bf5				no direct reverse call/type reference; inspect bodies
internal/worktrees/lifecycle.go	lifecycleInspection	lifecycleInspection	struct		false	3732	3754	layout/discovery	internal/worktreelayout	none detected	none detected		0		0	0	n/a		0	0	low	Canonical paths, no-follow walk, placement policy, and owner coordinates must agree. Mixed god file; extract only after dependency seam exists.	struct:e7c55e8dbd9940ed0c8a8ccbfbe3ba58				no direct reverse call/type reference; inspect bodies
internal/worktrees/lifecycle.go	locate	lifecycleInspection::locate	method	lifecycleInspection	false	3759	3805	layout/discovery	internal/worktreelayout	filesystem,git,global	filesystem,git,global,process	resolveRecordedWorktreeBase; git; locateAdoptedWorktree; locateManagedWorktree; managedWorktreeLocation::canonicalPath; gitDirectories	6		0	0	partial	82.1	23	28	high	Canonical paths, no-follow walk, placement policy, and owner coordinates must agree. Cross-domain calls: git subprocess/cache, shared orchestration. Mixed god file; extract only after dependency seam exists.	method:ee8504e2429cad1efa1625e82ea47a5d	internal/worktrees(1)			needs facade or injected port
internal/worktrees/lifecycle.go	inspectState	lifecycleInspection::inspectState	method	lifecycleInspection	false	3810	3875	layout/discovery	internal/worktreelayout	git,global	filesystem,git,global,process	git(3); isAncestor; diagnoseTaskLock; lifecycleTaskLockRoot; listResultPlacement; mergeReceiptCleanupTargetOverride; cleanWorktree	9		0	0	partial	92.1	35	38	high	Canonical paths, no-follow walk, placement policy, and owner coordinates must agree. Cross-domain calls: branch reconciliation/cleanup, claims/locks/worklogs, git subprocess/cache, landing/merge receipts. Mixed god file; extract only after dependency seam exists.	method:53b197514ec82ab51e57bad37c24d9c8	internal/worktreelanding(1); internal/worktreeclaims(1); internal/worktreebranches(1)			needs facade or injected port
internal/worktrees/lifecycle.go	enrichOwnership	lifecycleInspection::enrichOwnership	method	lifecycleInspection	false	3879	3909	layout/discovery	internal/worktreelayout	none detected	filesystem,global	lifecycleOwnerViews; worktreeOwnerState; applyWorktreeAge; LastActivity; activeWorkLogClaimReadOnly; readWorkLogTerminalRecordReadOnly	6		0	0	covered	100.0	20	20	medium	Canonical paths, no-follow walk, placement policy, and owner coordinates must agree. Cross-domain calls: claims/locks/worklogs, landing/merge receipts. Mixed god file; extract only after dependency seam exists.	method:996e962328db8030acaffad0a2add83a	internal/worktreeclaims(5); internal/worktreelanding(1)			needs facade or injected port
internal/worktrees/lifecycle.go	checkGitHubIntegration	lifecycleInspection::checkGitHubIntegration	method	lifecycleInspection	false	3916	4098	layout/discovery	internal/worktreelayout	git,global	filesystem,git,global,network,process	isAncestor(4); fetchRemoteTargetHead(3); matchingPullRequests(2); isMissingRemoteTargetError; remoteDefaultBranch; findRetiredPrepareCandidateAcknowledgement; exactDeletedTargetDefaultBranchReceipt; githubPullRequestsForCommit	21		0	0	partial	88.1	96	109	high	Canonical paths, no-follow walk, placement policy, and owner coordinates must agree. Cross-domain calls: git subprocess/cache, landing/merge receipts. Mixed god file; extract only after dependency seam exists.	method:32e96e9e8f3edef61d4ac61102c86546	internal/worktreelanding(19)			needs facade or injected port
internal/worktrees/lifecycle.go	inspectLifecycleWorktree	inspectLifecycleWorktree	function		false	4100	4127	layout/discovery	internal/worktreelayout	none detected	filesystem,git,global,network,process	lifecycleInspection::locate; lifecycleInspection::inspectState; lifecycleInspection::enrichOwnership; lifecycleInspection::checkGitHubIntegration	4		0	0	covered	100.0	12	12	low	Canonical paths, no-follow walk, placement policy, and owner coordinates must agree. Mixed god file; extract only after dependency seam exists.	function:17730668566830b03d0c9b03b9fb495b				no direct reverse call/type reference; inspect bodies
internal/worktrees/lifecycle.go	isUnfetchedGitObjectError	isUnfetchedGitObjectError	function		false	4129	4138	layout/discovery	internal/worktreelayout	none detected	none detected		0		0	0	covered	100.0	4	4	low	Canonical paths, no-follow walk, placement policy, and owner coordinates must agree. Mixed god file; extract only after dependency seam exists.	function:f094ec43ca5e51d2d362130d3ef5a66e				no direct reverse call/type reference; inspect bodies
internal/worktrees/lifecycle.go	applyWorktreeAge	applyWorktreeAge	function		false	4145	4166	landing/merge receipts	internal/worktreelanding	filesystem	filesystem,global	worktreeOwnerName; ReadManifest; inspectPolicy::clock	3		0	0	partial	92.3	12	13	high	Receipt identity, target SHA, source SHA, and PR evidence must be corroborated. Cross-domain calls: claims/locks/worklogs, layout/discovery. Mixed god file; extract only after dependency seam exists.	function:127ee4988791d2ebb3aac94acf67f606		internal/worktreelayout(2)		no direct reverse call/type reference; inspect bodies
internal/worktrees/lifecycle.go	worktreeOwnerName	worktreeOwnerName	function		false	4169	4176	landing/merge receipts	internal/worktreelanding	none detected	none detected		0		0	0	covered	100.0	4	4	low	Receipt identity, target SHA, source SHA, and PR evidence must be corroborated. Mixed god file; extract only after dependency seam exists.	function:89ecec94a0f0414fed4ea38d45d8b568		internal/worktreeclaims(1)		no direct reverse call/type reference; inspect bodies
internal/worktrees/lifecycle.go	isAncestor	isAncestor	function		false	4178	4216	landing/merge receipts	internal/worktreelanding	global,process	global,process	gitQueryMemo::put(2); gitQueryMemoFrom; gitQueryMemoKey; gitQueryMemo::get	5		0	0	covered	100.0	24	24	medium	Receipt identity, target SHA, source SHA, and PR evidence must be corroborated. Cross-domain calls: git subprocess/cache. Mixed god file; extract only after dependency seam exists.	function:a9e66547af9a6c13d14eeaa043b49fe8				no direct reverse call/type reference; inspect bodies
internal/worktrees/lifecycle.go	remoteBranchHead	remoteBranchHead	function		false	4218	4231	landing/merge receipts	internal/worktreelanding	git,network	git,global,network,process	git	1		0	0	partial	88.9	8	9	medium	Receipt identity, target SHA, source SHA, and PR evidence must be corroborated. Cross-domain calls: git subprocess/cache. Mixed god file; extract only after dependency seam exists.	function:d2aa75bcaec2c92abf7127f2b6f7c588				no direct reverse call/type reference; inspect bodies
internal/worktrees/lifecycle.go	fetchRemoteTargetHead	fetchRemoteTargetHead	function		false	4237	4244	landing/merge receipts	internal/worktreelanding	none detected	git,network	fetchRemoteTargetHeadUncached(2); targetHeadCacheFrom; targetHeadCache::resolve	4		0	0	covered	100.0	4	4	low	Receipt identity, target SHA, source SHA, and PR evidence must be corroborated. Mixed god file; extract only after dependency seam exists.	function:3c9b65aa3e76ca14687c3738760d4d34				no direct reverse call/type reference; inspect bodies
internal/worktrees/lifecycle.go	isMissingRemoteTargetError	isMissingRemoteTargetError	function		false	4256	4275	landing/merge receipts	internal/worktreelanding	none detected	none detected		0		0	0	covered	100.0	9	9	low	Receipt identity, target SHA, source SHA, and PR evidence must be corroborated. Mixed god file; extract only after dependency seam exists.	function:12988c87b24b71c7e56bbd164b38d612				no direct reverse call/type reference; inspect bodies
internal/worktrees/lifecycle.go	fetchRemoteTargetHeadUncached	fetchRemoteTargetHeadUncached	function		false	4277	4293	landing/merge receipts	internal/worktreelanding	git	git,global,network,process	fetchOriginBranchToPrivateRef; git	2		0	0	covered	100.0	9	9	medium	Receipt identity, target SHA, source SHA, and PR evidence must be corroborated. Cross-domain calls: git subprocess/cache, layout/discovery. Mixed god file; extract only after dependency seam exists.	function:4b1ed502bc7c2eaa04158830cb4c91df				no direct reverse call/type reference; inspect bodies
internal/worktrees/lifecycle.go	remoteDefaultBranch	remoteDefaultBranch	function		false	4299	4305	landing/merge receipts	internal/worktreelanding	git,network	filesystem,git,global,network,process	parseRemoteDefaultBranch; git; validBranch	3		0	0	covered	100.0	5	5	high	Receipt identity, target SHA, source SHA, and PR evidence must be corroborated. Cross-domain calls: git subprocess/cache, layout/discovery. Mixed god file; extract only after dependency seam exists.	function:1da5f8cc6d2425c9e1851e63ed955527				no direct reverse call/type reference; inspect bodies
internal/worktrees/lifecycle.go	parseRemoteDefaultBranch	parseRemoteDefaultBranch	function		false	4307	4324	landing/merge receipts	internal/worktreelanding	none detected	none detected		0		0	0	covered	100.0	12	12	low	Receipt identity, target SHA, source SHA, and PR evidence must be corroborated. Mixed god file; extract only after dependency seam exists.	function:c8dd1f86f5385c054a8377f1e6299e4e				no direct reverse call/type reference; inspect bodies
internal/worktrees/lifecycle.go	githubPullRequests	githubPullRequests	function		false	4330	4333	landing/merge receipts	internal/worktreelanding	none detected	global,network	githubPullRequestsForCommit	1		0	0	covered	100.0	2	2	low	Receipt identity, target SHA, source SHA, and PR evidence must be corroborated. Mixed god file; extract only after dependency seam exists.	function:871242e8b0e3d503f8869da9ee845d5d		internal/worktreelayout(1)		no direct reverse call/type reference; inspect bodies
internal/worktrees/lifecycle.go	githubPullRequestsForCommit	githubPullRequestsForCommit	function		false	4340	4362	landing/merge receipts	internal/worktreelanding	global,network	global,network	unknownGitHubCommit	1		0	0	covered	100.0	9	9	medium	Receipt identity, target SHA, source SHA, and PR evidence must be corroborated. Mixed god file; extract only after dependency seam exists.	function:40eddf95debaa1251d9c1a97294f4252		internal/worktreelayout(1)		no direct reverse call/type reference; inspect bodies
internal/worktrees/lifecycle.go	githubPullRequestsForBranch	githubPullRequestsForBranch	function		false	4368	4370	landing/merge receipts	internal/worktreelanding	network	global,network	githubPullRequestsForBranchWithExecute	1		0	0	covered	100.0	1	1	low	Receipt identity, target SHA, source SHA, and PR evidence must be corroborated. Mixed god file; extract only after dependency seam exists.	function:56c15b1aed4acb91a139eb6749048bbd		internal/worktreelayout(1)		no direct reverse call/type reference; inspect bodies
internal/worktrees/lifecycle.go	githubPullRequestsForBranchWithExecute	githubPullRequestsForBranchWithExecute	function		false	4372	4395	landing/merge receipts	internal/worktreelanding	global,network	global,network		0		0	0	covered	100.0	11	11	medium	Receipt identity, target SHA, source SHA, and PR evidence must be corroborated. Mixed god file; extract only after dependency seam exists.	function:a603b5f3de231083ffc9109698614bdb		internal/worktreelayout(1)		no direct reverse call/type reference; inspect bodies
internal/worktrees/lifecycle.go	exactDeletedTargetDefaultBranchReceipt	exactDeletedTargetDefaultBranchReceipt	function		false	4401	4410	landing/merge receipts	internal/worktreelanding	none detected	filesystem,global,network,process	validBranch(2); githubPullRequestsForBranch; selectExactDeletedTargetDefaultBranchReceipt; isGitObjectID	5		0	0	partial	83.3	5	6	medium	Receipt identity, target SHA, source SHA, and PR evidence must be corroborated. Cross-domain calls: branch reconciliation/cleanup, layout/discovery. Mixed god file; extract only after dependency seam exists.	function:9c173d947aa3147a734a4356457da47e		internal/worktreeproof(1)		no direct reverse call/type reference; inspect bodies
internal/worktrees/lifecycle.go	selectExactDeletedTargetDefaultBranchReceipt	selectExactDeletedTargetDefaultBranchReceipt	function		false	4412	4427	landing/merge receipts	internal/worktreelanding	global	global	isGitObjectID(2); mergedPullRequestReceipt	3		0	0	covered	100.0	9	9	medium	Receipt identity, target SHA, source SHA, and PR evidence must be corroborated. Cross-domain calls: branch reconciliation/cleanup. Mixed god file; extract only after dependency seam exists.	function:dd6270bcfacffae41d169800a0334e88		internal/worktreeproof(1); internal/worktreelayout(1)		no direct reverse call/type reference; inspect bodies
internal/worktrees/lifecycle.go	unknownGitHubCommit	unknownGitHubCommit	function		false	4433	4442	landing/merge receipts	internal/worktreelanding	global	global		0		0	0	covered	100.0	6	6	low	Receipt identity, target SHA, source SHA, and PR evidence must be corroborated. Mixed god file; extract only after dependency seam exists.	function:89aa09fc67936e3927cd8128b5e55409				no direct reverse call/type reference; inspect bodies
internal/worktrees/lifecycle.go	matchingPullRequests	matchingPullRequests	function		false	4444	4480	landing/merge receipts	internal/worktreelanding	none detected	none detected		0		0	0	covered	100.0	18	18	low	Receipt identity, target SHA, source SHA, and PR evidence must be corroborated. Mixed god file; extract only after dependency seam exists.	function:a59ce1b631b413722ade11eb03db26c4		internal/worktreeproof(1); internal/worktreelayout(1)		no direct reverse call/type reference; inspect bodies
internal/worktrees/lifecycle.go	mergedPullRequestTarget	mergedPullRequestTarget	function		false	4486	4501	landing/merge receipts	internal/worktreelanding	none detected	filesystem,process	validBranch	1		0	0	covered	100.0	10	10	medium	Receipt identity, target SHA, source SHA, and PR evidence must be corroborated. Cross-domain calls: layout/discovery. Mixed god file; extract only after dependency seam exists.	function:b177b08d7b3e79ba8efecc9de80d7e70		internal/worktreelayout(1)		no direct reverse call/type reference; inspect bodies
internal/worktrees/lifecycle.go	rebaseMergedPullRequestIntegrated	rebaseMergedPullRequestIntegrated	function		false	4509	4526	landing/merge receipts	internal/worktreelanding	none detected	git,global,process	commitTree(2); isAncestor; isGitObjectID	4		0	0	covered	100.0	12	12	medium	Receipt identity, target SHA, source SHA, and PR evidence must be corroborated. Cross-domain calls: branch reconciliation/cleanup. Mixed god file; extract only after dependency seam exists.	function:bc27116fff03358e2bba651433092d87		internal/worktreeproof(1)		no direct reverse call/type reference; inspect bodies
internal/worktrees/lifecycle.go	absorbedReceipt	absorbedReceipt	struct		false	4534	4539	landing/merge receipts	internal/worktreeproof	none detected	none detected		0		0	0	n/a		0	0	low	Receipt identity, target SHA, source SHA, and PR evidence must be corroborated. Mixed god file; extract only after dependency seam exists. Neutral proof/receipt kernel; no import of branch, landing, or facade packages.	struct:d3be7faba31339df28de971d0f6e2df0				no direct reverse call/type reference; inspect bodies
internal/worktrees/lifecycle.go	absorbedLandingReceipt	absorbedLandingReceipt	function		false	4561	4582	landing/merge receipts	internal/worktreelanding	none detected	git,global,process	attestedAbsorbedReceipt; absorbingPullRequest; isAncestor; contentAbsorbed; isGitObjectID	5		0	0	covered	100.0	12	12	medium	Receipt identity, target SHA, source SHA, and PR evidence must be corroborated. Cross-domain calls: branch reconciliation/cleanup. Mixed god file; extract only after dependency seam exists.	function:eb03146a886fdcde05e25d660dfa56c0		internal/worktreeproof(1); internal/worktreelayout(1)		no direct reverse call/type reference; inspect bodies
internal/worktrees/lifecycle.go	attestedAbsorbedReceipt	attestedAbsorbedReceipt	function		false	4589	4687	landing/merge receipts	internal/worktreelanding	none detected	git,global,network,process	contentContained(3); resolveAbsorbedBy; contentAbsorbed; verifyAttestedSquashPullRequest; verifyAttestedMergeCommitPullRequest; isAncestor; commitFirstParent	9		0	0	partial	80.9	38	47	medium	Receipt identity, target SHA, source SHA, and PR evidence must be corroborated. Mixed god file; extract only after dependency seam exists.	function:33049d37b33bfe6b5f2e86f5904bacc5		internal/worktreeproof(1)		no direct reverse call/type reference; inspect bodies
internal/worktrees/lifecycle.go	verifyAttestedSquashPullRequest	verifyAttestedSquashPullRequest	function		false	4694	4736	landing/merge receipts	internal/worktreelanding	global	git,global,network,process	isAncestor(2); commitTree(2); isGitObjectID(2); fetchExactRemotePullRequestHead	7		0	0	covered	100.0	26	26	medium	Receipt identity, target SHA, source SHA, and PR evidence must be corroborated. Cross-domain calls: branch reconciliation/cleanup. Mixed god file; extract only after dependency seam exists.	function:65a0cad76bc5d41da42b8b436b3e9f7a		internal/worktreeproof(1)		no direct reverse call/type reference; inspect bodies
internal/worktrees/lifecycle.go	verifyAttestedMergeCommitPullRequest	verifyAttestedMergeCommitPullRequest	function		false	4752	4779	landing/merge receipts	internal/worktreelanding	none detected	global,process	isAncestor(2); isGitObjectID	3		0	0	covered	100.0	13	13	medium	Receipt identity, target SHA, source SHA, and PR evidence must be corroborated. Cross-domain calls: branch reconciliation/cleanup. Mixed god file; extract only after dependency seam exists.	function:661bf952ff384daf42f75bd6d2978117		internal/worktreeproof(1)		no direct reverse call/type reference; inspect bodies
internal/worktrees/lifecycle.go	pullRequestHeadMismatchError	pullRequestHeadMismatchError	struct		false	4786	4786	landing/merge receipts	internal/worktreelanding	none detected	none detected		0		0	0	n/a		0	0	low	Receipt identity, target SHA, source SHA, and PR evidence must be corroborated. Mixed god file; extract only after dependency seam exists.	struct:7ff5a5ce0eb94ac2741c29a915801d93				no direct reverse call/type reference; inspect bodies
internal/worktrees/lifecycle.go	Error	pullRequestHeadMismatchError::Error	method	pullRequestHeadMismatchError	true	4788	4788	landing/merge receipts	internal/worktreelanding	none detected	none detected		0		0	0	covered	100.0	1	1	low	Receipt identity, target SHA, source SHA, and PR evidence must be corroborated. Mixed god file; extract only after dependency seam exists.	method:a26fdca77d09f317fc739b53a685bbf8				no direct reverse call/type reference; inspect bodies
internal/worktrees/lifecycle.go	fetchExactRemotePullRequestHead	fetchExactRemotePullRequestHead	function		false	4790	4794	landing/merge receipts	internal/worktreelanding	git	git,global,network,process	fetchExactRemotePullRequestHeadWithRun; git	2		0	0	covered	100.0	2	2	medium	Receipt identity, target SHA, source SHA, and PR evidence must be corroborated. Cross-domain calls: git subprocess/cache. Mixed god file; extract only after dependency seam exists.	function:152b0bfbab8f01e695173ed6378076c0				no direct reverse call/type reference; inspect bodies
internal/worktrees/lifecycle.go	fetchExactRemotePullRequestHeadWithRun	fetchExactRemotePullRequestHeadWithRun	function		false	4796	4832	landing/merge receipts	internal/worktreelanding	network	network	isGitObjectID(2)	2		0	0	covered	100.0	21	21	medium	Receipt identity, target SHA, source SHA, and PR evidence must be corroborated. Cross-domain calls: branch reconciliation/cleanup. Mixed god file; extract only after dependency seam exists.	function:9a5550d7434ecfc6dddacba0881f53ea				no direct reverse call/type reference; inspect bodies
internal/worktrees/lifecycle.go	resolveAbsorbedBy	resolveAbsorbedBy	function		false	4851	4884	landing/merge receipts	internal/worktreelanding	git	git,global,network,process	resolveAbsorbedByPullRequest(2); git; isGitObjectID	4		0	0	covered	100.0	21	21	medium	Receipt identity, target SHA, source SHA, and PR evidence must be corroborated. Cross-domain calls: branch reconciliation/cleanup, git subprocess/cache. Mixed god file; extract only after dependency seam exists.	function:d79ba6a5cc935648219dc7da4cf5b0fb		internal/worktreeproof(1)		no direct reverse call/type reference; inspect bodies
internal/worktrees/lifecycle.go	resolveAbsorbedByPullRequest	resolveAbsorbedByPullRequest	function		false	4886	4892	landing/merge receipts	internal/worktreelanding	network	global,network	resolveAbsorbedByPullRequestWithGet	1		0	0	covered	100.0	1	1	low	Receipt identity, target SHA, source SHA, and PR evidence must be corroborated. Mixed god file; extract only after dependency seam exists.	function:cdefed4d59f28e9e6ff3fe7e52d31193		internal/worktreeproof(1)		no direct reverse call/type reference; inspect bodies
internal/worktrees/lifecycle.go	resolveAbsorbedByPullRequestWithGet	resolveAbsorbedByPullRequestWithGet	function		false	4894	4939	landing/merge receipts	internal/worktreelanding	global,network	global,network	isGitObjectID(2); cloneLocks::get; mergedPullRequestReceipt	4		0	0	covered	100.0	17	17	high	Receipt identity, target SHA, source SHA, and PR evidence must be corroborated. Cross-domain calls: branch reconciliation/cleanup, layout/discovery. Mixed god file; extract only after dependency seam exists.	function:7177591b96ae6e2eced51a7b5957ce79		internal/worktreeproof(1)		no direct reverse call/type reference; inspect bodies
internal/worktrees/lifecycle.go	mergedPullRequestReceipt	mergedPullRequestReceipt	function		false	4941	4947	landing/merge receipts	internal/worktreelanding	none detected	none detected		0		0	0	covered	100.0	1	1	low	Receipt identity, target SHA, source SHA, and PR evidence must be corroborated. Mixed god file; extract only after dependency seam exists.	function:b5610d4ec51c0218a3126d4efa3db87f		internal/worktreeproof(1); internal/worktreelayout(1)		no direct reverse call/type reference; inspect bodies
internal/worktrees/lifecycle.go	absorbingPullRequest	absorbingPullRequest	function		false	4955	4971	landing/merge receipts	internal/worktreelanding	global	global		0		0	0	covered	100.0	8	8	low	Receipt identity, target SHA, source SHA, and PR evidence must be corroborated. Mixed god file; extract only after dependency seam exists.	function:fc7d2a4ce9d7bad9b09873a68ed6ecaa		internal/worktreeproof(1); internal/worktreelayout(1)		no direct reverse call/type reference; inspect bodies
internal/worktrees/lifecycle.go	contentAbsorbed	contentAbsorbed	function		false	4977	4983	landing/merge receipts	internal/worktreelanding	none detected	git,global,process	contentContained(2)	2		0	0	covered	100.0	4	4	low	Receipt identity, target SHA, source SHA, and PR evidence must be corroborated. Mixed god file; extract only after dependency seam exists.	function:9117018812999432e9dc30910f1e9111				no direct reverse call/type reference; inspect bodies
internal/worktrees/lifecycle.go	contentContained	contentContained	function		false	4991	5001	landing/merge receipts	internal/worktreelanding	none detected	git,global,process	mergeResultTree; commitTree	2		0	0	partial	85.7	6	7	low	Receipt identity, target SHA, source SHA, and PR evidence must be corroborated. Mixed god file; extract only after dependency seam exists.	function:d219c2853d06512a26d5b31c61d6dd60				no direct reverse call/type reference; inspect bodies
internal/worktrees/lifecycle.go	mergeResultTree	mergeResultTree	function		false	5007	5028	landing/merge receipts	internal/worktreelanding	global,process	global,process	isGitObjectID	1		0	0	covered	100.0	13	13	medium	Receipt identity, target SHA, source SHA, and PR evidence must be corroborated. Cross-domain calls: branch reconciliation/cleanup. Mixed god file; extract only after dependency seam exists.	function:821c3de0a890229e837568ed483bc2ad				no direct reverse call/type reference; inspect bodies
internal/worktrees/lifecycle.go	commitFirstParent	commitFirstParent	function		false	5032	5038	landing/merge receipts	internal/worktreelanding	git	git,global,process	parseCommitFirstParent; git	2		0	0	covered	100.0	4	4	medium	Receipt identity, target SHA, source SHA, and PR evidence must be corroborated. Cross-domain calls: git subprocess/cache. Mixed god file; extract only after dependency seam exists.	function:f06b0ea1a34854f6350139fa4a7d8eeb				no direct reverse call/type reference; inspect bodies
internal/worktrees/lifecycle.go	parseCommitFirstParent	parseCommitFirstParent	function		false	5040	5049	landing/merge receipts	internal/worktreeproof	none detected	none detected	isGitObjectID	1		0	0	covered	100.0	6	6	medium	Receipt identity, target SHA, source SHA, and PR evidence must be corroborated. Cross-domain calls: branch reconciliation/cleanup. Mixed god file; extract only after dependency seam exists. Neutral proof/receipt kernel; no import of branch, landing, or facade packages.	function:b4fa6fc0e42c83c2e64baead555f2b6a				no direct reverse call/type reference; inspect bodies
internal/worktrees/lifecycle.go	commitTree	commitTree	function		false	5051	5057	landing/merge receipts	internal/worktreelanding	git	git,global,process	parseCommitTree; git	2		0	0	covered	100.0	4	4	medium	Receipt identity, target SHA, source SHA, and PR evidence must be corroborated. Cross-domain calls: git subprocess/cache. Mixed god file; extract only after dependency seam exists.	function:4b935cea7f1a6f119c76facd510d087e				no direct reverse call/type reference; inspect bodies
internal/worktrees/lifecycle.go	parseCommitTree	parseCommitTree	function		false	5059	5064	landing/merge receipts	internal/worktreeproof	none detected	none detected	isGitObjectID	1		0	0	covered	100.0	3	3	medium	Receipt identity, target SHA, source SHA, and PR evidence must be corroborated. Cross-domain calls: branch reconciliation/cleanup. Mixed god file; extract only after dependency seam exists. Neutral proof/receipt kernel; no import of branch, landing, or facade packages.	function:c704b1b86517fc57ad84f0a9825256ee				no direct reverse call/type reference; inspect bodies
internal/worktrees/lifecycle.go	cleanupEligibility	cleanupEligibility	function		false	5070	5079	branch reconciliation/cleanup	internal/worktreebranches	none detected	none detected	cleanupSafetyEligibility; shortSHA	2		0	0	covered	100.0	5	5	low	Protected branch and exact target/head evidence precede deletion or quarantine. Mixed god file; extract only after dependency seam exists.	function:7a887954883dc93cbd88850f5d2086e9		internal/worktreelayout(2)		no direct reverse call/type reference; inspect bodies
internal/worktrees/lifecycle.go	cleanupSafetyEligibility	cleanupSafetyEligibility	function		false	5081	5124	branch reconciliation/cleanup	internal/worktreebranches	none detected	none detected	ListResult::landedWithResidue(3); lockedReason; resumeInterruptedCommand; detachedRefusal; shortSHA; absorbedConflictAcknowledgementHint; ListResult::residueReason	9		0	0	covered	100.0	16	16	medium	Protected branch and exact target/head evidence precede deletion or quarantine. Cross-domain calls: claims/locks/worklogs, landing/merge receipts. Mixed god file; extract only after dependency seam exists.	function:7c1a36cb2bcbd210605333b33917312b	internal/worktrees(4)	internal/worktreelayout(1)		needs facade or injected port
internal/worktrees/lifecycle.go	applyMergeReceiptCleanupProof	applyMergeReceiptCleanupProof	function		false	5131	5148	branch reconciliation/cleanup	internal/worktreebranches	none detected	git,global,process	mergeReceiptCleanupProofRejection	1		0	0	covered	100.0	13	13	low	Protected branch and exact target/head evidence precede deletion or quarantine. Mixed god file; extract only after dependency seam exists.	function:49b556bafe878f5ac11ca0ad04d01d2c		internal/worktreelayout(1); internal/worktreeproof(1)		no direct reverse call/type reference; inspect bodies
internal/worktrees/lifecycle.go	mergeReceiptCleanupTargetOverride	mergeReceiptCleanupTargetOverride	function		false	5154	5168	branch reconciliation/cleanup	internal/worktreebranches	none detected	filesystem,process	isGitObjectID(3); validBranch	4		0	0	covered	100.0	7	7	medium	Protected branch and exact target/head evidence precede deletion or quarantine. Cross-domain calls: layout/discovery. Mixed god file; extract only after dependency seam exists.	function:e5d7f600f4483190a95127119b56f953		internal/worktreelayout(1); internal/worktreeproof(1)		no direct reverse call/type reference; inspect bodies
internal/worktrees/lifecycle.go	mergeReceiptCleanupProofRejection	mergeReceiptCleanupProofRejection	function		false	5170	5219	branch reconciliation/cleanup	internal/worktreebranches	git	git,global,process	isAncestor(2); isGitObjectID(2); git(2)	6		0	0	covered	100.0	29	29	medium	Protected branch and exact target/head evidence precede deletion or quarantine. Cross-domain calls: git subprocess/cache, landing/merge receipts. Mixed god file; extract only after dependency seam exists.	function:6cc6d500205dbca6a057633ed35097ca		internal/worktreelayout(1); internal/worktreeproof(1)		no direct reverse call/type reference; inspect bodies
internal/worktrees/lifecycle.go	blockDiagnosedTasks	blockDiagnosedTasks	function		false	5232	5253	branch reconciliation/cleanup	internal/worktreebranches	none detected	none detected	cleanupTaskKey(2)	2		0	0	covered	100.0	14	14	low	Protected branch and exact target/head evidence precede deletion or quarantine. Mixed god file; extract only after dependency seam exists.	function:ff8abbeee7879e8ed7d3277c59d37793		internal/worktreelayout(2)		no direct reverse call/type reference; inspect bodies
internal/worktrees/lifecycle.go	blockArtifactTasks	blockArtifactTasks	function		false	5255	5278	branch reconciliation/cleanup	internal/worktreebranches	none detected	none detected	cleanupTaskKey(2)	2		0	0	covered	100.0	14	14	low	Protected branch and exact target/head evidence precede deletion or quarantine. Mixed god file; extract only after dependency seam exists.	function:8d0616fcce26011ef9f0195252e6e453		internal/worktreelayout(2)		no direct reverse call/type reference; inspect bodies
internal/worktrees/lifecycle.go	scopeLifecycleArtifacts	scopeLifecycleArtifacts	function		false	5284	5296	branch reconciliation/cleanup	internal/worktreebranches	none detected	none detected	filterMatches	1		0	0	covered	100.0	7	7	medium	Protected branch and exact target/head evidence precede deletion or quarantine. Cross-domain calls: layout/discovery. Mixed god file; extract only after dependency seam exists.	function:735c0524c83d4cf72ec44a1efa330536		internal/worktreelayout(1)		no direct reverse call/type reference; inspect bodies
internal/worktrees/lifecycle.go	blockUnsafeTasks	blockUnsafeTasks	function		false	5298	5311	branch reconciliation/cleanup	internal/worktreebranches	none detected	none detected		0		0	0	covered	100.0	8	8	low	Protected branch and exact target/head evidence precede deletion or quarantine. Mixed god file; extract only after dependency seam exists.	function:26a22b5cb85ef236a3ef961c2eddd9c7		internal/worktreelayout(1)		no direct reverse call/type reference; inspect bodies
internal/worktrees/lifecycle.go	blockEffortsWithLiveDescendants	blockEffortsWithLiveDescendants	function		false	5325	5359	branch reconciliation/cleanup	internal/worktreebranches	filesystem,global	filesystem,global	IsAncestorEffort; isWorktreeStagingDirectory	2		0	0	covered	100.0	21	21	high	Protected branch and exact target/head evidence precede deletion or quarantine. Cross-domain calls: claims/locks/worklogs, layout/discovery. Mixed god file; extract only after dependency seam exists.	function:f895c9aff60d5e2ae0dff4d2e1f820f3		internal/worktreelayout(1)		no direct reverse call/type reference; inspect bodies
internal/worktrees/lifecycle.go	cleanupTaskKey	cleanupTaskKey	function		false	5361	5363	branch reconciliation/cleanup	internal/worktreebranches	none detected	none detected		0		0	0	covered	100.0	1	1	low	Protected branch and exact target/head evidence precede deletion or quarantine. Mixed god file; extract only after dependency seam exists.	function:2ae5be31e11c925bc9c30b0144e11818				no direct reverse call/type reference; inspect bodies
internal/worktrees/lifecycle.go	preflightCleanupRepository	preflightCleanupRepository	function		false	5365	5429	retirement/recovery/GC	internal/worktreeretire	none detected	filesystem,git,global	openCleanupWorktree; inspectLifecycleWorktree; cleanupInspectPolicy; applyMergeReceiptCleanupProof; applyAbsorbedConflictAcknowledgementCleanupProof; applySupersessionReceipt; cleanupEligibility; preflightWorkLogSealForCleanup	10		0	0	partial	64.5	20	31	high	Recoverable snapshots and durable receipts precede destructive local/remote cleanup. Cross-domain calls: branch reconciliation/cleanup, claims/locks/worklogs, layout/discovery, shared orchestration. Mixed god file; extract only after dependency seam exists.	function:c3040d077f9a71aa6482f06561bc5ba8	internal/worktrees(2)	internal/worktreelayout(4)		needs facade or injected port
internal/worktrees/lifecycle.go	acquireCleanupTaskAt	acquireCleanupTaskAt	function		false	5431	5433	claims/locks/worklogs	internal/worktreeclaims	none detected	filesystem,global	acquireCleanupTaskAtReclaimingInterrupted	1		0	0	covered	100.0	1	1	low	Claim identity, immutable journal/terminal records, lock ownership, and projections must remain atomic. Mixed god file; extract only after dependency seam exists.	function:0aa79ac545072e1f743e251e84607ff7		internal/worktreelayout(1)		no direct reverse call/type reference; inspect bodies
internal/worktrees/lifecycle.go	acquireCleanupTaskAtOrCreate	acquireCleanupTaskAtOrCreate	function		false	5438	5454	claims/locks/worklogs	internal/worktreeclaims	none detected	filesystem,global	acquireCleanupTaskAt; prepareOperationRoot; acquireLockAt	3		0	0	partial	75.0	9	12	medium	Claim identity, immutable journal/terminal records, lock ownership, and projections must remain atomic. Cross-domain calls: shared orchestration. Mixed god file; extract only after dependency seam exists.	function:c79fce818c6db1029d59acc4effe20f3	internal/worktrees(1)	internal/worktreelayout(1)		needs facade or injected port
internal/worktrees/lifecycle.go	purgeTerminalTaskLockDebris	purgeTerminalTaskLockDebris	function		false	5476	5505	claims/locks/worklogs	internal/worktreeclaims	filesystem,global	filesystem,global		0		0	0	partial	75.0	15	20	medium	Claim identity, immutable journal/terminal records, lock ownership, and projections must remain atomic. Mixed god file; extract only after dependency seam exists.	function:cb83b3bf76401041de106a3621e7d97d		internal/worktreelayout(1)		no direct reverse call/type reference; inspect bodies
internal/worktrees/lifecycle.go	acquireCleanupTaskAtReclaimingInterrupted	acquireCleanupTaskAtReclaimingInterrupted	function		false	5511	5541	claims/locks/worklogs	internal/worktreeclaims	filesystem	filesystem,global	cleanupTaskHandle::validate; openAbsoluteDirectoryNoFollow; openDirectoryAtNoFollow; acquireLockAtReclaimingInterrupted	4		0	0	partial	89.5	17	19	high	Claim identity, immutable journal/terminal records, lock ownership, and projections must remain atomic. Cross-domain calls: layout/discovery, secure filesystem/storage. Mixed god file; extract only after dependency seam exists.	function:595ca296d232b65e79fb901ba67887e0		internal/worktreelayout(1)		no direct reverse call/type reference; inspect bodies
internal/worktrees/lifecycle.go	reclaimNamedInterruptedCleanupTask	reclaimNamedInterruptedCleanupTask	function		false	5547	5596	claims/locks/worklogs	internal/worktreeclaims	filesystem	filesystem,global	lifecycleTaskLockRoot; acquireCleanupTaskAtReclaimingInterruptedLock; interruptedTaskLockPID; cleanupTaskHandle::preserveLock; openAbsoluteDirectoryNoFollow	5		0	0	partial	79.4	27	34	high	Claim identity, immutable journal/terminal records, lock ownership, and projections must remain atomic. Cross-domain calls: layout/discovery, secure filesystem/storage. Mixed god file; extract only after dependency seam exists.	function:e8aa91fec284f31dfcec278f29f71fd7		internal/worktreelayout(2)		no direct reverse call/type reference; inspect bodies
internal/worktrees/lifecycle.go	acquireCleanupTaskAtReclaimingInterruptedLock	acquireCleanupTaskAtReclaimingInterruptedLock	function		false	5601	5624	claims/locks/worklogs	internal/worktreeclaims	filesystem	filesystem,global	cleanupTaskHandle::validate; cleanupRun::reclaimInterruptedLock; openAbsoluteDirectoryNoFollow; openDirectoryAtNoFollow	4		0	0	partial	70.6	12	17	high	Claim identity, immutable journal/terminal records, lock ownership, and projections must remain atomic. Cross-domain calls: layout/discovery, retirement/recovery/GC, secure filesystem/storage. Mixed god file; extract only after dependency seam exists.	function:3038fbee15b815a0ca77b2e8bbf31f7c	internal/worktreeretire(1)	internal/worktreelayout(1)		needs facade or injected port
internal/worktrees/lifecycle.go	preserveLock	cleanupTaskHandle::preserveLock	method	cleanupTaskHandle	false	5626	5632	claims/locks/worklogs	internal/worktreeclaims	none detected	none detected	PlacementWorktree::Close	1		0	0	partial	75.0	3	4	medium	Claim identity, immutable journal/terminal records, lock ownership, and projections must remain atomic. Cross-domain calls: shared orchestration. Mixed god file; extract only after dependency seam exists.	method:e96ee1f678fa0f605e6af1413bc14f91	internal/worktrees(1)			needs facade or injected port
internal/worktrees/lifecycle.go	validateHeldLock	cleanupTaskHandle::validateHeldLock	method	cleanupTaskHandle	false	5634	5640	claims/locks/worklogs	internal/worktreeclaims	none detected	filesystem,global	lockEntryStillMatches	1		0	0	covered	100.0	3	3	low	Claim identity, immutable journal/terminal records, lock ownership, and projections must remain atomic. Mixed god file; extract only after dependency seam exists.	method:54ab9c518274cb1667592f2d89e6efe1				no direct reverse call/type reference; inspect bodies
internal/worktrees/lifecycle.go	validateRecoveredCleanupLock	validateRecoveredCleanupLock	function		false	5642	5647	claims/locks/worklogs	internal/worktreeclaims	none detected	filesystem,global	cleanupTaskHandle::validateHeldLock	1		0	0	covered	100.0	3	3	low	Claim identity, immutable journal/terminal records, lock ownership, and projections must remain atomic. Mixed god file; extract only after dependency seam exists.	function:3411e47d53979b8506ac109df1859571		internal/worktreelayout(1)		no direct reverse call/type reference; inspect bodies
internal/worktrees/lifecycle.go	interruptedTaskLockPID	interruptedTaskLockPID	function		false	5649	5672	claims/locks/worklogs	internal/worktreeclaims	none detected	none detected	processIsDead	1		0	0	partial	81.2	13	16	medium	Claim identity, immutable journal/terminal records, lock ownership, and projections must remain atomic. Cross-domain calls: process/lock probes. Mixed god file; extract only after dependency seam exists.	function:b205ca6286b8e7258025b3c7ec351e7a				no direct reverse call/type reference; inspect bodies
internal/worktrees/lifecycle.go	runSecureCleanupGitHelper	runSecureCleanupGitHelper	function		false	5678	5731	shared orchestration	internal/worktrees	process	filesystem,git,network,process	localOriginDirectoryForSecurePush; secureCleanupGitHelperEnvironment; canonicalRepository::authorizeForGit; trustedGitExecutable	4		0	0	partial	91.9	34	37	high	Keep transaction ordering, policy gates, and public API compatibility here. Cross-domain calls: git subprocess/cache, secure filesystem/storage. Mixed god file; extract only after dependency seam exists.	function:994d7ed088172ff586388da1844039c9				no direct reverse call/type reference; inspect bodies
internal/worktrees/lifecycle.go	secureCleanupGitHelperEnvironment	secureCleanupGitHelperEnvironment	function		false	5740	5751	secure filesystem/storage	internal/worktreesecure	none detected	none detected	secureHelperEnvironment	1		0	0	covered	100.0	8	8	low	No-follow descriptor identity and fail-closed path containment guard mutations. Mixed god file; extract only after dependency seam exists.	function:27001173edf8acbf4c6133788724ea1c				no direct reverse call/type reference; inspect bodies
internal/worktrees/lifecycle.go	localOriginDirectoryForSecurePush	localOriginDirectoryForSecurePush	function		false	5759	5793	shared orchestration	internal/worktrees	filesystem,git,network	filesystem,git,global,network	securePushRepositoryArgument; gitCanonical; openAbsoluteDirectoryNoFollow	3		0	0	covered	100.0	25	25	high	Keep transaction ordering, policy gates, and public API compatibility here. Cross-domain calls: git subprocess/cache, secure filesystem/storage. Mixed god file; extract only after dependency seam exists.	function:2e3b9496bfa3a44d0bf8baef560e6402				no direct reverse call/type reference; inspect bodies
internal/worktrees/lifecycle.go	securePushRepositoryArgument	securePushRepositoryArgument	function		false	5795	5810	secure filesystem/storage	internal/worktreesecure	none detected	none detected		0		0	0	covered	100.0	10	10	low	No-follow descriptor identity and fail-closed path containment guard mutations. Mixed god file; extract only after dependency seam exists.	function:263559c44977f3b8e439f3212e6668c3				no direct reverse call/type reference; inspect bodies
internal/worktrees/lifecycle.go	RunSecureCleanupGitHelper	RunSecureCleanupGitHelper	function		true	5817	5880	shared orchestration	internal/worktrees	global,process	env,filesystem,global,process	directoryStillMatches(4); closeIncompleteInheritedFiles(2); PlacementWorktree::Close; runSecureGitHelper; directoryEntryStillMatches; gitEnvironmentWithHeldGitDirAndWorkTree	10		0	0	partial	85.2	46	54	high	Keep transaction ordering, policy gates, and public API compatibility here. Cross-domain calls: git subprocess/cache, secure filesystem/storage. Mixed god file; extract only after dependency seam exists. Facade until a bounded Git/cleanup publication contract exists; not a generic secure leaf.	function:c7b622e63ec0b36622d4a0efa06890e8				no direct reverse call/type reference; inspect bodies
internal/worktrees/lifecycle.go	openCleanupWorktree	openCleanupWorktree	function		false	5882	5980	retirement/recovery/GC	internal/worktreeretire	global	filesystem,global	openDirectoryAtNoFollow(4); validRepositorySegment(3); cleanupTaskHandle::validate(2); openRelocatedManagedCleanupWorktree(2); validSafeSegment(2); openCanonicalLocalCleanupWorktree; openAdoptedCleanupWorktree	15		0	0	partial	95.1	58	61	medium	Recoverable snapshots and durable receipts precede destructive local/remote cleanup. Cross-domain calls: layout/discovery, secure filesystem/storage. Mixed god file; extract only after dependency seam exists.	function:6211ecfedaa78712e21fc190f1c2d509		internal/worktreelayout(3)		no direct reverse call/type reference; inspect bodies
internal/worktrees/lifecycle.go	openRelocatedManagedCleanupWorktree	openRelocatedManagedCleanupWorktree	function		false	5985	5987	retirement/recovery/GC	internal/worktreeretire	none detected	filesystem	openAbsoluteCleanupWorktree	1		0	0	covered	100.0	1	1	low	Recoverable snapshots and durable receipts precede destructive local/remote cleanup. Mixed god file; extract only after dependency seam exists.	function:f7f81062a358d0401b73ad29f7b7fb9a		internal/worktreelayout(2)		no direct reverse call/type reference; inspect bodies
internal/worktrees/lifecycle.go	openCanonicalLocalCleanupWorktree	openCanonicalLocalCleanupWorktree	function		false	5989	5991	retirement/recovery/GC	internal/worktreeretire	none detected	filesystem	openAbsoluteCleanupWorktree	1		0	0	covered	100.0	1	1	low	Recoverable snapshots and durable receipts precede destructive local/remote cleanup. Mixed god file; extract only after dependency seam exists.	function:b31a8f1955734ef31d802e5e659f480d		internal/worktreelayout(2)		no direct reverse call/type reference; inspect bodies
internal/worktrees/lifecycle.go	openAdoptedCleanupWorktree	openAdoptedCleanupWorktree	function		false	6001	6003	retirement/recovery/GC	internal/worktreeretire	none detected	filesystem	openAbsoluteCleanupWorktree	1		0	0	covered	100.0	1	1	low	Recoverable snapshots and durable receipts precede destructive local/remote cleanup. Mixed god file; extract only after dependency seam exists.	function:56ceba7be4d7f503314e91f7a77b7b25		internal/worktreelayout(1)		no direct reverse call/type reference; inspect bodies
internal/worktrees/lifecycle.go	openAbsoluteCleanupWorktree	openAbsoluteCleanupWorktree	function		false	6008	6032	retirement/recovery/GC	internal/worktreeretire	filesystem	filesystem,global	cleanupTaskHandle::validate; openAbsoluteDirectoryNoFollow; openDirectoryAtNoFollow	3		0	0	partial	88.2	15	17	high	Recoverable snapshots and durable receipts precede destructive local/remote cleanup. Cross-domain calls: layout/discovery, secure filesystem/storage. Mixed god file; extract only after dependency seam exists.	function:03358becee289b32713dd2386e3d13e9		internal/worktreelayout(2)		no direct reverse call/type reference; inspect bodies
internal/worktrees/lifecycle.go	removeAdoptedRegistration	removeAdoptedRegistration	function		false	6044	6077	retirement/recovery/GC	internal/worktreeretire	filesystem	filesystem	cleanupTaskHandle::validate	1		0	0	partial	82.6	19	23	medium	Recoverable snapshots and durable receipts precede destructive local/remote cleanup. Cross-domain calls: layout/discovery. Mixed god file; extract only after dependency seam exists.	function:f54bab046bf9aaf3648dabe76ddb6929		internal/worktreelayout(1)		no direct reverse call/type reference; inspect bodies
internal/worktrees/lifecycle.go	writeCleanupReport	writeCleanupReport	function		false	6079	6089	retirement/recovery/GC	internal/worktreeretire	none detected	filesystem	writeCleanupReportInjected	1		0	0	covered	100.0	1	1	low	Recoverable snapshots and durable receipts precede destructive local/remote cleanup. Mixed god file; extract only after dependency seam exists.	function:3cb3e2b55b8fcde83d01c8b6907d634b		internal/worktreelayout(5)		no direct reverse call/type reference; inspect bodies
internal/worktrees/lifecycle.go	writeCleanupReportInjected	writeCleanupReportInjected	function		false	6098	6126	retirement/recovery/GC	internal/worktreeretire	none detected	filesystem	AbortDisposition::String; writeLifecycleReportInjected	2		0	0	covered	100.0	6	6	medium	Recoverable snapshots and durable receipts precede destructive local/remote cleanup. Cross-domain calls: secure filesystem/storage. Mixed god file; extract only after dependency seam exists.	function:5ea094c25df5d272429b389e9748281c		internal/worktreelayout(5)		no direct reverse call/type reference; inspect bodies
internal/worktrees/lifecycle_backlog.go	lifecycleBacklogRecord	lifecycleBacklogRecord	struct		false	37	71	retirement/recovery/GC	internal/worktreeretire	none detected	none detected		0		0	0	n/a		0	0	low	Recoverable snapshots and durable receipts precede destructive local/remote cleanup.	struct:d66a2040af035a863839943a572c3dd2				no direct reverse call/type reference; inspect bodies
internal/worktrees/lifecycle_backlog.go	DiscardedLifecycleBacklogProof	DiscardedLifecycleBacklogProof	struct		true	77	85	retirement/recovery/GC	internal/worktreeretire	none detected	none detected		0		0	0	n/a		0	0	low	Recoverable snapshots and durable receipts precede destructive local/remote cleanup.	struct:a373b4f8d93b37ebcfae94b9ddebbfbf				no direct reverse call/type reference; inspect bodies
internal/worktrees/lifecycle_backlog.go	FindDiscardedLifecycleBacklogProof	FindDiscardedLifecycleBacklogProof	function		true	90	163	retirement/recovery/GC	internal/worktreeretire	filesystem,global	filesystem,git,global,process	validBranch(2); openLifecycleBacklogDirectory; validateLifecycleBacklog; lifecycleBacklogDirectory; worktreeStillRegistered; validSafeSegment; readJSONAt; splitRepository	11	internal/orchestrate/worktree_merge_unpublished_validation_failure.go [calls]	1	1	partial	76.6	36	47	high	Recoverable snapshots and durable receipts precede destructive local/remote cleanup. Cross-domain calls: branch reconciliation/cleanup, layout/discovery, secure filesystem/storage.	function:c4d7fa130fc2367e7acfdc7b07e1b3fd				no direct reverse call/type reference; inspect bodies
internal/worktrees/lifecycle_backlog.go	lifecycleBacklogID	lifecycleBacklogID	function		false	165	171	retirement/recovery/GC	internal/worktreeretire	none detected	none detected		0		0	0	covered	100.0	2	2	low	Recoverable snapshots and durable receipts precede destructive local/remote cleanup.	function:b8f1d1b9f1840639d46cc4cdcef8e38f		internal/worktreelayout(1)		no direct reverse call/type reference; inspect bodies
internal/worktrees/lifecycle_backlog.go	newLifecycleBacklogRecord	newLifecycleBacklogRecord	function		false	173	183	retirement/recovery/GC	internal/worktreeretire	none detected	none detected	lifecycleBacklogID	1		0	0	covered	100.0	2	2	low	Recoverable snapshots and durable receipts precede destructive local/remote cleanup.	function:3d9ab7f08b7a555cddc47fe20f893875		internal/worktreelayout(1)		no direct reverse call/type reference; inspect bodies
internal/worktrees/lifecycle_backlog.go	lifecycleBacklogDirectory	lifecycleBacklogDirectory	function		false	185	187	retirement/recovery/GC	internal/worktreeretire	none detected	none detected		0		0	0	covered	100.0	1	1	low	Recoverable snapshots and durable receipts precede destructive local/remote cleanup.	function:a86f650d65aa839260644c18fcdeccad				no direct reverse call/type reference; inspect bodies
internal/worktrees/lifecycle_backlog.go	lifecycleBacklogPath	lifecycleBacklogPath	function		false	189	191	retirement/recovery/GC	internal/worktreeretire	none detected	none detected	lifecycleBacklogDirectory	1		0	0	covered	100.0	1	1	low	Recoverable snapshots and durable receipts precede destructive local/remote cleanup.	function:1e77419164f58417607b2a1eb752f48b				no direct reverse call/type reference; inspect bodies
internal/worktrees/lifecycle_backlog.go	openLifecycleBacklogDirectory	openLifecycleBacklogDirectory	function		false	193	211	retirement/recovery/GC	internal/worktreeretire	filesystem	filesystem,global	openPrivateChild; openAbsoluteDirectoryNoFollow	2		0	0	partial	92.9	13	14	medium	Recoverable snapshots and durable receipts precede destructive local/remote cleanup. Cross-domain calls: secure filesystem/storage.	function:603f5f01ad8489c08f58b05e39d301ef				no direct reverse call/type reference; inspect bodies
internal/worktrees/lifecycle_backlog.go	persistLifecycleBacklog	persistLifecycleBacklog	function		false	213	231	retirement/recovery/GC	internal/worktreeretire	none detected	filesystem,process	validateLifecycleBacklog; openLifecycleBacklogDirectory; writeJSONAtomicAt	3		0	0	partial	85.7	12	14	medium	Recoverable snapshots and durable receipts precede destructive local/remote cleanup. Cross-domain calls: secure filesystem/storage.	function:1b4c8751f71a173b5bb59a384a0bd42f				no direct reverse call/type reference; inspect bodies
internal/worktrees/lifecycle_backlog.go	validateLifecycleBacklog	validateLifecycleBacklog	function		false	233	331	retirement/recovery/GC	internal/worktreeretire	none detected	filesystem,process	validRepositorySegment(5); validSafeSegment(3); validClaimID(2); validBranch(2); lifecycleBacklogID; splitRepositoryAddress; canonicalDirMatchesRepository; pathWithin	17		0	0	partial	94.7	54	57	high	Recoverable snapshots and durable receipts precede destructive local/remote cleanup. Cross-domain calls: branch reconciliation/cleanup, claims/locks/worklogs, layout/discovery, secure filesystem/storage.	function:adde021c8e1941697bc22bf3c9dcd5fb				no direct reverse call/type reference; inspect bodies
internal/worktrees/lifecycle_backlog.go	LifecycleBacklogQuarantine	LifecycleBacklogQuarantine	struct		true	336	341	retirement/recovery/GC	internal/worktreeretire	none detected	none detected		0		0	0	n/a		0	0	low	Recoverable snapshots and durable receipts precede destructive local/remote cleanup.	struct:046572e0e23a1d4cc03fa8caecf4fd15				no direct reverse call/type reference; inspect bodies
internal/worktrees/lifecycle_backlog.go	loadResumableLifecycleBacklog	loadResumableLifecycleBacklog	function		false	343	435	retirement/recovery/GC	internal/worktreeretire	filesystem,global	filesystem,global,process	lifecycleBacklogDirectory(2); openLifecycleBacklogDirectory; validateLifecycleBacklog; worktreeStillRegistered; readJSONAt; taskSelectionMatches; filterMatches	8		0	0	partial	81.6	31	38	high	Recoverable snapshots and durable receipts precede destructive local/remote cleanup. Cross-domain calls: layout/discovery, secure filesystem/storage.	function:0ce414cf504704288aade7c6536a17b6				no direct reverse call/type reference; inspect bodies
internal/worktrees/lifecycle_backlog.go	resumeLifecycleBacklog	resumeLifecycleBacklog	function		false	442	572	retirement/recovery/GC	internal/worktreeretire	filesystem,git,network,process	filesystem,git,global,network,process	persistLifecycleBacklog(3); runSecureCleanupGitHelper(2); validateLifecycleBacklog; completeVacantLifecycleBacklog; repositoryRegistrationLock::release; detachedAwareRemoteBranchHead; removeUnregisteredWorktreeResidue; sealCreateFailureBacklogClaim	20		0	0	partial	73.2	52	71	high	Recoverable snapshots and durable receipts precede destructive local/remote cleanup. Cross-domain calls: claims/locks/worklogs, git subprocess/cache, layout/discovery, shared orchestration.	function:79ad5869cb0ea65813ee293b4905bc60	internal/worktrees(4)			needs facade or injected port
internal/worktrees/lifecycle_backlog.go	completeVacantLifecycleBacklog	completeVacantLifecycleBacklog	function		false	580	610	retirement/recovery/GC	internal/worktreeretire	filesystem	filesystem,git,global,network	detachedAwareRemoteBranchHead; sealCreateFailureBacklogClaim; persistLifecycleBacklog; openCanonicalRepository; canonicalRepository::validate; registeredWorktreePathsCanonical; localBranchExistsCanonical	7		0	0	partial	80.0	16	20	high	Recoverable snapshots and durable receipts precede destructive local/remote cleanup. Cross-domain calls: layout/discovery, shared orchestration.	function:73798eb23f7ecb0c1ede20f2965aaa32	internal/worktrees(2)			needs facade or injected port
internal/worktrees/lifecycle_backlog.go	sealCreateFailureBacklogClaim	sealCreateFailureBacklogClaim	function		false	612	631	retirement/recovery/GC	internal/worktreeretire	none detected	filesystem,global	openWorkLogRun; readWorkLogClaimAt; writeWorkLogTerminal	3		0	0	partial	84.6	11	13	medium	Recoverable snapshots and durable receipts precede destructive local/remote cleanup. Cross-domain calls: claims/locks/worklogs.	function:20ad0587fcab7c983c057d1754103c57				no direct reverse call/type reference; inspect bodies
internal/worktrees/lifecycle_backlog.go	detachedAwareRemoteBranchHead	detachedAwareRemoteBranchHead	function		false	635	640	retirement/recovery/GC	internal/worktreeretire	none detected	git,network	remoteBranchHead	1		0	0	covered	100.0	3	3	medium	Recoverable snapshots and durable receipts precede destructive local/remote cleanup. Cross-domain calls: landing/merge receipts.	function:0ef37cde295b6d8ebd31d0bd3b108405				no direct reverse call/type reference; inspect bodies
internal/worktrees/local_worklog.go	LocalWorkLogEvent	LocalWorkLogEvent	struct		true	40	57	claims/locks/worklogs	internal/worktreeclaims	none detected	none detected		0		0	0	n/a		0	0	low	Claim identity, immutable journal/terminal records, lock ownership, and projections must remain atomic.	struct:3c5c020e3c85edfa80d680a9488c0cb9				no direct reverse call/type reference; inspect bodies
internal/worktrees/local_worklog.go	LocalGitEvidence	LocalGitEvidence	struct		true	60	66	claims/locks/worklogs	internal/worktreeclaims	none detected	none detected		0		0	0	n/a		0	0	low	Claim identity, immutable journal/terminal records, lock ownership, and projections must remain atomic.	struct:9f4b32995eacfd81cbd1c3017ede1438				no direct reverse call/type reference; inspect bodies
internal/worktrees/local_worklog.go	LocalTargetEvidence	LocalTargetEvidence	struct		true	69	76	claims/locks/worklogs	internal/worktreeclaims	none detected	none detected		0		0	0	n/a		0	0	low	Claim identity, immutable journal/terminal records, lock ownership, and projections must remain atomic.	struct:5493ae09d200c7cdf347359520564418				no direct reverse call/type reference; inspect bodies
internal/worktrees/local_worklog.go	LocalUsageEvidence	LocalUsageEvidence	struct		true	79	87	claims/locks/worklogs	internal/worktreeclaims	none detected	none detected		0		0	0	n/a		0	0	low	Claim identity, immutable journal/terminal records, lock ownership, and projections must remain atomic.	struct:c4e4d3c260ed6bde5ffdf5379b660ada				no direct reverse call/type reference; inspect bodies
internal/worktrees/local_worklog.go	LocalWorkLogProjection	LocalWorkLogProjection	struct		true	90	105	claims/locks/worklogs	internal/worktreeclaims	none detected	none detected		0		0	0	n/a		0	0	low	Claim identity, immutable journal/terminal records, lock ownership, and projections must remain atomic.	struct:2bcf306ed72288a0f7c0a0da916138d3				no direct reverse call/type reference; inspect bodies
internal/worktrees/local_worklog.go	openLocalWorkLogDir	openLocalWorkLogDir	function		false	107	112	claims/locks/worklogs	internal/worktreeclaims	none detected	filesystem,git,global	ensureJournalExclude; openJournalSubdirectory	2		0	0	covered	100.0	3	3	low	Claim identity, immutable journal/terminal records, lock ownership, and projections must remain atomic.	function:1440582d24165c0ee1aec19922c78426				no direct reverse call/type reference; inspect bodies
internal/worktrees/local_worklog.go	readLocalEvents	readLocalEvents	function		false	114	120	claims/locks/worklogs	internal/worktreeclaims	none detected	filesystem,global	readLocalWorkLogBytes; parseLocalEvents	2		0	0	covered	100.0	4	4	low	Claim identity, immutable journal/terminal records, lock ownership, and projections must remain atomic.	function:9dcf76245085a2210e85c0ce63959c70				no direct reverse call/type reference; inspect bodies
internal/worktrees/local_worklog.go	readLocalWorkLogBytes	readLocalWorkLogBytes	function		false	122	139	claims/locks/worklogs	internal/worktreeclaims	filesystem	filesystem	openLocalWorkLogDir; readBytesAt	2		0	0	covered	100.0	13	13	medium	Claim identity, immutable journal/terminal records, lock ownership, and projections must remain atomic. Cross-domain calls: secure filesystem/storage.	function:10a5c654b7cb40295daec41c8c14dd99				no direct reverse call/type reference; inspect bodies
internal/worktrees/local_worklog.go	readLocalEventsForInspection	readLocalEventsForInspection	function		false	147	176	claims/locks/worklogs	internal/worktreeclaims	filesystem,global	filesystem,global	readLocalEvents; openLocalWorkLogDir; readBytesAt; historicalParkedCompletionShape; parseLocalEvents	5		0	0	partial	77.3	17	22	medium	Claim identity, immutable journal/terminal records, lock ownership, and projections must remain atomic. Cross-domain calls: secure filesystem/storage.	function:174f7e3b000bad2b95a25d1bd7dbd338				no direct reverse call/type reference; inspect bodies
internal/worktrees/local_worklog.go	historicalParkedCompletionShape	historicalParkedCompletionShape	function		false	182	198	claims/locks/worklogs	internal/worktreeclaims	none detected	none detected		0		0	0	partial	71.4	5	7	low	Claim identity, immutable journal/terminal records, lock ownership, and projections must remain atomic.	function:25f8193ac20c14a5ddee0c604d06a464				no direct reverse call/type reference; inspect bodies
internal/worktrees/local_worklog.go	parseLocalEvents	parseLocalEvents	function		false	200	217	claims/locks/worklogs	internal/worktreeclaims	global	global	validateLocalEventForSequence	1		0	0	covered	100.0	12	12	low	Claim identity, immutable journal/terminal records, lock ownership, and projections must remain atomic.	function:9474f85327963178ce6ac17d65e45039				no direct reverse call/type reference; inspect bodies
internal/worktrees/local_worklog.go	readLocalProjection	readLocalProjection	function		false	219	233	claims/locks/worklogs	internal/worktreeclaims	global	filesystem,global	openLocalWorkLogDir; readJSONAt	2		0	0	partial	72.7	8	11	medium	Claim identity, immutable journal/terminal records, lock ownership, and projections must remain atomic. Cross-domain calls: secure filesystem/storage.	function:f16156a01b88ab2cf20077311950cac3				no direct reverse call/type reference; inspect bodies
internal/worktrees/local_worklog.go	appendLocalEvent	appendLocalEvent	function		false	235	237	claims/locks/worklogs	internal/worktreeclaims	none detected	filesystem	appendLocalEventWithCustody	1		0	0	covered	100.0	1	1	low	Claim identity, immutable journal/terminal records, lock ownership, and projections must remain atomic.	function:e837034e7f320a41eb43a58643301f47				no direct reverse call/type reference; inspect bodies
internal/worktrees/local_worklog.go	appendLocalEventWithoutCustody	appendLocalEventWithoutCustody	function		false	243	245	claims/locks/worklogs	internal/worktreeclaims	none detected	filesystem	appendLocalEventWithCustody	1		0	0	covered	100.0	1	1	low	Claim identity, immutable journal/terminal records, lock ownership, and projections must remain atomic.	function:2d842f644a5799becfed0d2bab7bc088				no direct reverse call/type reference; inspect bodies
internal/worktrees/local_worklog.go	appendLocalEventWithCustody	appendLocalEventWithCustody	function		false	247	279	claims/locks/worklogs	internal/worktreeclaims	none detected	env,filesystem,global	ensureCustody; openLocalWorkLogDir; lockLocalWorkLog; appendLocalEventUnderLock	4		0	0	partial	85.0	17	20	low	Claim identity, immutable journal/terminal records, lock ownership, and projections must remain atomic.	function:cc084d33f0784969ab4cd84d60b9265e				no direct reverse call/type reference; inspect bodies
internal/worktrees/local_worklog.go	appendLocalEventUnderLock	appendLocalEventUnderLock	function		false	281	333	claims/locks/worklogs	internal/worktreeclaims	none detected	filesystem,global	repairLocalEventDerivatives(2); readLocalEventsForAppend; rewriteLocalEventJournal; sameLocalEvent; localEventID; encodeLocalEvents; writeBytesAtomicAt	8		0	0	partial	90.9	30	33	medium	Claim identity, immutable journal/terminal records, lock ownership, and projections must remain atomic. Cross-domain calls: secure filesystem/storage.	function:60387041baaa2056ced4e863fb126dbd				no direct reverse call/type reference; inspect bodies
internal/worktrees/local_worklog.go	sameLocalEvent	sameLocalEvent	function		false	335	339	claims/locks/worklogs	internal/worktreeclaims	none detected	none detected		0		0	0	covered	100.0	3	3	low	Claim identity, immutable journal/terminal records, lock ownership, and projections must remain atomic.	function:4d028a2e5e4b0017ed366ef4e9022b89				no direct reverse call/type reference; inspect bodies
internal/worktrees/local_worklog.go	repairLocalEventDerivatives	repairLocalEventDerivatives	function		false	344	356	claims/locks/worklogs	internal/worktreeclaims	none detected	filesystem,global	repairLocalOutbox; projectLocalWorkLog; writeJSONAtomicAt	3		0	0	partial	75.0	6	8	medium	Claim identity, immutable journal/terminal records, lock ownership, and projections must remain atomic. Cross-domain calls: secure filesystem/storage.	function:9f124bd716b2cfada652789c1b7ab6d7				no direct reverse call/type reference; inspect bodies
internal/worktrees/local_worklog.go	repairLocalOutbox	repairLocalOutbox	function		false	358	398	claims/locks/worklogs	internal/worktreeclaims	filesystem	filesystem,global	readBytesAt; parseLocalEventsForRepair; sameLocalEvent; encodeLocalEvents; writeBytesAtomicAt	5		0	0	partial	78.6	22	28	medium	Claim identity, immutable journal/terminal records, lock ownership, and projections must remain atomic. Cross-domain calls: secure filesystem/storage.	function:ccc0370e34945878814f4dfa280b4493				no direct reverse call/type reference; inspect bodies
internal/worktrees/local_worklog.go	projectLocalWorkLog	projectLocalWorkLog	function		false	400	420	claims/locks/worklogs	internal/worktreeclaims	none detected	filesystem,global	rebuildLocalProjection; ReadManifest; readWorkLogProjection	3		0	0	partial	93.3	14	15	low	Claim identity, immutable journal/terminal records, lock ownership, and projections must remain atomic.	function:2a60e284c4b02ca6b144fb4677b1b74b				no direct reverse call/type reference; inspect bodies
internal/worktrees/local_worklog.go	repairCurrentLocalProjection	repairCurrentLocalProjection	function		false	426	447	claims/locks/worklogs	internal/worktreeclaims	none detected	filesystem,global	openLocalWorkLogDir; lockLocalWorkLog; readLocalEventsForAppend; rewriteLocalEventJournal; repairLocalEventDerivatives	5		0	0	partial	81.2	13	16	low	Claim identity, immutable journal/terminal records, lock ownership, and projections must remain atomic.	function:308e5bbd1d8c28162581f094cb86a155				no direct reverse call/type reference; inspect bodies
internal/worktrees/local_worklog.go	rewriteLocalEventJournal	rewriteLocalEventJournal	function		false	451	460	claims/locks/worklogs	internal/worktreeclaims	none detected	global	encodeLocalEvents; rewriteLocalEventJournalAtomicWrite	2		0	0	covered	100.0	6	6	low	Claim identity, immutable journal/terminal records, lock ownership, and projections must remain atomic.	function:f0591000a912058f8b70bc90e10267ce				no direct reverse call/type reference; inspect bodies
internal/worktrees/local_worklog.go	readLocalEventsForAppend	readLocalEventsForAppend	function		false	462	471	claims/locks/worklogs	internal/worktreeclaims	filesystem	filesystem,global	readBytesAt; parseLocalEventsForRepair	2		0	0	partial	83.3	5	6	medium	Claim identity, immutable journal/terminal records, lock ownership, and projections must remain atomic. Cross-domain calls: secure filesystem/storage.	function:70b85703da20ac5b82259e6355ebf348				no direct reverse call/type reference; inspect bodies
internal/worktrees/local_worklog.go	parseLocalEventsForRepair	parseLocalEventsForRepair	function		false	476	499	claims/locks/worklogs	internal/worktreeclaims	global	global	validateLocalEventForSequence	1		0	0	partial	94.1	16	17	low	Claim identity, immutable journal/terminal records, lock ownership, and projections must remain atomic.	function:6b9244f5dbb8ca4b5fc1d3e32f1f9f8b				no direct reverse call/type reference; inspect bodies
internal/worktrees/local_worklog.go	validateLocalEventForSequence	validateLocalEventForSequence	function		false	501	513	claims/locks/worklogs	internal/worktreeclaims	none detected	none detected		0		0	0	partial	87.5	7	8	low	Claim identity, immutable journal/terminal records, lock ownership, and projections must remain atomic.	function:e0122584de1c7a4d69f0d9a0bff30692				no direct reverse call/type reference; inspect bodies
internal/worktrees/local_worklog.go	encodeLocalEvents	encodeLocalEvents	function		false	515	526	claims/locks/worklogs	internal/worktreeclaims	global	global		0		0	0	covered	100.0	8	8	low	Claim identity, immutable journal/terminal records, lock ownership, and projections must remain atomic.	function:fb068241ff71d25fd03d7134bcd51e83				no direct reverse call/type reference; inspect bodies
internal/worktrees/local_worklog.go	lockLocalWorkLog	lockLocalWorkLog	function		false	528	544	claims/locks/worklogs	internal/worktreeclaims	filesystem	filesystem		0		0	0	partial	72.7	8	11	low	Claim identity, immutable journal/terminal records, lock ownership, and projections must remain atomic.	function:4affe3fe591f57ea2fc9c2460b1d04b6				no direct reverse call/type reference; inspect bodies
internal/worktrees/local_worklog.go	rebuildLocalProjection	rebuildLocalProjection	function		false	546	591	claims/locks/worklogs	internal/worktreeclaims	none detected	none detected		0		0	0	partial	96.7	29	30	low	Claim identity, immutable journal/terminal records, lock ownership, and projections must remain atomic.	function:e37d12f9b285a65136f082afaf971dfc				no direct reverse call/type reference; inspect bodies
internal/worktrees/local_worklog.go	localEventID	localEventID	function		false	593	608	claims/locks/worklogs	internal/worktreeclaims	none detected	none detected		0		0	0	covered	100.0	8	8	low	Claim identity, immutable journal/terminal records, lock ownership, and projections must remain atomic.	function:d45a13d8fce7db3e69bb06a77d2e776a				no direct reverse call/type reference; inspect bodies
internal/worktrees/local_worklog.go	observeLocalGit	observeLocalGit	function		false	610	626	claims/locks/worklogs	internal/worktreeclaims	git	git,global,process	git(3)	3		0	0	covered	100.0	12	12	medium	Claim identity, immutable journal/terminal records, lock ownership, and projections must remain atomic. Cross-domain calls: git subprocess/cache.	function:f4677ce349b31249324972e92915df4e				no direct reverse call/type reference; inspect bodies
internal/worktrees/local_worklog.go	countLocalOutbox	countLocalOutbox	function		false	628	641	claims/locks/worklogs	internal/worktreeclaims	none detected	filesystem	readLocalWorkLogBytes	1		0	0	covered	100.0	9	9	low	Claim identity, immutable journal/terminal records, lock ownership, and projections must remain atomic.	function:d1cc8862fc3f13390adc06e7576a241a				no direct reverse call/type reference; inspect bodies
internal/worktrees/lockdiag.go	LockOwnerState	LockOwnerState	type		true	18	18	claims/locks/worklogs	internal/worktreeclaims	none detected	none detected		0		0	0	n/a		0	0	low	Claim identity, immutable journal/terminal records, lock ownership, and projections must remain atomic.	type_alias:fc971c5e2217aaba1638cf3ae6ffd3bf				no direct reverse call/type reference; inspect bodies
internal/worktrees/lockdiag.go	diagnoseTaskLock	diagnoseTaskLock	function		false	42	74	claims/locks/worklogs	internal/worktreeclaims	filesystem	filesystem	processIsDead	1		0	0	partial	85.7	18	21	medium	Claim identity, immutable journal/terminal records, lock ownership, and projections must remain atomic. Cross-domain calls: process/lock probes.	function:2bf1e9f50df2c3990caff44cbb0ebed1				no direct reverse call/type reference; inspect bodies
internal/worktrees/lockdiag.go	lockedReason	lockedReason	function		false	79	94	claims/locks/worklogs	internal/worktreeclaims	none detected	none detected		0		0	0	covered	100.0	5	5	low	Claim identity, immutable journal/terminal records, lock ownership, and projections must remain atomic.	function:d98dd27db8abc689c5fd1389f4e95070		internal/worktreelayout(1)		no direct reverse call/type reference; inspect bodies
internal/worktrees/lockdiag.go	resumeInterruptedCommand	resumeInterruptedCommand	function		false	97	99	claims/locks/worklogs	internal/worktreeclaims	none detected	none detected		0		0	0	covered	100.0	1	1	low	Claim identity, immutable journal/terminal records, lock ownership, and projections must remain atomic.	function:42a7b1f7ee1c33841e7dd6b18faef463				no direct reverse call/type reference; inspect bodies
internal/worktrees/log_verbs.go	LogVerbResult	LogVerbResult	struct		true	20	37	shared orchestration	internal/worktrees	none detected	none detected		0	cmd/wb/worktree.go [references]	1	1	n/a		0	0	medium	Keep transaction ordering, policy gates, and public API compatibility here. Public transaction verb stays in facade; claims owns records and storage behind it.	struct:f4b1b95d4b1f0ce5b6b3eb7cf085aced		internal/worktreeclaims(2); internal/worktreelanding(1)		no direct reverse call/type reference; inspect bodies
internal/worktrees/log_verbs.go	claimFence	claimFence	struct		false	39	43	claims/locks/worklogs	internal/worktreeclaims	none detected	none detected		0		0	0	n/a		0	0	low	Claim identity, immutable journal/terminal records, lock ownership, and projections must remain atomic.	struct:4bd391f832108dd0c14b0ecdc0474caa				no direct reverse call/type reference; inspect bodies
internal/worktrees/log_verbs.go	resolveWorktreeRoot	resolveWorktreeRoot	function		false	45	50	claims/locks/worklogs	internal/worktreeclaims	none detected	git	RepositoryRootFor	1		0	0	covered	100.0	3	3	low	Claim identity, immutable journal/terminal records, lock ownership, and projections must remain atomic.	function:4df54300e6e062ac28badd52ba58d77d				no direct reverse call/type reference; inspect bodies
internal/worktrees/log_verbs.go	withOptionalClaimFence	withOptionalClaimFence	function		false	52	76	claims/locks/worklogs	internal/worktreeclaims	none detected	filesystem,global	activeWorkLogClaim; openLockedWorkLogRun	2		0	0	partial	78.6	11	14	low	Claim identity, immutable journal/terminal records, lock ownership, and projections must remain atomic.	function:f9d6f6f3d53f075629a508c383485a9d				no direct reverse call/type reference; inspect bodies
internal/worktrees/log_verbs.go	observeUsage	observeUsage	function		false	78	110	claims/locks/worklogs	internal/worktreeclaims	none detected	none detected		0		0	0	covered	100.0	18	18	low	Claim identity, immutable journal/terminal records, lock ownership, and projections must remain atomic.	function:64d333bff17afc9711fd5beb5d2e84f4				no direct reverse call/type reference; inspect bodies
internal/worktrees/log_verbs.go	LogInitOptions	LogInitOptions	struct		true	113	123	shared orchestration	internal/worktrees	none detected	none detected		0	cmd/wb/worktree.go [instantiates]	1	1	n/a		0	0	medium	Keep transaction ordering, policy gates, and public API compatibility here. Public transaction verb stays in facade; claims owns records and storage behind it.	struct:80504806eb544ac50bfb12b53d3f78fd				no direct reverse call/type reference; inspect bodies
internal/worktrees/log_verbs.go	LogInit	LogInit	function		true	127	195	shared orchestration	internal/worktrees	none detected	env,filesystem,git,global	resolveWorktreeRoot; withOptionalClaimFence; ReconstructManifest; openLocalWorkLogDir; ListPrompts; AppendPrompt; appendLocalEvent; ptrLocalGit	12	cmd/wb/worktree.go [calls]	1	1	partial	77.1	27	35	medium	Keep transaction ordering, policy gates, and public API compatibility here. Cross-domain calls: claims/locks/worklogs. Public transaction verb stays in facade; claims owns records and storage behind it.	function:4a7185fd97d452a6ca1aa4c7b47d3f28				no direct reverse call/type reference; inspect bodies
internal/worktrees/log_verbs.go	LogSteerOptions	LogSteerOptions	struct		true	198	207	shared orchestration	internal/worktrees	none detected	none detected		0	cmd/wb/worktree.go [instantiates]	2	1	n/a		0	0	medium	Keep transaction ordering, policy gates, and public API compatibility here. Public transaction verb stays in facade; claims owns records and storage behind it.	struct:7fb4d9ffcb1270e81aa9822d99aecf84				no direct reverse call/type reference; inspect bodies
internal/worktrees/log_verbs.go	LogSteer	LogSteer	function		true	210	246	shared orchestration	internal/worktrees	none detected	filesystem,git,global	resolveWorktreeRoot; ReconstructManifest; AppendPrompt; appendLocalEvent	4	cmd/wb/worktree.go [calls]	2	1	partial	81.2	13	16	medium	Keep transaction ordering, policy gates, and public API compatibility here. Cross-domain calls: claims/locks/worklogs. Public transaction verb stays in facade; claims owns records and storage behind it.	function:d3c74daa0ead2c04e629d52bcff24332				no direct reverse call/type reference; inspect bodies
internal/worktrees/log_verbs.go	LogShow	LogShow	function		true	249	265	shared orchestration	internal/worktrees	none detected	filesystem,git,global	resolveWorktreeRoot; LoadWorkLogView; readLocalProjection	3	cmd/wb/worktree.go [calls]	1	1	partial	80.0	8	10	medium	Keep transaction ordering, policy gates, and public API compatibility here. Cross-domain calls: claims/locks/worklogs. Public transaction verb stays in facade; claims owns records and storage behind it.	function:157b84f57cb3b0016fbd0acb1b3d9606		internal/worktreeclaims(2)		no direct reverse call/type reference; inspect bodies
internal/worktrees/log_verbs.go	LogCheckpointOptions	LogCheckpointOptions	struct		true	268	284	shared orchestration	internal/worktrees	none detected	none detected		0	cmd/wb/worktree.go [instantiates]	1	1	n/a		0	0	medium	Keep transaction ordering, policy gates, and public API compatibility here. Public transaction verb stays in facade; claims owns records and storage behind it.	struct:c47a67c4d5b7f3efcc7152529e67eb7c				no direct reverse call/type reference; inspect bodies
internal/worktrees/log_verbs.go	LogCheckpoint	LogCheckpoint	function		true	294	324	shared orchestration	internal/worktrees	none detected	git,network	resolveWorktreeRoot; withOptionalClaimFence; observeUsage; observeLocalGit; appendLocalEvent; remoteCheckpointFromLog	6	cmd/wb/worktree.go [calls]	1	1	partial	88.9	16	18	medium	Keep transaction ordering, policy gates, and public API compatibility here. Cross-domain calls: claims/locks/worklogs. Public transaction verb stays in facade; claims owns records and storage behind it.	function:5b5ac2836192e7bbb4bc51d150238cb1				no direct reverse call/type reference; inspect bodies
internal/worktrees/log_verbs.go	remoteCheckpointFromLog	remoteCheckpointFromLog	function		false	331	347	claims/locks/worklogs	internal/worktreeclaims	none detected	git,network	PushRemoteCheckpoint; isGitObjectID	2		0	0	covered	100.0	11	11	medium	Claim identity, immutable journal/terminal records, lock ownership, and projections must remain atomic. Cross-domain calls: branch reconciliation/cleanup, landing/merge receipts.	function:935342e59d3b574d14ce6e81708e69c3	internal/worktreelanding(1)	internal/worktrees(1)	internal/worktrees(1)	needs facade or injected port
internal/worktrees/log_verbs.go	LogRefreshOptions	LogRefreshOptions	struct		true	350	354	shared orchestration	internal/worktrees	none detected	none detected		0	cmd/wb/worktree.go [instantiates]	1	1	n/a		0	0	medium	Keep transaction ordering, policy gates, and public API compatibility here. Public transaction verb stays in facade; claims owns records and storage behind it.	struct:78d63a9daddda2eef12110234487062d				no direct reverse call/type reference; inspect bodies
internal/worktrees/log_verbs.go	LogRefresh	LogRefresh	function		true	357	397	shared orchestration	internal/worktrees	none detected	filesystem,git,global	resolveWorktreeRoot; resolveLogBase; observeLocalGit; fetchRemoteTargetHead; aheadBehind; appendLocalEvent	6	cmd/wb/worktree.go [calls]	1	1	partial	80.8	21	26	medium	Keep transaction ordering, policy gates, and public API compatibility here. Cross-domain calls: claims/locks/worklogs, landing/merge receipts. Public transaction verb stays in facade; claims owns records and storage behind it.	function:b268ebdff2bc81842c061db7539212f0				no direct reverse call/type reference; inspect bodies
internal/worktrees/log_verbs.go	aheadBehind	aheadBehind	function		false	399	414	claims/locks/worklogs	internal/worktreeclaims	git	git,global,process	git	1		0	0	partial	81.8	9	11	medium	Claim identity, immutable journal/terminal records, lock ownership, and projections must remain atomic. Cross-domain calls: git subprocess/cache.	function:bfcaa60656160ce361778038484ee262				no direct reverse call/type reference; inspect bodies
internal/worktrees/log_verbs.go	LogIntegrateOptions	LogIntegrateOptions	struct		true	417	422	shared orchestration	internal/worktrees	none detected	none detected		0	cmd/wb/worktree.go [instantiates]	1	1	n/a		0	0	medium	Keep transaction ordering, policy gates, and public API compatibility here. Public transaction verb stays in facade; claims owns records and storage behind it.	struct:de82a54f080def0bcfbb49658b96cb97				no direct reverse call/type reference; inspect bodies
internal/worktrees/log_verbs.go	LogIntegrate	LogIntegrate	function		true	425	523	shared orchestration	internal/worktrees	git,global	filesystem,git,global,process	git(4); observeLocalGit(3); resolveWorktreeRoot; withOptionalClaimFence; readLocalProjection; isAncestor; resolveLogBase; fetchRemoteTargetHead	16	cmd/wb/worktree.go [calls]	1	1	partial	83.3	55	66	high	Keep transaction ordering, policy gates, and public API compatibility here. Cross-domain calls: claims/locks/worklogs, git subprocess/cache, landing/merge receipts. Public transaction verb stays in facade; claims owns records and storage behind it.	function:e3e5320e4665072786eb28ac8213b56d				no direct reverse call/type reference; inspect bodies
internal/worktrees/log_verbs.go	resolveLogBase	resolveLogBase	function		false	525	535	claims/locks/worklogs	internal/worktreeclaims	none detected	filesystem,global	ReadManifest	1		0	0	covered	100.0	6	6	low	Claim identity, immutable journal/terminal records, lock ownership, and projections must remain atomic.	function:4a2d810125c0f00898ab510115612544				no direct reverse call/type reference; inspect bodies
internal/worktrees/log_verbs.go	branchPublished	branchPublished	function		false	537	548	claims/locks/worklogs	internal/worktreeclaims	git	git,global,process	git(2)	2		0	0	covered	100.0	8	8	medium	Claim identity, immutable journal/terminal records, lock ownership, and projections must remain atomic. Cross-domain calls: git subprocess/cache.	function:cfc91401692a6cf10f9a7e6a7a43ab63				no direct reverse call/type reference; inspect bodies
internal/worktrees/log_verbs.go	LogHandoffOptions	LogHandoffOptions	struct		true	551	573	shared orchestration	internal/worktrees	none detected	none detected		0	cmd/wb/worktree.go [instantiates]	1	1	n/a		0	0	medium	Keep transaction ordering, policy gates, and public API compatibility here. Public transaction verb stays in facade; claims owns records and storage behind it.	struct:b29609be942baee08df290b244aba3ca				no direct reverse call/type reference; inspect bodies
internal/worktrees/log_verbs.go	LogHandoff	LogHandoff	function		true	576	647	shared orchestration	internal/worktrees	none detected	filesystem,git,global	resolveWorktreeRoot; withOptionalClaimFence; observeLocalGit; appendLocalEvent; transferWorkLogClaim	5	cmd/wb/worktree.go [calls]	1	1	partial	91.5	43	47	medium	Keep transaction ordering, policy gates, and public API compatibility here. Cross-domain calls: claims/locks/worklogs. Public transaction verb stays in facade; claims owns records and storage behind it.	function:a67301279f629f33c622cdbb020189d7				no direct reverse call/type reference; inspect bodies
internal/worktrees/log_verbs.go	LogRecoverOptions	LogRecoverOptions	struct		true	650	673	shared orchestration	internal/worktrees	none detected	none detected		0	cmd/wb/worktree.go [instantiates]	1	1	n/a		0	0	medium	Keep transaction ordering, policy gates, and public API compatibility here. Public transaction verb stays in facade; claims owns records and storage behind it.	struct:22cc6be9df8a2dfc534e8d90082a40f9				no direct reverse call/type reference; inspect bodies
internal/worktrees/log_verbs.go	LogRecover	LogRecover	function		true	676	796	shared orchestration	internal/worktrees	none detected	filesystem,git,global,network,process	appendLocalEvent(2); resolveWorktreeRoot; readLocalEvents; rebuildLocalProjection; ReadManifest; activeWorkLogClaim; observeLocalGit; recoverableBlankManifestClaimID	14	cmd/wb/worktree.go [calls]	1	1	partial	84.9	79	93	high	Keep transaction ordering, policy gates, and public API compatibility here. Cross-domain calls: branch reconciliation/cleanup, claims/locks/worklogs, secure filesystem/storage. Public transaction verb stays in facade; claims owns records and storage behind it.	function:fbcb5f3babab1f08b6015f5fb4519a06				no direct reverse call/type reference; inspect bodies
internal/worktrees/log_verbs.go	recoverableBlankManifestClaimID	recoverableBlankManifestClaimID	function		false	798	825	claims/locks/worklogs	internal/worktreeclaims	git	git,global,process	observeLocalGit; WorkLogClaimID; isGitObjectID; git	4		0	0	partial	80.0	12	15	medium	Claim identity, immutable journal/terminal records, lock ownership, and projections must remain atomic. Cross-domain calls: branch reconciliation/cleanup, git subprocess/cache.	function:08c6302431e9154d2315c33e50336c53				no direct reverse call/type reference; inspect bodies
internal/worktrees/log_verbs.go	recoverBlankManifestClaim	recoverBlankManifestClaim	function		false	827	852	claims/locks/worklogs	internal/worktreeclaims	none detected	filesystem,git,global	recoverableBlankManifestClaimID; ParentEffort; EnsureWorkLogClaim	3		0	0	partial	92.3	12	13	low	Claim identity, immutable journal/terminal records, lock ownership, and projections must remain atomic.	function:3715733bcdfe769e6627466eebd0fa2d				no direct reverse call/type reference; inspect bodies
internal/worktrees/log_verbs.go	LogFinalizeOptions	LogFinalizeOptions	struct		true	855	870	shared orchestration	internal/worktrees	none detected	none detected		0	cmd/wb/worktree.go [instantiates]	1	1	n/a		0	0	medium	Keep transaction ordering, policy gates, and public API compatibility here. Public transaction verb stays in facade; claims owns records and storage behind it.	struct:69785559f6b2aa9a212d1f1bad0b6d72				no direct reverse call/type reference; inspect bodies
internal/worktrees/log_verbs.go	LogFinalize	LogFinalize	function		true	873	955	shared orchestration	internal/worktrees	global	filesystem,git,global	resolveWorktreeRoot; withOptionalClaimFence; observeLocalGit; appendLocalEvent; writeWorkLogFinalizeReport; sealWorkLogForFinalize; repairCurrentLocalProjection; mustCountOutbox	8	cmd/wb/worktree.go [calls]	1	1	partial	87.3	48	55	medium	Keep transaction ordering, policy gates, and public API compatibility here. Cross-domain calls: claims/locks/worklogs. Public transaction verb stays in facade; claims owns records and storage behind it.	function:ec47004da063e080d5ab1c71be0fec16				no direct reverse call/type reference; inspect bodies
internal/worktrees/log_verbs.go	LogSyncOptions	LogSyncOptions	struct		true	958	962	shared orchestration	internal/worktrees	none detected	none detected		0	cmd/wb/worktree.go [instantiates]	1	1	n/a		0	0	medium	Keep transaction ordering, policy gates, and public API compatibility here. Public transaction verb stays in facade; claims owns records and storage behind it.	struct:774187acf4f0642c0b200709700415af				no direct reverse call/type reference; inspect bodies
internal/worktrees/log_verbs.go	LogSync	LogSync	function		true	966	993	shared orchestration	internal/worktrees	none detected	filesystem,git	resolveWorktreeRoot; countLocalOutbox; appendLocalEvent; ptrLocalGit; observeLocalGit	5	cmd/wb/worktree.go [calls]	1	1	partial	85.7	12	14	medium	Keep transaction ordering, policy gates, and public API compatibility here. Cross-domain calls: claims/locks/worklogs. Public transaction verb stays in facade; claims owns records and storage behind it.	function:6579373c45c6ff933a04d926f0567971				no direct reverse call/type reference; inspect bodies
internal/worktrees/log_verbs.go	LogArchiveOptions	LogArchiveOptions	struct		true	996	1001	shared orchestration	internal/worktrees	none detected	none detected		0	cmd/wb/worktree.go [instantiates]	1	1	n/a		0	0	medium	Keep transaction ordering, policy gates, and public API compatibility here. Public transaction verb stays in facade; claims owns records and storage behind it.	struct:acae0ee4441284b9225fd3767a2aa948				no direct reverse call/type reference; inspect bodies
internal/worktrees/log_verbs.go	LogArchive	LogArchive	function		true	1004	1072	shared orchestration	internal/worktrees	filesystem	filesystem,git,global	resolveWorktreeRoot; readLocalProjection; repairCurrentLocalProjection; readLocalEvents; ReadManifest; copyDir; appendLocalEvent	7	cmd/wb/worktree.go [calls]	1	1	partial	76.6	36	47	medium	Keep transaction ordering, policy gates, and public API compatibility here. Cross-domain calls: claims/locks/worklogs. Public transaction verb stays in facade; claims owns records and storage behind it.	function:066bf86944d3b9219d0c8638d6b7cc9d				no direct reverse call/type reference; inspect bodies
internal/worktrees/log_verbs.go	mustCountOutbox	mustCountOutbox	function		false	1074	1077	claims/locks/worklogs	internal/worktreeclaims	none detected	filesystem	countLocalOutbox	1		0	0	covered	100.0	2	2	low	Claim identity, immutable journal/terminal records, lock ownership, and projections must remain atomic.	function:d806fedf370e8191ec79cdcdc795dcac				no direct reverse call/type reference; inspect bodies
internal/worktrees/log_verbs.go	ptrLocalGit	ptrLocalGit	function		false	1079	1082	claims/locks/worklogs	internal/worktreeclaims	none detected	none detected		0		0	0	covered	100.0	2	2	low	Claim identity, immutable journal/terminal records, lock ownership, and projections must remain atomic.	function:f54dcffb654a2aab5165f0da5552cf8e				no direct reverse call/type reference; inspect bodies
internal/worktrees/log_verbs.go	copyDir	copyDir	function		false	1084	1107	claims/locks/worklogs	internal/worktreeclaims	filesystem	filesystem		0		0	0	partial	81.2	13	16	low	Claim identity, immutable journal/terminal records, lock ownership, and projections must remain atomic.	function:736dbba56c236a251ea79113ff12999a				no direct reverse call/type reference; inspect bodies
internal/worktrees/namespace.go	removeEmptyTaskDirectory	removeEmptyTaskDirectory	function		false	41	56	retirement/recovery/GC	internal/worktreeretire	none detected	filesystem	validSafeSegment; directoryStillMatches	2		0	0	partial	87.5	7	8	medium	Recoverable snapshots and durable receipts precede destructive local/remote cleanup. Cross-domain calls: layout/discovery, secure filesystem/storage.	function:b0efc56d76bdb5c5798c2fa3fd6c52b7		internal/worktreelayout(1)		no direct reverse call/type reference; inspect bodies
internal/worktrees/namespace.go	emptyTaskNamespaces	emptyTaskNamespaces	function		false	63	121	layout/discovery	internal/worktreelayout	filesystem	filesystem	taskSelectionMatches; validSafeSegment	2		0	0	partial	97.1	33	34	low	Canonical paths, no-follow walk, placement policy, and owner coordinates must agree.	function:a96b1ef01aaaca785052be3917d42427				no direct reverse call/type reference; inspect bodies
internal/worktrees/namespace.go	retireEmptyTaskNamespaces	retireEmptyTaskNamespaces	function		false	128	157	retirement/recovery/GC	internal/worktreeretire	filesystem	filesystem,global	removeEmptyTaskDirectory; repositoryRegistrationLock::release; acquireCleanupTaskAt; purgeTerminalTaskLockDebris	4		0	0	partial	75.0	15	20	medium	Recoverable snapshots and durable receipts precede destructive local/remote cleanup. Cross-domain calls: claims/locks/worklogs.	function:78602ae331a801e8f58512e37b185afe		internal/worktreelayout(1)		no direct reverse call/type reference; inspect bodies
internal/worktrees/orphaned_claim.go	orphanedClaimCandidate	orphanedClaimCandidate	struct		false	17	21	claims/locks/worklogs	internal/worktreeclaims	none detected	none detected		0		0	0	n/a		0	0	low	Claim identity, immutable journal/terminal records, lock ownership, and projections must remain atomic.	struct:205894b2d35640acbfcfe8a28bf0d515				no direct reverse call/type reference; inspect bodies
internal/worktrees/orphaned_claim.go	workLogOrphanedEvidence	workLogOrphanedEvidence	struct		false	26	36	claims/locks/worklogs	internal/worktreeclaims	none detected	none detected		0		0	0	n/a		0	0	low	Claim identity, immutable journal/terminal records, lock ownership, and projections must remain atomic.	struct:16ee56a1b3201a199e9e9d72792c80b5				no direct reverse call/type reference; inspect bodies
internal/worktrees/orphaned_claim.go	abortOrphanedClaim	abortOrphanedClaim	function		false	38	113	claims/locks/worklogs	internal/worktreeclaims	none detected	filesystem,git,global,network,process	inspectOrphanedClaimAbsence(2); findOrphanedClaim; abortRepositoryExcludedByFilter; orphanedAbortResult; recheckOrphanedClaim; validClaimID; normalizeListOptions; openWorkLogRun	11		0	0	partial	87.7	50	57	medium	Claim identity, immutable journal/terminal records, lock ownership, and projections must remain atomic. Cross-domain calls: layout/discovery, retirement/recovery/GC.	function:673cd6563258c8060ee25eb545a36eb8	internal/worktreeretire(1)	internal/worktreeretire(2)	internal/worktreeretire(2)	needs facade or injected port
internal/worktrees/orphaned_claim.go	recheckOrphanedClaim	recheckOrphanedClaim	function		false	115	132	claims/locks/worklogs	internal/worktreeclaims	filesystem,global	filesystem,global,process	validateOrphanedClaimIdentity; openPrivateChild; readJSONAt	3		0	0	partial	76.9	10	13	medium	Claim identity, immutable journal/terminal records, lock ownership, and projections must remain atomic. Cross-domain calls: secure filesystem/storage.	function:a9ed221daba33db3828e7877aab483e8				no direct reverse call/type reference; inspect bodies
internal/worktrees/orphaned_claim.go	orphanedAbortResult	orphanedAbortResult	function		false	134	148	claims/locks/worklogs	internal/worktreeclaims	none detected	filesystem	CanonicalRepositoryPath	1		0	0	covered	100.0	6	6	medium	Claim identity, immutable journal/terminal records, lock ownership, and projections must remain atomic. Cross-domain calls: layout/discovery.	function:d1dc706c3d1e6f6f5b4beb25fd6b47fc		internal/worktreeretire(1)	internal/worktreeretire(1)	needs facade or injected port
internal/worktrees/orphaned_claim.go	findOrphanedClaim	findOrphanedClaim	function		false	150	194	claims/locks/worklogs	internal/worktreeclaims	filesystem,global	filesystem,global,process	validateOrphanedClaimIdentity	1		0	0	partial	74.2	23	31	medium	Claim identity, immutable journal/terminal records, lock ownership, and projections must remain atomic.	function:bb23405b421d3897860966fa6c6385f9				no direct reverse call/type reference; inspect bodies
internal/worktrees/orphaned_claim.go	validateOrphanedClaimIdentity	validateOrphanedClaimIdentity	function		false	196	216	claims/locks/worklogs	internal/worktreeclaims	none detected	filesystem,process	validSafeSegment(2); validClaimID(2); expectedWorkLogClaimID; validBranch; isGitObjectID	7		0	0	covered	100.0	11	11	medium	Claim identity, immutable journal/terminal records, lock ownership, and projections must remain atomic. Cross-domain calls: branch reconciliation/cleanup, layout/discovery.	function:b89b2e42300ec5dd506c520841e9d804				no direct reverse call/type reference; inspect bodies
internal/worktrees/orphaned_claim.go	inspectOrphanedClaimAbsence	inspectOrphanedClaimAbsence	function		false	218	257	claims/locks/worklogs	internal/worktreeclaims	filesystem	filesystem,git,global,network,process	worktreeStillRegistered; remoteBranchHead; CanonicalRepositoryPath; localBranchExists	4		0	0	partial	77.8	21	27	high	Claim identity, immutable journal/terminal records, lock ownership, and projections must remain atomic. Cross-domain calls: landing/merge receipts, layout/discovery, retirement/recovery/GC.	function:7cabeebc0ea408ba5ea66b5b42aa20b7	internal/worktreeretire(1); internal/worktreelanding(1)			needs facade or injected port
internal/worktrees/orphans.go	OrphanOptions	OrphanOptions	struct		true	44	52	retirement/recovery/GC	internal/worktreeretire	none detected	none detected		0	cmd/wb/worktree.go [instantiates]	1	1	n/a		0	0	medium	Recoverable snapshots and durable receipts precede destructive local/remote cleanup.	struct:31d85f67d6a6f98eb08a3f88b7e29e49				no direct reverse call/type reference; inspect bodies
internal/worktrees/orphans.go	OrphanWorktree	OrphanWorktree	struct		true	55	85	retirement/recovery/GC	internal/worktreeretire	none detected	none detected		0		0	0	n/a		0	0	low	Recoverable snapshots and durable receipts precede destructive local/remote cleanup.	struct:efdc58b5835b77a1d2f70ab699fc2ee0				no direct reverse call/type reference; inspect bodies
internal/worktrees/orphans.go	OrphanFamily	OrphanFamily	struct		true	89	94	retirement/recovery/GC	internal/worktreeretire	none detected	none detected		0		0	0	n/a		0	0	low	Recoverable snapshots and durable receipts precede destructive local/remote cleanup.	struct:4ab5d6bf0e39463067f581a4f0aeafe4				no direct reverse call/type reference; inspect bodies
internal/worktrees/orphans.go	OrphanReport	OrphanReport	struct		true	97	104	retirement/recovery/GC	internal/worktreeretire	none detected	none detected		0	cmd/wb/worktree.go [references]	1	1	n/a		0	0	medium	Recoverable snapshots and durable receipts precede destructive local/remote cleanup.	struct:df36601283b7c9fbf440fcb43e485c8d				no direct reverse call/type reference; inspect bodies
internal/worktrees/orphans.go	OrphanTotals	OrphanTotals	struct		true	106	114	retirement/recovery/GC	internal/worktreeretire	none detected	none detected		0		0	0	n/a		0	0	low	Recoverable snapshots and durable receipts precede destructive local/remote cleanup.	struct:2fd1f3497b4b71aafe68351292fae960				no direct reverse call/type reference; inspect bodies
internal/worktrees/orphans.go	Orphans	Orphans	function		true	120	215	retirement/recovery/GC	internal/worktreeretire	none detected	filesystem,git,global,process	discoverCanonicalClones; linkedWorktreesOf; inspectOrphan; residueSweep; familyDisposition; absoluteProjectsRoot	6	cmd/wb/worktree.go [calls]	1	1	partial	92.7	76	82	medium	Recoverable snapshots and durable receipts precede destructive local/remote cleanup. Cross-domain calls: layout/discovery.	function:b912ec58c48f8faf19f35e7a981f7bfc				no direct reverse call/type reference; inspect bodies
internal/worktrees/orphans.go	canonicalClone	canonicalClone	struct		false	217	220	layout/discovery	internal/worktreelayout	none detected	none detected		0		0	0	n/a		0	0	low	Canonical paths, no-follow walk, placement policy, and owner coordinates must agree.	struct:23fc1887865e0e93293b5bca5c46561a				no direct reverse call/type reference; inspect bodies
internal/worktrees/orphans.go	discoverCanonicalClones	discoverCanonicalClones	function		false	225	253	layout/discovery	internal/worktreelayout	filesystem,global	filesystem,global	canonicalOwnerDirectories	1		0	0	partial	91.7	22	24	medium	Canonical paths, no-follow walk, placement policy, and owner coordinates must agree. Cross-domain calls: git subprocess/cache.	function:3adf944cae53b101f34e37b33365e6f9				no direct reverse call/type reference; inspect bodies
internal/worktrees/orphans.go	linkedWorktree	linkedWorktree	struct		false	255	259	layout/discovery	internal/worktreelayout	none detected	none detected		0		0	0	n/a		0	0	low	Canonical paths, no-follow walk, placement policy, and owner coordinates must agree.	struct:784d364478caa6820468ee593d34f029				no direct reverse call/type reference; inspect bodies
internal/worktrees/orphans.go	linkedWorktreesOf	linkedWorktreesOf	function		false	263	295	layout/discovery	internal/worktreelayout	git,global	git,global,process	git	1		0	0	covered	100.0	21	21	medium	Canonical paths, no-follow walk, placement policy, and owner coordinates must agree. Cross-domain calls: git subprocess/cache.	function:757ac2c66eef01c64f13fb9e36d8f8b3				no direct reverse call/type reference; inspect bodies
internal/worktrees/orphans.go	inspectOrphan	inspectOrphan	function		false	297	367	retirement/recovery/GC	internal/worktreeretire	filesystem,git	filesystem,git,global,process	orphanLayoutOf; rootEffort; DeclaredOwner; orphanDisposition; ReadManifest; effortFromWorktreePath; ListPrompts; ParentEffort	11		0	0	partial	90.0	36	40	high	Recoverable snapshots and durable receipts precede destructive local/remote cleanup. Cross-domain calls: claims/locks/worklogs, git subprocess/cache, landing/merge receipts, layout/discovery.	function:d838b945a476bae531dc76a579422d04		internal/worktreelayout(2)		no direct reverse call/type reference; inspect bodies
internal/worktrees/orphans.go	orphanDisposition	orphanDisposition	function		false	369	407	retirement/recovery/GC	internal/worktreeretire	none detected	none detected	ownerLabel(2)	2		0	0	partial	88.9	8	9	low	Recoverable snapshots and durable receipts precede destructive local/remote cleanup.	function:45efe3b4052a809e1bff09431419c899				no direct reverse call/type reference; inspect bodies
internal/worktrees/orphans.go	ownerLabel	ownerLabel	function		false	411	416	retirement/recovery/GC	internal/worktreeretire	none detected	none detected		0		0	0	partial	66.7	2	3	low	Recoverable snapshots and durable receipts precede destructive local/remote cleanup.	function:00061a24f24637e3b8356684b45bb1c1				no direct reverse call/type reference; inspect bodies
internal/worktrees/orphans.go	familyDisposition	familyDisposition	function		false	421	436	retirement/recovery/GC	internal/worktreeretire	none detected	none detected		0		0	0	covered	100.0	8	8	low	Recoverable snapshots and durable receipts precede destructive local/remote cleanup.	function:f820280da65e0b1578a20a48118c2d63				no direct reverse call/type reference; inspect bodies
internal/worktrees/orphans.go	orphanLayoutOf	orphanLayoutOf	function		false	438	462	retirement/recovery/GC	internal/worktreeretire	none detected	global	pathWithin(3); activeWorkLogClaim; claimedSharedWorktreeLayout	5		0	0	partial	77.8	7	9	high	Recoverable snapshots and durable receipts precede destructive local/remote cleanup. Cross-domain calls: claims/locks/worklogs, layout/discovery, secure filesystem/storage.	function:480a92ba7eefdef459d7815a4fe13888		internal/worktreelayout(1)		no direct reverse call/type reference; inspect bodies
internal/worktrees/orphans.go	rootEffort	rootEffort	function		false	466	471	retirement/recovery/GC	internal/worktreeretire	none detected	none detected		0		0	0	covered	100.0	3	3	low	Recoverable snapshots and durable receipts precede destructive local/remote cleanup.	function:4b6d823f6a07acd9a19daece18ff65d4				no direct reverse call/type reference; inspect bodies
internal/worktrees/orphans.go	BackfillOptions	BackfillOptions	struct		true	475	479	retirement/recovery/GC	internal/worktreeretire	none detected	none detected		0	cmd/wb/worktree.go [instantiates]	1	1	n/a		0	0	medium	Recoverable snapshots and durable receipts precede destructive local/remote cleanup.	struct:ae214cdf33e9bc2c8e7c7730503703e2				no direct reverse call/type reference; inspect bodies
internal/worktrees/orphans.go	BackfillResult	BackfillResult	struct		true	482	489	retirement/recovery/GC	internal/worktreeretire	none detected	none detected		0		0	0	n/a		0	0	low	Recoverable snapshots and durable receipts precede destructive local/remote cleanup.	struct:b53e00899d3e50f33241bffe55b478a9				no direct reverse call/type reference; inspect bodies
internal/worktrees/orphans.go	Backfill	Backfill	function		true	510	547	retirement/recovery/GC	internal/worktreeretire	global	filesystem,git,global	Orphans; ReconstructManifest	2	cmd/wb/worktree.go [calls]	1	1	partial	86.4	19	22	medium	Recoverable snapshots and durable receipts precede destructive local/remote cleanup. Cross-domain calls: claims/locks/worklogs.	function:74aac866e938634c1dbf989933b129f4				no direct reverse call/type reference; inspect bodies
internal/worktrees/orphans_residue.go	OrphanResidue	OrphanResidue	struct		true	30	39	retirement/recovery/GC	internal/worktreeretire	none detected	none detected		0		0	0	n/a		0	0	low	Recoverable snapshots and durable receipts precede destructive local/remote cleanup.	struct:3bf43887833045b954bd5ffbd762e984				no direct reverse call/type reference; inspect bodies
internal/worktrees/orphans_residue.go	residueSweep	residueSweep	function		false	45	129	retirement/recovery/GC	internal/worktreeretire	filesystem	filesystem	inspectResidue(2); canonicalCoordinates	3		0	0	partial	72.0	36	50	medium	Recoverable snapshots and durable receipts precede destructive local/remote cleanup. Cross-domain calls: layout/discovery.	function:2e399fcbd05650cd9bfc68cbb5ce5a93				no direct reverse call/type reference; inspect bodies
internal/worktrees/orphans_residue.go	inspectResidue	inspectResidue	function		false	135	179	retirement/recovery/GC	internal/worktreeretire	filesystem	filesystem	hasGitMetadata; CanonicalRepositoryPath	2		0	0	partial	80.0	24	30	medium	Recoverable snapshots and durable receipts precede destructive local/remote cleanup. Cross-domain calls: layout/discovery.	function:870fccfdeb76706b04e455e50c71a181				no direct reverse call/type reference; inspect bodies
internal/worktrees/owners.go	OwnerRegistration	OwnerRegistration	struct		true	20	36	claims/locks/worklogs	internal/worktreeclaims	none detected	none detected		0		0	0	n/a		0	0	low	Claim identity, immutable journal/terminal records, lock ownership, and projections must remain atomic.	struct:364ba2c0fd6a4fb01d1f793ed7aa6270				no direct reverse call/type reference; inspect bodies
internal/worktrees/owners.go	sameCustody	OwnerRegistration::sameCustody	method	OwnerRegistration	false	42	48	claims/locks/worklogs	internal/worktreeclaims	none detected	none detected		0		0	0	covered	100.0	1	1	low	Claim identity, immutable journal/terminal records, lock ownership, and projections must remain atomic.	method:904c871a82043a11631497a29a44ed0f				no direct reverse call/type reference; inspect bodies
internal/worktrees/owners.go	OwnerView	OwnerView	struct		true	52	55	claims/locks/worklogs	internal/worktreeclaims	none detected	none detected		0		0	0	n/a		0	0	low	Claim identity, immutable journal/terminal records, lock ownership, and projections must remain atomic.	struct:358b62ec27b698eb415bc3e4cff620b6				no direct reverse call/type reference; inspect bodies
internal/worktrees/owners.go	recordOwner	recordOwner	function		false	57	66	claims/locks/worklogs	internal/worktreeclaims	none detected	none detected	MutationInitiator; appendLocalEvent	2		0	0	covered	100.0	6	6	low	Claim identity, immutable journal/terminal records, lock ownership, and projections must remain atomic.	function:a02679cd2a7c02dcaae15be2d9a839cc				no direct reverse call/type reference; inspect bodies
internal/worktrees/owners.go	lastOwner	lastOwner	function		false	69	75	claims/locks/worklogs	internal/worktreeclaims	none detected	none detected	ownerViews	1		0	0	covered	100.0	4	4	low	Claim identity, immutable journal/terminal records, lock ownership, and projections must remain atomic.	function:ccb2de74a0951e0811396ba77715cdc9				no direct reverse call/type reference; inspect bodies
internal/worktrees/owners.go	RecordCustody	RecordCustody	function		true	87	114	claims/locks/worklogs	internal/worktreeclaims	none detected	none detected	AgentIdentity::Declared; noteUndeclared; lastOwner; AgentIdentity::Agent; MutationInitiator; OwnerRegistration::sameCustody; custodyMessage; appendLocalEvent	8	cmd/wb/worktree_own.go [calls]	1	1	covered	100.0	18	18	medium	Claim identity, immutable journal/terminal records, lock ownership, and projections must remain atomic.	function:1cb316f0d00b2a429646562f9fa2d31f				no direct reverse call/type reference; inspect bodies
internal/worktrees/owners.go	custodyMessage	custodyMessage	function		false	116	121	claims/locks/worklogs	internal/worktreeclaims	none detected	none detected	AgentIdentity::Declared	1		0	0	covered	100.0	3	3	low	Claim identity, immutable journal/terminal records, lock ownership, and projections must remain atomic.	function:79c6be35be49bc430d1f13f642c74973				no direct reverse call/type reference; inspect bodies
internal/worktrees/owners.go	noteUndeclared	noteUndeclared	function		false	131	140	claims/locks/worklogs	internal/worktreeclaims	none detected	none detected		0		0	0	covered	100.0	6	6	low	Claim identity, immutable journal/terminal records, lock ownership, and projections must remain atomic.	function:5f1844c105ebc13046da5ee88fa2615a				no direct reverse call/type reference; inspect bodies
internal/worktrees/owners.go	TakeOwnerWarnings	TakeOwnerWarnings	function		true	144	150	claims/locks/worklogs	internal/worktreeclaims	none detected	none detected		0	cmd/wb/main.go [calls]	1	1	covered	100.0	5	5	medium	Claim identity, immutable journal/terminal records, lock ownership, and projections must remain atomic.	function:e90b02e1233032e8e6356391ec32d2dd				no direct reverse call/type reference; inspect bodies
internal/worktrees/owners.go	ensureCustody	ensureCustody	function		false	158	160	claims/locks/worklogs	internal/worktreeclaims	none detected	env	RecordCustody; InvokedCommand; CurrentIdentity	3		0	0	covered	100.0	1	1	low	Claim identity, immutable journal/terminal records, lock ownership, and projections must remain atomic.	function:e55e885fa15d6f995b36a3bd1fff25cf				no direct reverse call/type reference; inspect bodies
internal/worktrees/owners.go	ownerViews	ownerViews	function		false	162	177	claims/locks/worklogs	internal/worktreeclaims	none detected	filesystem,global	ownerPIDStatus; readLocalEvents	2		0	0	covered	100.0	12	12	low	Claim identity, immutable journal/terminal records, lock ownership, and projections must remain atomic.	function:fc16721eba5abdfcb74dd182f9efc8dd				no direct reverse call/type reference; inspect bodies
internal/worktrees/owners.go	lifecycleOwnerViews	lifecycleOwnerViews	function		false	184	222	claims/locks/worklogs	internal/worktreeclaims	none detected	filesystem,global	extraString(7); ownerViews; ownerPIDStatus; externalLocalEventID; readLocalEventsForInspection; activeWorkLogClaim	12		0	0	partial	24.0	6	25	medium	Claim identity, immutable journal/terminal records, lock ownership, and projections must remain atomic. Cross-domain calls: sessions/custody/transport.	function:183d22eaa8283a5491a09f6aa961a7de	internal/worktreesessions(1)			needs facade or injected port
internal/worktrees/owners.go	extraString	extraString	function		false	224	227	claims/locks/worklogs	internal/worktreeclaims	none detected	none detected		0		0	0	covered	100.0	2	2	low	Claim identity, immutable journal/terminal records, lock ownership, and projections must remain atomic.	function:c48b158c9dc22ddfefe1ba87cc5c9c34				no direct reverse call/type reference; inspect bodies
internal/worktrees/owners.go	ownerPIDStatus	ownerPIDStatus	function		false	229	241	claims/locks/worklogs	internal/worktreeclaims	none detected	none detected	processStatus	1		0	0	partial	87.5	7	8	medium	Claim identity, immutable journal/terminal records, lock ownership, and projections must remain atomic. Cross-domain calls: process/lock probes.	function:e2a7b9cd9889639fde0b1d4979bab209				no direct reverse call/type reference; inspect bodies
internal/worktrees/owners.go	worktreeOwnerState	worktreeOwnerState	function		false	255	272	claims/locks/worklogs	internal/worktreeclaims	none detected	none detected		0		0	0	covered	100.0	9	9	low	Claim identity, immutable journal/terminal records, lock ownership, and projections must remain atomic.	function:dec6294c067620b5d4b6145f19f4bc00				no direct reverse call/type reference; inspect bodies
internal/worktrees/owners.go	DeclaredOwner	DeclaredOwner	function		true	290	319	claims/locks/worklogs	internal/worktreeclaims	none detected	none detected	ownerViews	1		0	0	partial	85.7	12	14	low	Claim identity, immutable journal/terminal records, lock ownership, and projections must remain atomic.	function:f39bcf7f44237c33a80656a1feff128a				no direct reverse call/type reference; inspect bodies
internal/worktrees/parked_session_reason.go	ParkedSessionReason	ParkedSessionReason	function		true	20	56	sessions/custody/transport	internal/worktreesessions	filesystem	filesystem	underPath(2)	2		0	0	partial	52.0	13	25	low	Source/target claims, prompts, custody lineage, and delivery receipts must remain paired.	function:8bc0667b2facaf4945db01481c477511				no direct reverse call/type reference; inspect bodies
internal/worktrees/parked_session_reason.go	underPath	underPath	function		false	59	68	sessions/custody/transport	internal/worktreesessions	none detected	none detected		0		0	0	covered	100.0	6	6	low	Source/target claims, prompts, custody lineage, and delivery receipts must remain paired.	function:5b2c13a6a9480ffc27deb9dd4e69898a				no direct reverse call/type reference; inspect bodies
internal/worktrees/patchid.go	commitPatchIDs	commitPatchIDs	function		false	21	44	branch reconciliation/cleanup	internal/worktreebranches	process	global,process	describeExitError(2)	2		0	0	partial	94.4	17	18	low	Protected branch and exact target/head evidence precede deletion or quarantine.	function:18f372c92d1c48e05255ab09438ea7dd				no direct reverse call/type reference; inspect bodies
internal/worktrees/patchid.go	describeExitError	describeExitError	function		false	50	56	branch reconciliation/cleanup	internal/worktreebranches	global,process	global,process		0		0	0	covered	100.0	4	4	medium	Protected branch and exact target/head evidence precede deletion or quarantine.	function:ea29fd7939dc4a6f27f2aaa4b7a6df81				no direct reverse call/type reference; inspect bodies
internal/worktrees/patchid.go	commitsShareEveryPatchIDByRebase	commitsShareEveryPatchIDByRebase	function		false	75	97	branch reconciliation/cleanup	internal/worktreebranches	git	git,global,process	commitPatchIDs(2); git	3		0	0	partial	86.7	13	15	medium	Protected branch and exact target/head evidence precede deletion or quarantine. Cross-domain calls: git subprocess/cache.	function:f8f7438d3609320752d6f634ec00ee9c				no direct reverse call/type reference; inspect bodies
internal/worktrees/placement_create.go	PlacementWorktree	PlacementWorktree	struct		true	11	14	shared orchestration	internal/worktrees	none detected	none detected		0	internal/orchestrate/engine.go [references]	1	1	n/a		0	0	medium	Keep transaction ordering, policy gates, and public API compatibility here.	struct:62c530cbe05487a2ff71009d78748db7				no direct reverse call/type reference; inspect bodies
internal/worktrees/placement_create.go	Close	PlacementWorktree::Close	method	PlacementWorktree	true	18	23	shared orchestration	internal/worktrees	none detected	none detected		0		0	0	covered	100.0	3	3	low	Keep transaction ordering, policy gates, and public API compatibility here.	method:b136bbb013cbeb688199b9a39f1e48b8				no direct reverse call/type reference; inspect bodies
internal/worktrees/placement_create.go	CreateWorktreeAtPlacement	CreateWorktreeAtPlacement	function		true	33	123	shared orchestration	internal/worktrees	global	env,filesystem,git,global,process	withProjectsRoot; configuredWorktreePlacement; WorktreePlacement::Path; splitCloneRelative; openCanonicalRepository; splitRepository; localBranchExistsCanonical; branchWorktreeCanonical	12	internal/migrate/campaign.go [calls]; internal/orchestrate/engine.go [calls]	2	2	partial	81.4	48	59	medium	Keep transaction ordering, policy gates, and public API compatibility here. Cross-domain calls: layout/discovery, secure filesystem/storage.	function:eaca08794786d756104ce3fb64ff87d7		internal/worktreelayout(1)		no direct reverse call/type reference; inspect bodies
internal/worktrees/process_status_unix.go	processStatus	processStatus	function		false	10	10	process/lock probes	internal/worktreeclaims	none detected	none detected		0		0	0	covered	100.0	1	1	low	PID liveness and platform process checks protect lock reclaim decisions.	function:858db47ac7f4d2abd3bdbe36944806ed				no direct reverse call/type reference; inspect bodies
internal/worktrees/process_status_unix.go	processIsDead	processIsDead	function		false	11	11	process/lock probes	internal/worktreeclaims	none detected	none detected	processStatus	1		0	0	covered	100.0	1	1	low	PID liveness and platform process checks protect lock reclaim decisions.	function:34819d045cdaf698238f0be0f4d80704				no direct reverse call/type reference; inspect bodies
internal/worktrees/process_status_windows.go	processStatus	processStatus	function		false	10	16	process/lock probes	internal/worktreeclaims	none detected	none detected		0		0	0	not in BASE profile		0	0	low	PID liveness and platform process checks protect lock reclaim decisions.	function:a836364e01f626790391ad4621394004				no direct reverse call/type reference; inspect bodies
internal/worktrees/process_status_windows.go	processIsDead	processIsDead	function		false	17	17	process/lock probes	internal/worktreeclaims	none detected	none detected	processStatus	1		0	0	not in BASE profile		0	0	low	PID liveness and platform process checks protect lock reclaim decisions.	function:cad2d9107cc03b578b79760cefb1e6ce				no direct reverse call/type reference; inspect bodies
internal/worktrees/publication.go	inspectPublication	inspectPublication	function		false	41	43	landing/merge receipts	internal/worktreelanding	none detected	network	inspectCanonicalFreshnessWith	1		0	0	covered	100.0	1	1	medium	Receipt identity, target SHA, source SHA, and PR evidence must be corroborated. Cross-domain calls: layout/discovery.	function:85199a0ada76ee7a0de8b8d34a981adc		internal/worktreelayout(1)		no direct reverse call/type reference; inspect bodies
internal/worktrees/publication.go	PublicationFinding	PublicationFinding	function		true	51	86	landing/merge receipts	internal/worktreelanding	none detected	none detected	publicationSHA	1	cmd/wb/worktree.go [calls]	1	1	covered	100.0	12	12	medium	Receipt identity, target SHA, source SHA, and PR evidence must be corroborated.	function:dcc25f75bb39899a29804abc36a4961a		internal/worktreelayout(1)		no direct reverse call/type reference; inspect bodies
internal/worktrees/publication.go	PublicationVerified	PublicationVerified	function		true	90	92	landing/merge receipts	internal/worktreelanding	none detected	none detected		0	cmd/wb/worktree.go [calls]	1	1	covered	100.0	1	1	medium	Receipt identity, target SHA, source SHA, and PR evidence must be corroborated.	function:8b4d9b8ee82e46ef3e33b1d24d1e6bce		internal/worktreelayout(1)		no direct reverse call/type reference; inspect bodies
internal/worktrees/publication.go	publicationSHA	publicationSHA	function		false	96	101	landing/merge receipts	internal/worktreelanding	none detected	none detected	shortSHA	1		0	0	partial	66.7	2	3	medium	Receipt identity, target SHA, source SHA, and PR evidence must be corroborated. Cross-domain calls: branch reconciliation/cleanup.	function:454f1b388b1317442369c24d1a01497a				no direct reverse call/type reference; inspect bodies
internal/worktrees/random_token.go	randomHexToken	randomHexToken	function		false	10	14	secure filesystem/storage	internal/worktreesecure	none detected	none detected		0		0	0	covered	100.0	3	3	low	No-follow descriptor identity and fail-closed path containment guard mutations.	function:62e5b050eb91841cfd42d22e1a6eda0d				no direct reverse call/type reference; inspect bodies
internal/worktrees/relocate.go	RelocateOptions	RelocateOptions	struct		true	24	35	shared orchestration	internal/worktrees	none detected	none detected		0	cmd/wb/worktree.go [instantiates]	1	1	n/a		0	0	medium	Keep transaction ordering, policy gates, and public API compatibility here.	struct:83849ea163a876efa5739f827ac8ac20				no direct reverse call/type reference; inspect bodies
internal/worktrees/relocate.go	RelocateResult	RelocateResult	struct		true	37	63	shared orchestration	internal/worktrees	none detected	none detected		0	cmd/wb/worktree_marker.go [references]	1	1	n/a		0	0	medium	Keep transaction ordering, policy gates, and public API compatibility here.	struct:fb628bcbe0084a2b83d54a5c8d671a81				no direct reverse call/type reference; inspect bodies
internal/worktrees/relocate.go	activeWorkLogClaimAcrossHomes	activeWorkLogClaimAcrossHomes	function		false	75	101	shared orchestration	internal/worktrees	global	global	activeWorkLogClaim	1		0	0	partial	78.9	15	19	medium	Keep transaction ordering, policy gates, and public API compatibility here. Cross-domain calls: claims/locks/worklogs.	function:560407f24229d27cbbccff0fbbe66610		internal/worktreeclaims(2)		no direct reverse call/type reference; inspect bodies
internal/worktrees/relocate.go	RelocateOutcome	RelocateOutcome	struct		true	103	107	shared orchestration	internal/worktrees	none detected	none detected		0		0	0	n/a		0	0	low	Keep transaction ordering, policy gates, and public API compatibility here.	struct:f657c845a7f7e51b2dd47174a61854e1		internal/worktreelayout(1)		no direct reverse call/type reference; inspect bodies
internal/worktrees/relocate.go	workLogRelocationIntent	workLogRelocationIntent	struct		false	112	138	shared orchestration	internal/worktrees	none detected	none detected		0		0	0	n/a		0	0	low	Keep transaction ordering, policy gates, and public API compatibility here.	struct:fd7e013e929a28eaace8e872c5d9b27f				no direct reverse call/type reference; inspect bodies
internal/worktrees/relocate.go	relocationPlacementRecord	relocationPlacementRecord	struct		false	143	146	shared orchestration	internal/worktrees	none detected	none detected		0		0	0	n/a		0	0	low	Keep transaction ordering, policy gates, and public API compatibility here.	struct:7bf42fc08d3c97771f169622f77c1bac				no direct reverse call/type reference; inspect bodies
internal/worktrees/relocate.go	workLogRelocationReceipt	workLogRelocationReceipt	type		false	151	151	shared orchestration	internal/worktrees	none detected	none detected		0		0	0	n/a		0	0	low	Keep transaction ordering, policy gates, and public API compatibility here.	type_alias:dec47502813bf06e2879b65c252f610a				no direct reverse call/type reference; inspect bodies
internal/worktrees/relocate.go	Relocate	Relocate	function		true	164	231	shared orchestration	internal/worktrees	none detected	filesystem,global,process	planRelocation; findRelocationEntry; finalizeInterruptedRelocation; applyRelocation; validSafeSegment; ListWithDiagnostics; prepareOperationRoot; acquireLockAt	8		0	0	partial	83.0	39	47	medium	Keep transaction ordering, policy gates, and public API compatibility here. Cross-domain calls: claims/locks/worklogs, layout/discovery.	function:2f977337f59d416e21776218ad467c69				no direct reverse call/type reference; inspect bodies
internal/worktrees/relocate.go	findRelocationEntry	findRelocationEntry	function		false	233	240	shared orchestration	internal/worktrees	none detected	none detected		0		0	0	covered	100.0	4	4	low	Keep transaction ordering, policy gates, and public API compatibility here.	function:e10cc989f65fee3b98c38f7fc4b3cc89		internal/worktreelayout(1)		no direct reverse call/type reference; inspect bodies
internal/worktrees/relocate.go	planRelocation	planRelocation	function		false	242	297	shared orchestration	internal/worktrees	filesystem	filesystem,global	activeWorkLogClaimAcrossHomes; relocationEligibility; latestRelocationReceipt; pendingRelocationIntent; ResolveUserWorktreePlacement; WorktreePlacement::Path	6		0	0	partial	73.2	30	41	medium	Keep transaction ordering, policy gates, and public API compatibility here. Cross-domain calls: layout/discovery.	function:e357568c9883f388a50cfa93a9247e81		internal/worktreelayout(1)		no direct reverse call/type reference; inspect bodies
internal/worktrees/relocate.go	relocationEligibility	relocationEligibility	function		false	299	312	shared orchestration	internal/worktrees	none detected	none detected	lockedReason; resumeInterruptedCommand	2		0	0	covered	100.0	6	6	medium	Keep transaction ordering, policy gates, and public API compatibility here. Cross-domain calls: claims/locks/worklogs.	function:47843e6243707b213f1a8425b112179e		internal/worktreelayout(1)		no direct reverse call/type reference; inspect bodies
internal/worktrees/relocate.go	applyRelocation	applyRelocation	function		false	314	379	shared orchestration	internal/worktrees	filesystem	filesystem,git,global,network,process	relocationDestinationRoot; prepareRelocationDestination; appendRelocationIntent; appendRelocationReceipt; inspectLifecycleWorktree; activeWorkLogClaim; canonicalRelativeAddress; moveWorktree	8		0	0	partial	65.0	26	40	high	Keep transaction ordering, policy gates, and public API compatibility here. Cross-domain calls: claims/locks/worklogs, layout/discovery.	function:2a899e80eef3601827ac41d15ec9a66a		internal/worktreelayout(1)		no direct reverse call/type reference; inspect bodies
internal/worktrees/relocate.go	finalizeInterruptedRelocation	finalizeInterruptedRelocation	function		false	381	405	shared orchestration	internal/worktrees	none detected	filesystem,git,global,network	relocationEligibility; pendingRelocationIntent; appendRelocationReceipt; activeWorkLogClaim	4		0	0	partial	64.7	11	17	medium	Keep transaction ordering, policy gates, and public API compatibility here. Cross-domain calls: claims/locks/worklogs.	function:313ee55a6ee417a29ee5916759eba760		internal/worktreelayout(1)		no direct reverse call/type reference; inspect bodies
internal/worktrees/relocate.go	relocationDestinationRoot	relocationDestinationRoot	function		false	411	421	shared orchestration	internal/worktrees	none detected	none detected		0		0	0	partial	85.7	6	7	low	Keep transaction ordering, policy gates, and public API compatibility here.	function:30c8dd3cc3f8be4f933d2a4a91c2374b				no direct reverse call/type reference; inspect bodies
internal/worktrees/relocate.go	prepareRelocationDestination	prepareRelocationDestination	function		false	423	474	shared orchestration	internal/worktrees	filesystem	filesystem,git,global	directoryStillMatches(2); requireAbsentNoFollowChild(2); validSafeSegment; splitCloneRelative; openCanonicalRepository; prepareCanonicalWorktreesRoot; openAbsoluteDirectoryNoFollow; openOrCreateNoFollowDirectory	11		0	0	partial	74.4	32	43	high	Keep transaction ordering, policy gates, and public API compatibility here. Cross-domain calls: layout/discovery, secure filesystem/storage.	function:a804902810feb453fa8d3b8d8cdb0f88		internal/worktreelayout(1)		no direct reverse call/type reference; inspect bodies
internal/worktrees/relocate.go	relocationOperationID	relocationOperationID	function		false	476	479	shared orchestration	internal/worktrees	none detected	none detected	randomHexToken	1		0	0	covered	100.0	2	2	medium	Keep transaction ordering, policy gates, and public API compatibility here. Cross-domain calls: secure filesystem/storage.	function:ff41a6ab7a5dd8db585c703dbe1f5550				no direct reverse call/type reference; inspect bodies
internal/worktrees/relocate.go	relocationIntentName	relocationIntentName	function		false	481	483	shared orchestration	internal/worktrees	none detected	none detected		0		0	0	covered	100.0	1	1	low	Keep transaction ordering, policy gates, and public API compatibility here.	function:e39e6753dbe9c8bf2996defaf743a433				no direct reverse call/type reference; inspect bodies
internal/worktrees/relocate.go	relocationReceiptName	relocationReceiptName	function		false	485	487	shared orchestration	internal/worktrees	none detected	none detected		0		0	0	covered	100.0	1	1	low	Keep transaction ordering, policy gates, and public API compatibility here.	function:f74e7fc9d19d53218d417cf7a6febf88				no direct reverse call/type reference; inspect bodies
internal/worktrees/relocate.go	relocationJournal	relocationJournal	struct		false	489	493	shared orchestration	internal/worktrees	none detected	none detected		0		0	0	n/a		0	0	low	Keep transaction ordering, policy gates, and public API compatibility here.	struct:85208acee79a434f729e4095b109a2ae				no direct reverse call/type reference; inspect bodies
internal/worktrees/relocate.go	openRelocationJournal	openRelocationJournal	function		false	495	550	shared orchestration	internal/worktrees	filesystem,global	filesystem,git,global,network	validateRelocationRecord; relocationIntentName; relocationReceiptName; sameRelocationBinding; openPrivateChild; readJSONAt	6		0	0	partial	86.8	33	38	medium	Keep transaction ordering, policy gates, and public API compatibility here. Cross-domain calls: secure filesystem/storage.	function:a96736d4980d9b10e401c7846816adaf		internal/worktreeclaims(1)		no direct reverse call/type reference; inspect bodies
internal/worktrees/relocate.go	sameRelocationBinding	sameRelocationBinding	function		false	552	560	shared orchestration	internal/worktrees	none detected	none detected		0		0	0	covered	100.0	1	1	low	Keep transaction ordering, policy gates, and public API compatibility here.	function:7ba10a3891f1ee96968b12439c72007e				no direct reverse call/type reference; inspect bodies
internal/worktrees/relocate.go	validateRelocationRecord	validateRelocationRecord	function		false	562	601	shared orchestration	internal/worktrees	git,network	git,network	canonicalRelocationPath(3); splitRepository(2); validSafeSegment	6		0	0	partial	87.0	20	23	medium	Keep transaction ordering, policy gates, and public API compatibility here. Cross-domain calls: layout/discovery.	function:76f026a84c4c7a22760b737d04f1c40e		internal/worktreeclaims(1)		no direct reverse call/type reference; inspect bodies
internal/worktrees/relocate.go	canonicalRelocationPath	canonicalRelocationPath	function		false	603	605	shared orchestration	internal/worktrees	none detected	none detected		0		0	0	covered	100.0	1	1	low	Keep transaction ordering, policy gates, and public API compatibility here.	function:7481e67ad94415e2b4f281d2e10f25b1				no direct reverse call/type reference; inspect bodies
internal/worktrees/relocate.go	matchingPendingIntent	matchingPendingIntent	function		false	607	626	shared orchestration	internal/worktrees	global	global		0		0	0	partial	91.7	11	12	low	Keep transaction ordering, policy gates, and public API compatibility here.	function:5311dd6ce7f5f6f20f25f158d497a057		internal/worktreeclaims(1)		no direct reverse call/type reference; inspect bodies
internal/worktrees/relocate.go	appendRelocationIntent	appendRelocationIntent	function		false	628	630	shared orchestration	internal/worktrees	none detected	filesystem,global	appendRelocationIntentForRepository	1		0	0	covered	100.0	1	1	low	Keep transaction ordering, policy gates, and public API compatibility here.	function:0790cc749aee716e38840310c27d166f		internal/worktreeclaims(1)		no direct reverse call/type reference; inspect bodies
internal/worktrees/relocate.go	appendRelocationIntentForRepository	appendRelocationIntentForRepository	function		false	632	664	shared orchestration	internal/worktrees	filesystem	filesystem,git,global,network	openRelocationJournal; matchingPendingIntent; relocationOperationID; relocationIntentName; openLockedWorkLogRun; openPrivateChild; writeJSONImmutableAt	7		0	0	partial	83.3	20	24	high	Keep transaction ordering, policy gates, and public API compatibility here. Cross-domain calls: claims/locks/worklogs, secure filesystem/storage.	function:5dc24287de53f8957b6ad8ff8d64d253		internal/worktreeclaims(1)		no direct reverse call/type reference; inspect bodies
internal/worktrees/relocate.go	appendRelocationReceipt	appendRelocationReceipt	function		false	666	710	shared orchestration	internal/worktrees	filesystem,global	filesystem,git,global,network	validateRelocationRecord(2); openRelocationJournal; relocationReceiptName; openLockedWorkLogRun; openPrivateChild; readBytesAt; writeJSONImmutableAt	8		0	0	partial	61.8	21	34	high	Keep transaction ordering, policy gates, and public API compatibility here. Cross-domain calls: claims/locks/worklogs, secure filesystem/storage.	function:376a2a2ff46f719438dc967e5313e5fa		internal/worktreeclaims(1)		no direct reverse call/type reference; inspect bodies
internal/worktrees/relocate.go	workLogRelocationResolution	workLogRelocationResolution	struct		false	712	717	shared orchestration	internal/worktrees	none detected	none detected		0		0	0	n/a		0	0	low	Keep transaction ordering, policy gates, and public API compatibility here.	struct:eb1521c68e846671b601300416ac36f0				no direct reverse call/type reference; inspect bodies
internal/worktrees/relocate.go	latestRelocationResolution	latestRelocationResolution	function		false	719	728	shared orchestration	internal/worktrees	none detected	filesystem,global	resolveRelocationChain	1		0	0	covered	100.0	6	6	low	Keep transaction ordering, policy gates, and public API compatibility here.	function:a5692a3dc18262e538258649f0ea0d79		internal/worktreeclaims(1)		no direct reverse call/type reference; inspect bodies
internal/worktrees/relocate.go	resolveRelocationChain	resolveRelocationChain	function		false	741	778	shared orchestration	internal/worktrees	none detected	filesystem,git,global,network	openRelocationJournal; openWorkLogRun	2		0	0	partial	85.7	24	28	medium	Keep transaction ordering, policy gates, and public API compatibility here. Cross-domain calls: claims/locks/worklogs.	function:f9ac9c48385267cb43548989342a8a34		internal/worktreeclaims(1)		no direct reverse call/type reference; inspect bodies
internal/worktrees/relocate.go	latestRelocationReceipt	latestRelocationReceipt	function		false	780	783	shared orchestration	internal/worktrees	none detected	none detected	latestRelocationResolution	1		0	0	covered	100.0	2	2	low	Keep transaction ordering, policy gates, and public API compatibility here.	function:ed071168bfb0c729ad98148b1222edc9		internal/worktreeclaims(1)		no direct reverse call/type reference; inspect bodies
internal/worktrees/relocate.go	corroborateRepositoryRelocation	corroborateRepositoryRelocation	function		false	785	797	shared orchestration	internal/worktrees	git,network	git,global,network,process	exactOriginURLs	1		0	0	covered	100.0	8	8	medium	Keep transaction ordering, policy gates, and public API compatibility here.	function:ca963963daa9c2afc76ef5f68f200246				no direct reverse call/type reference; inspect bodies
internal/worktrees/relocate.go	ReverseRelocation	ReverseRelocation	function		true	810	860	shared orchestration	internal/worktrees	filesystem,git	filesystem,git,global,network,process	claimForRelocationAcrossHomes; appendRelocationIntent; appendRelocationReceipt; moveWorktree; git	5		0	0	partial	65.4	17	26	medium	Keep transaction ordering, policy gates, and public API compatibility here. Cross-domain calls: git subprocess/cache.	function:2b2477171b7b426aaa3f39af7229df7b				no direct reverse call/type reference; inspect bodies
internal/worktrees/relocate.go	pendingRelocationIntent	pendingRelocationIntent	function		false	862	882	shared orchestration	internal/worktrees	none detected	filesystem,git,global,network	openRelocationJournal; openWorkLogRun	2		0	0	partial	86.7	13	15	medium	Keep transaction ordering, policy gates, and public API compatibility here. Cross-domain calls: claims/locks/worklogs.	function:3afb3f9373d2583cd919b7f51a80cb2c		internal/worktreeclaims(1)		no direct reverse call/type reference; inspect bodies
internal/worktrees/relocate_checkout.go	resolvedClaimHomes	resolvedClaimHomes	function		false	21	36	shared orchestration	internal/worktrees	none detected	none detected		0		0	0	covered	100.0	11	11	low	Keep transaction ordering, policy gates, and public API compatibility here.	function:cc4765a10a6e9d69cbb99a72bd5e698a				no direct reverse call/type reference; inspect bodies
internal/worktrees/relocate_checkout.go	claimForRelocation	claimForRelocation	function		false	51	66	shared orchestration	internal/worktrees	none detected	global	activeWorkLogClaim; readWorkLogTerminalRecord	2		0	0	partial	88.9	8	9	medium	Keep transaction ordering, policy gates, and public API compatibility here. Cross-domain calls: claims/locks/worklogs.	function:8f643fbf1c84aa9d00dbd96e3be6e39c		internal/worktreeclaims(2)		no direct reverse call/type reference; inspect bodies
internal/worktrees/relocate_checkout.go	claimForRelocationAcrossHomes	claimForRelocationAcrossHomes	function		false	74	87	shared orchestration	internal/worktrees	global	global	resolvedClaimHomes; claimForRelocation	2		0	0	partial	88.9	8	9	low	Keep transaction ordering, policy gates, and public API compatibility here.	function:e1b945dc049046de9bdd4cf81667e622		internal/worktreeclaims(2)		no direct reverse call/type reference; inspect bodies
internal/worktrees/relocate_checkout.go	checkoutSafetyRefusal	checkoutSafetyRefusal	function		false	96	111	shared orchestration	internal/worktrees	none detected	filesystem,git	BusyProcessReason; ParkedSessionReason; GitOperationInProgress	3		0	0	partial	80.0	8	10	medium	Keep transaction ordering, policy gates, and public API compatibility here. Cross-domain calls: process/lock probes, sessions/custody/transport.	function:be651e6b88279820c82aa018fa687bdb				no direct reverse call/type reference; inspect bodies
internal/worktrees/relocate_checkout.go	IdentifyManagedCheckout	IdentifyManagedCheckout	function		true	126	138	shared orchestration	internal/worktrees	none detected	global	claimForRelocationAcrossHomes	1		0	0	partial	85.7	6	7	low	Keep transaction ordering, policy gates, and public API compatibility here.	function:4338655b3149df2c1c4a56240ea7e811				no direct reverse call/type reference; inspect bodies
internal/worktrees/relocate_checkout.go	RelocateCheckoutOptions	RelocateCheckoutOptions	struct		true	150	158	shared orchestration	internal/worktrees	none detected	none detected		0	internal/layout/migrate.go [instantiates]	1	1	n/a		0	0	medium	Keep transaction ordering, policy gates, and public API compatibility here.	struct:921d100b951e2a9d81fff19a839c9443				no direct reverse call/type reference; inspect bodies
internal/worktrees/relocate_checkout.go	RelocateCheckoutResult	RelocateCheckoutResult	struct		true	161	167	shared orchestration	internal/worktrees	none detected	none detected		0		0	0	n/a		0	0	low	Keep transaction ordering, policy gates, and public API compatibility here.	struct:8b426008904b2d1cdba693c1f6c3b1ec				no direct reverse call/type reference; inspect bodies
internal/worktrees/relocate_checkout.go	RelocateCheckout	RelocateCheckout	function		true	171	261	shared orchestration	internal/worktrees	filesystem,git	filesystem,git,global,network,process	checkoutSafetyRefusal(2); claimForRelocationAcrossHomes; relocationDestinationRoot; prepareRelocationDestination; appendRelocationIntent; appendRelocationReceipt; canonicalRelativeAddress; moveWorktree	12		0	0	partial	78.5	51	65	high	Keep transaction ordering, policy gates, and public API compatibility here. Cross-domain calls: claims/locks/worklogs, git subprocess/cache, layout/discovery.	function:27c719fc25c6954e880a819f658e37ee				no direct reverse call/type reference; inspect bodies
internal/worktrees/rename.go	linkedWorktreeGitDir	linkedWorktreeGitDir	struct		false	37	42	shared orchestration	internal/worktrees	none detected	none detected		0		0	0	n/a		0	0	low	Keep transaction ordering, policy gates, and public API compatibility here.	struct:d6a646e10cfe14f540f83c90c2e55fb5				no direct reverse call/type reference; inspect bodies
internal/worktrees/rename.go	close	linkedWorktreeGitDir::close	method	linkedWorktreeGitDir	false	44	57	shared orchestration	internal/worktrees	none detected	none detected	PlacementWorktree::Close(3)	3		0	0	covered	100.0	8	8	low	Keep transaction ordering, policy gates, and public API compatibility here.	method:bdf635ec192043b440f0bb24628b41fa				no direct reverse call/type reference; inspect bodies
internal/worktrees/rename.go	runSecureRenameGit	runSecureRenameGit	function		false	59	66	shared orchestration	internal/worktrees	filesystem,process	filesystem,global,process	PlacementWorktree::Close; runSecureRenameGitWithHeldWorktree; openAbsoluteDirectoryNoFollow	3		0	0	covered	100.0	6	6	medium	Keep transaction ordering, policy gates, and public API compatibility here. Cross-domain calls: secure filesystem/storage.	function:7b072f778bbdb817fac0b82a3fde68f2				no direct reverse call/type reference; inspect bodies
internal/worktrees/rename.go	runSecureRenameGitWithHeldWorktree	runSecureRenameGitWithHeldWorktree	function		false	72	80	shared orchestration	internal/worktrees	process	filesystem,global,process	runSecureRenameGitBytesWithHeldWorktree	1		0	0	covered	100.0	2	2	low	Keep transaction ordering, policy gates, and public API compatibility here.	function:fe4d3e7a330495f9bb1f9d708bd9718e				no direct reverse call/type reference; inspect bodies
internal/worktrees/rename.go	runSecureRenameGitBytesWithHeldWorktree	runSecureRenameGitBytesWithHeldWorktree	function		false	86	135	shared orchestration	internal/worktrees	filesystem,global,process	filesystem,global,process	directoryStillMatches(2); openLinkedWorktreeGitDir; openCanonicalRepository; canonicalRepository::authorizeForGit; openAbsoluteDirectoryNoFollow; trustedGitExecutable	7		0	0	partial	91.4	32	35	high	Keep transaction ordering, policy gates, and public API compatibility here. Cross-domain calls: git subprocess/cache, secure filesystem/storage.	function:1bb15d9f7e22517b50c8062a25798bd2				no direct reverse call/type reference; inspect bodies
internal/worktrees/rename.go	RunSecureRenameGitHelper	RunSecureRenameGitHelper	function		true	142	219	shared orchestration	internal/worktrees	process	env,filesystem,process	directoryStillMatches(6); directoryEntryStillMatches(3); validLinkedWorktreeAdminName; closeIncompleteInheritedFiles; PlacementWorktree::Close; regularFileEntryStillMatches; linkedWorktreeGitFileAdminName; retainDescriptorsAcrossGitExec	17		0	0	partial	85.5	47	55	medium	Keep transaction ordering, policy gates, and public API compatibility here. Cross-domain calls: secure filesystem/storage.	function:233342df8a9f9d50778a50d931a32bc9				no direct reverse call/type reference; inspect bodies
internal/worktrees/rename.go	openLinkedWorktreeGitDir	openLinkedWorktreeGitDir	function		false	221	264	shared orchestration	internal/worktrees	filesystem	filesystem	directoryEntryStillMatches(2); linkedWorktreeGitFileAdminName; regularFileEntryStillMatches	4		0	0	covered	100.0	31	31	medium	Keep transaction ordering, policy gates, and public API compatibility here. Cross-domain calls: secure filesystem/storage.	function:f41f6d84a4286509a6f55071cdcacbeb				no direct reverse call/type reference; inspect bodies
internal/worktrees/rename.go	linkedWorktreeGitFileAdminName	linkedWorktreeGitFileAdminName	function		false	266	302	shared orchestration	internal/worktrees	none detected	none detected	validLinkedWorktreeAdminName	1		0	0	covered	100.0	26	26	low	Keep transaction ordering, policy gates, and public API compatibility here.	function:c637de4f993d7d8e8bcd92140769cc75				no direct reverse call/type reference; inspect bodies
internal/worktrees/rename.go	validLinkedWorktreeAdminName	validLinkedWorktreeAdminName	function		false	304	306	shared orchestration	internal/worktrees	none detected	none detected		0		0	0	covered	100.0	1	1	low	Keep transaction ordering, policy gates, and public API compatibility here.	function:edf830939603e9c40782167c55e1a407				no direct reverse call/type reference; inspect bodies
internal/worktrees/rename.go	regularFileEntryStillMatches	regularFileEntryStillMatches	function		false	308	321	shared orchestration	internal/worktrees	filesystem	filesystem		0		0	0	covered	100.0	11	11	low	Keep transaction ordering, policy gates, and public API compatibility here.	function:2ee72eabee08895d8d55c0817d2f7feb				no direct reverse call/type reference; inspect bodies
internal/worktrees/rename.go	gitEnvironmentWithHeldLinkedWorktreeGitDir	gitEnvironmentWithHeldLinkedWorktreeGitDir	function		false	323	331	shared orchestration	internal/worktrees	none detected	none detected	gitEnvironmentForLinkedWorktree	1		0	0	covered	100.0	2	2	low	Keep transaction ordering, policy gates, and public API compatibility here.	function:93f431664f5f5a3cacdd3d14fb563be9				no direct reverse call/type reference; inspect bodies
internal/worktrees/rename.go	retainDescriptorsAcrossGitExec	retainDescriptorsAcrossGitExec	function		false	337	339	shared orchestration	internal/worktrees	none detected	none detected	retainDescriptorsAcrossGitExecWith	1		0	0	covered	100.0	1	1	low	Keep transaction ordering, policy gates, and public API compatibility here.	function:6e87faae54671e92154e22e11f562d6e				no direct reverse call/type reference; inspect bodies
internal/worktrees/rename.go	retainDescriptorsAcrossGitExecWith	retainDescriptorsAcrossGitExecWith	function		false	341	355	shared orchestration	internal/worktrees	none detected	none detected		0		0	0	covered	100.0	9	9	low	Keep transaction ordering, policy gates, and public API compatibility here.	function:0e708ec5e00f61e0d7d4eed6cabe34ad				no direct reverse call/type reference; inspect bodies
internal/worktrees/rename.go	gitEnvironmentForLinkedWorktree	gitEnvironmentForLinkedWorktree	function		false	357	368	shared orchestration	internal/worktrees	none detected	none detected		0		0	0	covered	100.0	8	8	low	Keep transaction ordering, policy gates, and public API compatibility here.	function:e7ef23c9159f44a0b9a7f0e0f5ece1fa				no direct reverse call/type reference; inspect bodies
internal/worktrees/rename.go	RenameOptions	RenameOptions	struct		true	381	441	shared orchestration	internal/worktrees	none detected	none detected		0	cmd/wb/worktree.go [instantiates]	1	1	n/a		0	0	medium	Keep transaction ordering, policy gates, and public API compatibility here.	struct:166c2372c87e3f04f3224d9cfd622fe4		internal/worktreeclaims(1)		no direct reverse call/type reference; inspect bodies
internal/worktrees/rename.go	RenameResult	RenameResult	struct		true	444	461	shared orchestration	internal/worktrees	none detected	none detected		0	cmd/wb/worktree.go [references]; cmd/wb/worktree_marker.go [references]	2	2	n/a		0	0	medium	Keep transaction ordering, policy gates, and public API compatibility here.	struct:fa8c89978ffde6ca1bd8eca5124c1dcb				no direct reverse call/type reference; inspect bodies
internal/worktrees/rename.go	RenameOutcome	RenameOutcome	struct		true	468	472	shared orchestration	internal/worktrees	none detected	none detected		0		0	0	n/a		0	0	low	Keep transaction ordering, policy gates, and public API compatibility here.	struct:ae47d571775175c067080fd58316c6ec		internal/worktreelayout(1)		no direct reverse call/type reference; inspect bodies
internal/worktrees/rename.go	renameReport	renameReport	struct		false	474	489	shared orchestration	internal/worktrees	none detected	none detected		0		0	0	n/a		0	0	low	Keep transaction ordering, policy gates, and public API compatibility here.	struct:01ad4a58834c1c06d8f3c442e4a49d10		internal/worktreelayout(1)		no direct reverse call/type reference; inspect bodies
internal/worktrees/rename.go	renamePlan	renamePlan	struct		false	493	508	shared orchestration	internal/worktrees	none detected	none detected		0		0	0	n/a		0	0	low	Keep transaction ordering, policy gates, and public API compatibility here.	struct:7f2a00bccb6d02cfac2b29d19f3a7ca3		internal/worktreelayout(1); internal/worktreeclaims(1)		no direct reverse call/type reference; inspect bodies
internal/worktrees/rename.go	Rename	Rename	function		true	514	728	shared orchestration	internal/worktrees	filesystem	filesystem,git,global,network,process	collectRenameResults(4); ListWithDiagnostics(3); writeRenameReport(3); prepareOperationRoot(2); acquireLockAt(2); normalizeRenameOptions; PrepareWorkLogOptions; requireGitFilesystemCapability	28	cmd/wb/worktree.go [calls]	1	1	partial	81.2	104	128	high	Keep transaction ordering, policy gates, and public API compatibility here. Cross-domain calls: claims/locks/worklogs, git subprocess/cache, layout/discovery.	function:5ad23b301672741194521225e5c314c2				no direct reverse call/type reference; inspect bodies
internal/worktrees/rename.go	rollbackAppliedRenames	rollbackAppliedRenames	function		false	736	753	shared orchestration	internal/worktrees	global	filesystem,git,global,network,process	rollbackRenamePlan; resetRenameResultAfterRollback	2		0	0	covered	100.0	12	12	low	Keep transaction ordering, policy gates, and public API compatibility here.	function:7fa65f0a6170967c88477813bd44651b				no direct reverse call/type reference; inspect bodies
internal/worktrees/rename.go	resolveRenameBranch	resolveRenameBranch	function		false	760	776	shared orchestration	internal/worktrees	none detected	filesystem,git,global,process	deriveBranchName; openCanonicalRepository; synchronizeCanonical	3		0	0	covered	100.0	9	9	medium	Keep transaction ordering, policy gates, and public API compatibility here. Cross-domain calls: branch reconciliation/cleanup, layout/discovery.	function:da167ba41ca126bc055f9aeeb018a2f1		internal/worktreelayout(1)		no direct reverse call/type reference; inspect bodies
internal/worktrees/rename.go	renameEligibility	renameEligibility	function		false	778	792	shared orchestration	internal/worktrees	none detected	none detected	lockedReason; resumeInterruptedCommand	2		0	0	covered	100.0	5	5	medium	Keep transaction ordering, policy gates, and public API compatibility here. Cross-domain calls: claims/locks/worklogs.	function:cb1e31e405b6fb69c577edc2ffac0d2f		internal/worktreelayout(1)		no direct reverse call/type reference; inspect bodies
internal/worktrees/rename.go	blockRenameTask	blockRenameTask	function		false	800	829	shared orchestration	internal/worktrees	none detected	none detected		0		0	0	covered	100.0	18	18	low	Keep transaction ordering, policy gates, and public API compatibility here.	function:76a0a5521b1168ef120c0bc98b6d5f84		internal/worktreelayout(1)		no direct reverse call/type reference; inspect bodies
internal/worktrees/rename.go	collectRenameResults	collectRenameResults	function		false	831	837	shared orchestration	internal/worktrees	none detected	none detected		0		0	0	covered	100.0	4	4	low	Keep transaction ordering, policy gates, and public API compatibility here.	function:c06bb927fea35f04e7128d002cca1f8d				no direct reverse call/type reference; inspect bodies
internal/worktrees/rename.go	firstRenameReason	firstRenameReason	function		false	839	846	shared orchestration	internal/worktrees	none detected	none detected		0		0	0	covered	100.0	4	4	low	Keep transaction ordering, policy gates, and public API compatibility here.	function:2f97668efd5a0495f66ecfecca8a6be3				no direct reverse call/type reference; inspect bodies
internal/worktrees/rename.go	applyRename	applyRename	function		false	851	1003	shared orchestration	internal/worktrees	network,process	filesystem,git,global,network,process	openCanonicalRepository(2); inspectLifecycleWorktree; verifyRecycleState; readWorkLogProjectionForClaim; rollbackRenamePlan; resetRenameResultAfterRollback; sealWorkLogForRecycle; removeWorkLogProjection	18		0	0	partial	75.3	67	89	high	Keep transaction ordering, policy gates, and public API compatibility here. Cross-domain calls: claims/locks/worklogs, landing/merge receipts, layout/discovery.	function:4eae6cbb05fffaaeca080d2cde98789f				no direct reverse call/type reference; inspect bodies
internal/worktrees/rename.go	prepareRenamePhysicalDestination	prepareRenamePhysicalDestination	function		false	1010	1058	shared orchestration	internal/worktrees	none detected	filesystem,git	requireAbsentNoFollowChild(2); openLocalRenameDestination; openSharedRenameDestinationRoot; directoryStillMatches; openOrCreateNoFollowDirectory; openRelativeParentDirectory	7		0	0	partial	83.8	31	37	medium	Keep transaction ordering, policy gates, and public API compatibility here. Cross-domain calls: secure filesystem/storage.	function:d2c2fcbbcd4fdd00a8ab8f6a0b18e996				no direct reverse call/type reference; inspect bodies
internal/worktrees/rename.go	preflightRenamePhysicalDestination	preflightRenamePhysicalDestination	function		false	1063	1088	shared orchestration	internal/worktrees	filesystem	filesystem,git	openLocalRenameDestination; openSharedRenameDestinationRoot; directoryStillMatches; requireAbsentNoFollowChild	4		0	0	partial	85.0	17	20	medium	Keep transaction ordering, policy gates, and public API compatibility here. Cross-domain calls: secure filesystem/storage.	function:ec968b065a616f94595c1d067e7d7332				no direct reverse call/type reference; inspect bodies
internal/worktrees/rename.go	openLocalRenameDestination	openLocalRenameDestination	function		false	1090	1097	shared orchestration	internal/worktrees	none detected	filesystem,git	openCanonicalRepository; prepareCanonicalWorktreesRoot	2		0	0	covered	100.0	5	5	low	Keep transaction ordering, policy gates, and public API compatibility here.	function:2095cf7af403a15a70613aed726e9a35				no direct reverse call/type reference; inspect bodies
internal/worktrees/rename.go	openSharedRenameDestinationRoot	openSharedRenameDestinationRoot	function		false	1099	1112	shared orchestration	internal/worktrees	filesystem	filesystem,global	openAbsoluteDirectoryNoFollow; directoryStillMatches	2		0	0	covered	100.0	9	9	medium	Keep transaction ordering, policy gates, and public API compatibility here. Cross-domain calls: secure filesystem/storage.	function:439e8c927044f88aefe1b0f4924d640b				no direct reverse call/type reference; inspect bodies
internal/worktrees/rename.go	rollbackRenamePlan	rollbackRenamePlan	function		false	1114	1210	shared orchestration	internal/worktrees	git,network,process	filesystem,git,global,network,process	openCanonicalRepository(3); gitCanonical(3); remoteBranchHead(2); git(2); readWorkLogProjection; sealWorkLogForRecycle; removeWorkLogProjection; runSecureCleanupGitHelper	18		0	0	partial	54.7	35	64	high	Keep transaction ordering, policy gates, and public API compatibility here. Cross-domain calls: claims/locks/worklogs, git subprocess/cache, landing/merge receipts, layout/discovery.	function:ebaa758ce4090620b2594368868a958b				no direct reverse call/type reference; inspect bodies
internal/worktrees/rename.go	resetRenameResultAfterRollback	resetRenameResultAfterRollback	function		false	1212	1223	shared orchestration	internal/worktrees	none detected	none detected		0		0	0	covered	100.0	10	10	low	Keep transaction ordering, policy gates, and public API compatibility here.	function:7313fe65dbbf3e51e97df63ec7f1beb6				no direct reverse call/type reference; inspect bodies
internal/worktrees/rename.go	preflightRename	preflightRename	function		false	1225	1297	shared orchestration	internal/worktrees	none detected	filesystem,git,global,network,process	inspectLifecycleWorktree; verifyRecycleState; deriveBranchName; isAncestor; remoteBranchHead; preflightWorkLogSeal; preflightRenamePhysicalDestination; openCanonicalRepository	10		0	0	partial	68.8	33	48	high	Keep transaction ordering, policy gates, and public API compatibility here. Cross-domain calls: branch reconciliation/cleanup, claims/locks/worklogs, landing/merge receipts, layout/discovery.	function:088032c26c00d8cb24d0f5c2ed2fa045				no direct reverse call/type reference; inspect bodies
internal/worktrees/rename.go	verifyRecycleState	verifyRecycleState	function		false	1303	1334	shared orchestration	internal/worktrees	git	git,global,process	git	1		0	0	covered	100.0	13	13	medium	Keep transaction ordering, policy gates, and public API compatibility here. Cross-domain calls: git subprocess/cache.	function:eb73cbfb54832532a56ecd826a5ec69e				no direct reverse call/type reference; inspect bodies
internal/worktrees/rename.go	worktreeMoveOutcome	worktreeMoveOutcome	struct		false	1336	1339	shared orchestration	internal/worktrees	none detected	none detected		0		0	0	n/a		0	0	low	Keep transaction ordering, policy gates, and public API compatibility here.	struct:d0cf6cf44b98849ff9b1beb227c6fe5b				no direct reverse call/type reference; inspect bodies
internal/worktrees/rename.go	worktreeMoveHooks	worktreeMoveHooks	struct		false	1341	1347	shared orchestration	internal/worktrees	none detected	none detected		0		0	0	n/a		0	0	low	Keep transaction ordering, policy gates, and public API compatibility here.	struct:d7393b966dd8940b1878fc97bc9a8885				no direct reverse call/type reference; inspect bodies
internal/worktrees/rename.go	moveWorktree	moveWorktree	function		false	1358	1402	shared orchestration	internal/worktrees	process	filesystem,global,process	moveRenameDirectory; runSecureRenameGitWithHeldWorktree	2		0	0	covered	100.0	26	26	low	Keep transaction ordering, policy gates, and public API compatibility here.	function:9738ab0b82fa8496449c3b74ae8279aa				no direct reverse call/type reference; inspect bodies
internal/worktrees/rename.go	moveRenameDirectoryHooks	moveRenameDirectoryHooks	struct		false	1410	1415	shared orchestration	internal/worktrees	none detected	none detected		0		0	0	n/a		0	0	low	Keep transaction ordering, policy gates, and public API compatibility here.	struct:722cdb4e690aacb8937add58bc57b2a7				no direct reverse call/type reference; inspect bodies
internal/worktrees/rename.go	moveRenameDirectory	moveRenameDirectory	function		false	1417	1419	shared orchestration	internal/worktrees	none detected	filesystem	moveRenameDirectoryWithHooks	1		0	0	covered	100.0	1	1	low	Keep transaction ordering, policy gates, and public API compatibility here.	function:577fa3e62959281dddce4e5702143e3f				no direct reverse call/type reference; inspect bodies
internal/worktrees/rename.go	moveRenameDirectoryWithHooks	moveRenameDirectoryWithHooks	function		false	1421	1471	shared orchestration	internal/worktrees	filesystem	filesystem,global	directoryStillMatches(5); openAbsoluteDirectoryNoFollow(3); moveExpectedDirectoryNoReplaceAuthorized; directoryEntryStillMatches	10		0	0	covered	100.0	35	35	medium	Keep transaction ordering, policy gates, and public API compatibility here. Cross-domain calls: secure filesystem/storage.	function:e5acd9170d9b233d812b7f6ab732bda0				no direct reverse call/type reference; inspect bodies
internal/worktrees/rename.go	verifyWorktreeRegistered	verifyWorktreeRegistered	function		false	1475	1504	shared orchestration	internal/worktrees	git	filesystem,git,global	directoryStillMatches(2); openCanonicalRepository; gitCanonical; worktreePathsFromPorcelain	5		0	0	covered	100.0	19	19	high	Keep transaction ordering, policy gates, and public API compatibility here. Cross-domain calls: git subprocess/cache, layout/discovery, secure filesystem/storage.	function:340c1483d6a375a37c3d049452978a38				no direct reverse call/type reference; inspect bodies
internal/worktrees/rename.go	deleteOldBranchIfSafe	deleteOldBranchIfSafe	function		false	1511	1526	shared orchestration	internal/worktrees	git	git,global,process	isAncestor; gitCanonical	2		0	0	covered	100.0	10	10	medium	Keep transaction ordering, policy gates, and public API compatibility here. Cross-domain calls: git subprocess/cache, landing/merge receipts.	function:e730e1ecd9c2762c962d99bc0ded30ea				no direct reverse call/type reference; inspect bodies
internal/worktrees/rename.go	normalizeRenameOptions	normalizeRenameOptions	function		false	1528	1604	shared orchestration	internal/worktrees	none detected	filesystem,process	normalizeListOptions; validSafeSegment; normalizePreserveCachePaths; PreflightWorkLogOptions; validBranch	5		0	0	covered	100.0	64	64	medium	Keep transaction ordering, policy gates, and public API compatibility here. Cross-domain calls: claims/locks/worklogs, layout/discovery.	function:c5440b84a2b29d07c0cb3ccfc77303af				no direct reverse call/type reference; inspect bodies
internal/worktrees/rename.go	normalizePreserveCachePaths	normalizePreserveCachePaths	function		false	1606	1631	shared orchestration	internal/worktrees	none detected	none detected	validSafeSegment	1		0	0	covered	100.0	18	18	medium	Keep transaction ordering, policy gates, and public API compatibility here. Cross-domain calls: layout/discovery.	function:515cc164576e3b2c9c195501ae8c1299				no direct reverse call/type reference; inspect bodies
internal/worktrees/rename.go	DefaultRenameReportDir	DefaultRenameReportDir	function		true	1635	1642	shared orchestration	internal/worktrees	none detected	none detected		0		0	0	covered	100.0	1	1	low	Keep transaction ordering, policy gates, and public API compatibility here.	function:47af1189a11586ef5f6c0be1e366fd9f				no direct reverse call/type reference; inspect bodies
internal/worktrees/rename.go	writeRenameReport	writeRenameReport	function		false	1644	1652	shared orchestration	internal/worktrees	none detected	filesystem	writeRenameReportInjected	1		0	0	covered	100.0	1	1	low	Keep transaction ordering, policy gates, and public API compatibility here.	function:b3bd3da6b043df83aadf6af4bed9faa0		internal/worktreelayout(1)		no direct reverse call/type reference; inspect bodies
internal/worktrees/rename.go	writeRenameReportInjected	writeRenameReportInjected	function		false	1661	1677	shared orchestration	internal/worktrees	none detected	filesystem	writeLifecycleReportInjected	1		0	0	covered	100.0	4	4	medium	Keep transaction ordering, policy gates, and public API compatibility here. Cross-domain calls: secure filesystem/storage.	function:0ccf91016b3ae384e468a1fbfe1b6e6f		internal/worktreelayout(1)		no direct reverse call/type reference; inspect bodies
internal/worktrees/rename_noreplace.go	renameNoReplace	renameNoReplace	function		false	14	16	secure filesystem/storage	internal/worktreesecure	filesystem	filesystem		0		0	0	covered	100.0	1	1	low	No-follow descriptor identity and fail-closed path containment guard mutations.	function:4c8874e7202c5a0705c23c3696d3cba8				no direct reverse call/type reference; inspect bodies
internal/worktrees/report_write.go	writeLifecycleReportInjected	writeLifecycleReportInjected	function		false	15	33	secure filesystem/storage	internal/worktreesecure	filesystem	filesystem		0		0	0	covered	100.0	13	13	low	No-follow descriptor identity and fail-closed path containment guard mutations.	function:8d9acd798812cd364c5df9c082c1296c				no direct reverse call/type reference; inspect bodies
internal/worktrees/repository_registration_lock.go	repositoryRegistrationLock	repositoryRegistrationLock	struct		false	20	22	claims/locks/worklogs	internal/worktreeclaims	none detected	none detected		0		0	0	n/a		0	0	low	Claim identity, immutable journal/terminal records, lock ownership, and projections must remain atomic.	struct:5dd0473f19714467f801659e5bb1cbea				no direct reverse call/type reference; inspect bodies
internal/worktrees/repository_registration_lock.go	acquireRepositoryRegistrationLock	acquireRepositoryRegistrationLock	function		false	37	91	claims/locks/worklogs	internal/worktreeclaims	filesystem,global	filesystem,global	canonicalRepository::validate	1		0	0	partial	73.5	25	34	medium	Claim identity, immutable journal/terminal records, lock ownership, and projections must remain atomic. Cross-domain calls: shared orchestration.	function:9a214c3970a7d9af885f7e88c3b0c0df	internal/worktrees(1)	internal/worktrees(1)	internal/worktrees(1)	needs facade or injected port
internal/worktrees/repository_registration_lock.go	release	repositoryRegistrationLock::release	method	repositoryRegistrationLock	false	93	100	claims/locks/worklogs	internal/worktreeclaims	none detected	none detected	PlacementWorktree::Close	1		0	0	covered	100.0	5	5	medium	Claim identity, immutable journal/terminal records, lock ownership, and projections must remain atomic. Cross-domain calls: shared orchestration.	method:ddb715d7249d49f54d448aa0404eecb1	internal/worktrees(1)			needs facade or injected port
internal/worktrees/repository_relocate.go	RepositoryRelocateOptions	RepositoryRelocateOptions	struct		true	21	43	shared orchestration	internal/worktrees	none detected	none detected		0	internal/fleetsync/fleetsync.go [instantiates]; internal/repositoryevents/processor.go [instantiates]	2	2	n/a		0	0	medium	Keep transaction ordering, policy gates, and public API compatibility here.	struct:5e2ab0b20492a193d2998e0f956f6b3d				no direct reverse call/type reference; inspect bodies
internal/worktrees/repository_relocate.go	RepositoryRelocateResult	RepositoryRelocateResult	struct		true	45	64	shared orchestration	internal/worktrees	none detected	none detected		0		0	0	n/a		0	0	low	Keep transaction ordering, policy gates, and public API compatibility here.	struct:f69fbe170a9f497c919596f935c1a408				no direct reverse call/type reference; inspect bodies
internal/worktrees/repository_relocate.go	repositoryRelocateWorktree	repositoryRelocateWorktree	struct		false	66	70	shared orchestration	internal/worktrees	none detected	none detected		0		0	0	n/a		0	0	low	Keep transaction ordering, policy gates, and public API compatibility here.	struct:dedbfb08a76d65ed3df36ab55a99fdaa		internal/worktreeclaims(1)		no direct reverse call/type reference; inspect bodies
internal/worktrees/repository_relocate.go	RelocateRepository	RelocateRepository	function		true	76	375	shared orchestration	internal/worktrees	filesystem,git,global,network	filesystem,git,global,network,process	git(9); moveRenameDirectory(5); exactOriginURLs(2); disposableDestinationReason(2); splitRepository(2); CanonicalRepositoryPath(2); acquireRepositoryRegistrationLock; repositoryRelocateWorktrees	40	internal/fleetsync/fleetsync.go [calls]	1	1	partial	80.5	173	215	high	Keep transaction ordering, policy gates, and public API compatibility here. Cross-domain calls: claims/locks/worklogs, git subprocess/cache, layout/discovery, retirement/recovery/GC, secure filesystem/storage.	function:93964095bfcf0d188e0f93ff5fca3bae				no direct reverse call/type reference; inspect bodies
internal/worktrees/repository_relocate.go	FinalizeRepositoryTransferWorkLogs	FinalizeRepositoryTransferWorkLogs	function		true	381	428	shared orchestration	internal/worktrees	global	filesystem,git,global,network,process	repositoryRelocateWorktrees; pendingRelocationIntent; corroborateRepositoryRelocation; appendRelocationReceipt; activeWorkLogClaim; CanonicalRepositoryPath	6		0	0	partial	84.8	28	33	medium	Keep transaction ordering, policy gates, and public API compatibility here. Cross-domain calls: claims/locks/worklogs, layout/discovery.	function:4a04940b68092a95acbc74aed7ea9df4				no direct reverse call/type reference; inspect bodies
internal/worktrees/repository_relocate.go	exactOriginURLs	exactOriginURLs	function		false	430	447	shared orchestration	internal/worktrees	global	global,process	gitRawOutput	1		0	0	covered	100.0	12	12	medium	Keep transaction ordering, policy gates, and public API compatibility here. Cross-domain calls: claims/locks/worklogs.	function:617c64ee2e101750555122d8557fa9f1				no direct reverse call/type reference; inspect bodies
internal/worktrees/repository_relocate.go	repositoryRelocateWorktrees	repositoryRelocateWorktrees	function		false	449	483	shared orchestration	internal/worktrees	git,global	git,global,process	git(2); gitRawOutput; worktreePathsFromPorcelain	4		0	0	partial	75.0	15	20	high	Keep transaction ordering, policy gates, and public API compatibility here. Cross-domain calls: claims/locks/worklogs, git subprocess/cache, layout/discovery.	function:0bc34b8756b7bc30f5be1a7752dc753e				no direct reverse call/type reference; inspect bodies
internal/worktrees/repository_relocate.go	remoteDefaultHead	remoteDefaultHead	function		false	485	504	shared orchestration	internal/worktrees	global,network	global,network,process	gitRawOutput; isGitObjectID	2		0	0	covered	100.0	13	13	high	Keep transaction ordering, policy gates, and public API compatibility here. Cross-domain calls: branch reconciliation/cleanup, claims/locks/worklogs.	function:e252dc4e3a6d6b8ea64fc029e858ef04				no direct reverse call/type reference; inspect bodies
internal/worktrees/repository_relocate.go	disposableDestinationReason	disposableDestinationReason	function		false	506	586	shared orchestration	internal/worktrees	git,network	filesystem,git,global,network,process	exactOriginURLs(2); gitRawOutput(2); git(2); isGitObjectID(2); repositoryRelocateWorktrees; openCanonicalRepository	10		0	0	partial	77.8	42	54	high	Keep transaction ordering, policy gates, and public API compatibility here. Cross-domain calls: branch reconciliation/cleanup, claims/locks/worklogs, git subprocess/cache.	function:b5e4d8051c18500ba6ccfe07fcbb1b8d				no direct reverse call/type reference; inspect bodies
internal/worktrees/repository_transfer_cleanup.go	repositoryTransferCleanupReceipt	repositoryTransferCleanupReceipt	struct		false	25	41	retirement/recovery/GC	internal/worktreeretire	none detected	none detected		0		0	0	n/a		0	0	low	Recoverable snapshots and durable receipts precede destructive local/remote cleanup.	struct:07bc58f680097a0bc92167469116d3ea				no direct reverse call/type reference; inspect bodies
internal/worktrees/repository_transfer_cleanup.go	RepositoryTransferCleanupOptions	RepositoryTransferCleanupOptions	struct		true	43	47	retirement/recovery/GC	internal/worktreeretire	none detected	none detected		0	internal/repositoryevents/processor.go [instantiates]; cmd/wb/repo.go [instantiates]	2	2	n/a		0	0	medium	Recoverable snapshots and durable receipts precede destructive local/remote cleanup.	struct:eeb6994857e1a7e6d65f764e43b3838b				no direct reverse call/type reference; inspect bodies
internal/worktrees/repository_transfer_cleanup.go	RepositoryTransferCleanupResult	RepositoryTransferCleanupResult	struct		true	49	56	retirement/recovery/GC	internal/worktreeretire	none detected	none detected		0		0	0	n/a		0	0	low	Recoverable snapshots and durable receipts precede destructive local/remote cleanup.	struct:f96dd368169ca7ef3531b09d76cbf384				no direct reverse call/type reference; inspect bodies
internal/worktrees/repository_transfer_cleanup.go	repositoryTransferCleanupDirectory	repositoryTransferCleanupDirectory	function		false	58	64	retirement/recovery/GC	internal/worktreeretire	none detected	none detected		0		0	0	covered	100.0	4	4	low	Recoverable snapshots and durable receipts precede destructive local/remote cleanup.	function:e99b5c0185fc93526c740c4fd670074a				no direct reverse call/type reference; inspect bodies
internal/worktrees/repository_transfer_cleanup.go	recordRepositoryTransferCleanupIntent	recordRepositoryTransferCleanupIntent	function		false	66	95	retirement/recovery/GC	internal/worktreeretire	filesystem	filesystem,global	repositoryTransferCleanupDirectory; writeJSONImmutableAt; repositoryTransferCleanupIdentity; openAbsoluteDirectoryNoFollow	4		0	0	covered	100.0	21	21	medium	Recoverable snapshots and durable receipts precede destructive local/remote cleanup. Cross-domain calls: secure filesystem/storage.	function:39b300f7e401babd9beef2681a45bae7		internal/worktrees(2)	internal/worktrees(2)	needs facade or injected port
internal/worktrees/repository_transfer_cleanup.go	recordRepositoryTransferCleanupCompleted	recordRepositoryTransferCleanupCompleted	function		false	97	99	retirement/recovery/GC	internal/worktreeretire	none detected	filesystem,global	recordRepositoryTransferCleanupTerminal	1		0	0	covered	100.0	1	1	low	Recoverable snapshots and durable receipts precede destructive local/remote cleanup.	function:7735e5daa03182c8066efc57b8e8ce3b				no direct reverse call/type reference; inspect bodies
internal/worktrees/repository_transfer_cleanup.go	recordRepositoryTransferCleanupTerminal	recordRepositoryTransferCleanupTerminal	function		false	101	130	retirement/recovery/GC	internal/worktreeretire	filesystem,global	filesystem,global	repositoryTransferCleanupDirectory; readJSONAt; writeJSONImmutableAt; openAbsoluteDirectoryNoFollow	4		0	0	covered	100.0	23	23	medium	Recoverable snapshots and durable receipts precede destructive local/remote cleanup. Cross-domain calls: secure filesystem/storage.	function:f86a0a5a08c98326420030cd76e0f43d				no direct reverse call/type reference; inspect bodies
internal/worktrees/repository_transfer_cleanup.go	repositoryTransferCleanupCommand	repositoryTransferCleanupCommand	function		false	132	134	retirement/recovery/GC	internal/worktreeretire	none detected	none detected	shellQuoteRepositoryTransfer(2)	2		0	0	covered	100.0	1	1	low	Recoverable snapshots and durable receipts precede destructive local/remote cleanup.	function:a7a02c9960633328aa3176ea761969b0				no direct reverse call/type reference; inspect bodies
internal/worktrees/repository_transfer_cleanup.go	shellQuoteRepositoryTransfer	shellQuoteRepositoryTransfer	function		false	136	138	retirement/recovery/GC	internal/worktreeretire	none detected	none detected		0		0	0	covered	100.0	1	1	low	Recoverable snapshots and durable receipts precede destructive local/remote cleanup.	function:8432157ab37dc10134f9a1cc8ec82aac				no direct reverse call/type reference; inspect bodies
internal/worktrees/repository_transfer_cleanup.go	RecoverRepositoryTransferCleanup	RecoverRepositoryTransferCleanup	function		true	143	220	retirement/recovery/GC	internal/worktreeretire	filesystem,global	filesystem,git,global,network	openAbsoluteDirectoryNoFollow(2); repositoryTransferCleanupDirectory; absentRepositoryTransferCleanupOutcome; recordRepositoryTransferCleanupTerminal; recordRepositoryTransferCleanupCompleted; readJSONAt; openRepositoryTransferCleanupQuarantine; repositoryTransferCleanupIdentityMatches	11	cmd/wb/repo.go [calls]	1	1	partial	98.4	62	63	high	Recoverable snapshots and durable receipts precede destructive local/remote cleanup. Cross-domain calls: layout/discovery, secure filesystem/storage.	function:dec82abe8cbe2c53b42b05972534b8a5				no direct reverse call/type reference; inspect bodies
internal/worktrees/repository_transfer_cleanup.go	absentRepositoryTransferCleanupOutcome	absentRepositoryTransferCleanupOutcome	function		false	222	245	retirement/recovery/GC	internal/worktreeretire	filesystem,git	filesystem,git,global,network,process	exactOriginURLs; remoteDefaultHead; repositoryTransferCleanupIdentityMatches; openAbsoluteDirectoryNoFollow; git	5		0	0	partial	87.5	14	16	high	Recoverable snapshots and durable receipts precede destructive local/remote cleanup. Cross-domain calls: git subprocess/cache, secure filesystem/storage, shared orchestration.	function:fa655dd1963f6a9e854a268ed08c0386	internal/worktrees(2)			needs facade or injected port
internal/worktrees/repository_transfer_cleanup_unix.go	repositoryTransferCleanupIdentity	repositoryTransferCleanupIdentity	function		false	14	20	secure filesystem/storage	internal/worktreesecure	filesystem,global	filesystem,global		0		0	0	covered	100.0	4	4	medium	No-follow descriptor identity and fail-closed path containment guard mutations.	function:0b29ae61880e661ea8218c7ceb30601c				no direct reverse call/type reference; inspect bodies
internal/worktrees/repository_transfer_cleanup_unix.go	repositoryTransferCleanupIdentityMatches	repositoryTransferCleanupIdentityMatches	function		false	22	25	secure filesystem/storage	internal/worktreesecure	none detected	filesystem,global	repositoryTransferCleanupIdentity	1		0	0	covered	100.0	2	2	low	No-follow descriptor identity and fail-closed path containment guard mutations.	function:d2daf3df4d279180a91204cae4e6e372				no direct reverse call/type reference; inspect bodies
internal/worktrees/repository_transfer_cleanup_unix.go	openRepositoryTransferCleanupQuarantine	openRepositoryTransferCleanupQuarantine	function		false	27	37	secure filesystem/storage	internal/worktreesecure	none detected	filesystem	openDirectoryAtNoFollow	1		0	0	covered	100.0	6	6	low	No-follow descriptor identity and fail-closed path containment guard mutations.	function:5496215bbc5c7fd5f29d36b194020dbd				no direct reverse call/type reference; inspect bodies
internal/worktrees/repository_transfer_cleanup_unix.go	retireRepositoryTransferReplacement	retireRepositoryTransferReplacement	function		false	39	64	retirement/recovery/GC	internal/worktreeretire	filesystem	filesystem,global	directoryEntryStillMatches(2); openAbsoluteDirectoryNoFollow; removeDirectoryContentsAt; unlinkResidueEntry; noFollowChildAbsent	6		0	0	partial	78.9	15	19	medium	Recoverable snapshots and durable receipts precede destructive local/remote cleanup. Cross-domain calls: secure filesystem/storage.	function:ff77b169f84acf7bb9c8183277632fc3				no direct reverse call/type reference; inspect bodies
internal/worktrees/repository_transfer_cleanup_windows.go	repositoryTransferCleanupIdentity	repositoryTransferCleanupIdentity	function		false	14	20	secure filesystem/storage	internal/worktreesecure	global	global		0		0	0	not in BASE profile		0	0	low	No-follow descriptor identity and fail-closed path containment guard mutations.	function:cef5f0b6a9c6885d1b783f526e918bd7				no direct reverse call/type reference; inspect bodies
internal/worktrees/repository_transfer_cleanup_windows.go	repositoryTransferCleanupIdentityMatches	repositoryTransferCleanupIdentityMatches	function		false	22	25	secure filesystem/storage	internal/worktreesecure	none detected	global	repositoryTransferCleanupIdentity	1		0	0	not in BASE profile		0	0	low	No-follow descriptor identity and fail-closed path containment guard mutations.	function:3bb6674a0987c9727612617267661f7f				no direct reverse call/type reference; inspect bodies
internal/worktrees/repository_transfer_cleanup_windows.go	openRepositoryTransferCleanupQuarantine	openRepositoryTransferCleanupQuarantine	function		false	27	70	secure filesystem/storage	internal/worktreesecure	global	filesystem,global	directoryStillMatches(2)	2		0	0	not in BASE profile		0	0	low	No-follow descriptor identity and fail-closed path containment guard mutations.	function:e21eed940cd22fd086bb29c493289fc5				no direct reverse call/type reference; inspect bodies
internal/worktrees/repository_transfer_cleanup_windows.go	retireRepositoryTransferReplacement	retireRepositoryTransferReplacement	function		false	72	74	retirement/recovery/GC	internal/worktreeretire	none detected	none detected		0		0	0	not in BASE profile		0	0	low	Recoverable snapshots and durable receipts precede destructive local/remote cleanup.	function:697c87bf30e56119686496759a8796a4				no direct reverse call/type reference; inspect bodies
internal/worktrees/residue.go	worktreeRemovalLeftResidue	worktreeRemovalLeftResidue	function		false	44	50	retirement/recovery/GC	internal/worktreeretire	none detected	git,global	registeredWorktreePathsCanonical	1		0	0	covered	100.0	4	4	low	Recoverable snapshots and durable receipts precede destructive local/remote cleanup.	function:6cdfbdb2392136ec3c3f2bba9ae37f0b		internal/worktrees(1)	internal/worktrees(1)	needs facade or injected port
internal/worktrees/residue.go	worktreeStillRegistered	worktreeStillRegistered	function		false	54	68	retirement/recovery/GC	internal/worktreeretire	none detected	filesystem,git	worktreeRemovalLeftResidue; openCanonicalRepository; canonicalRepository::validate	3		0	0	partial	80.0	8	10	medium	Recoverable snapshots and durable receipts precede destructive local/remote cleanup. Cross-domain calls: shared orchestration.	function:0ccd66615f434710b27364702d2da93e	internal/worktrees(2)			needs facade or injected port
internal/worktrees/residue.go	removeWorktreeResidue	removeWorktreeResidue	function		false	75	90	retirement/recovery/GC	internal/worktreeretire	none detected	filesystem,global	removeDirectoryContentsAt; cleanupTaskHandle::validate	2		0	0	partial	80.0	8	10	medium	Recoverable snapshots and durable receipts precede destructive local/remote cleanup. Cross-domain calls: layout/discovery.	function:4ae24700e41c7a0c8afc9dda12d731e0		internal/worktreelayout(1)		no direct reverse call/type reference; inspect bodies
internal/worktrees/residue.go	removeUnregisteredWorktreeResidue	removeUnregisteredWorktreeResidue	function		false	95	106	retirement/recovery/GC	internal/worktreeretire	filesystem	filesystem	removeWorktreeResidue	1		0	0	partial	71.4	5	7	low	Recoverable snapshots and durable receipts precede destructive local/remote cleanup.	function:60d9eb7553a6068b9827ee8a38cf1d0a		internal/worktreelayout(1)		no direct reverse call/type reference; inspect bodies
internal/worktrees/residue.go	removeDirectoryContentsAt	removeDirectoryContentsAt	function		false	111	125	retirement/recovery/GC	internal/worktreeretire	none detected	filesystem,global	directoryEntryNames; removeResidueEntry	2		0	0	partial	88.9	8	9	low	Recoverable snapshots and durable receipts precede destructive local/remote cleanup.	function:82e46fa29e0208d1d6ffae0d52cc0642				no direct reverse call/type reference; inspect bodies
internal/worktrees/residue.go	directoryEntryNames	directoryEntryNames	function		false	129	145	retirement/recovery/GC	internal/worktreeretire	filesystem	filesystem		0		0	0	partial	76.9	10	13	low	Recoverable snapshots and durable receipts precede destructive local/remote cleanup.	function:0e325114cf71aa5e032b01367cf5a1c3				no direct reverse call/type reference; inspect bodies
internal/worktrees/residue.go	removeResidueEntry	removeResidueEntry	function		false	147	171	retirement/recovery/GC	internal/worktreeretire	filesystem,global	filesystem,global	unlinkResidueEntry(2); openResidueDirectory; removeDirectoryContentsAt	4		0	0	partial	93.8	15	16	medium	Recoverable snapshots and durable receipts precede destructive local/remote cleanup.	function:fe1d7dbe163a16394b79553dd6b3c863				no direct reverse call/type reference; inspect bodies
internal/worktrees/residue.go	openResidueDirectory	openResidueDirectory	function		false	176	204	retirement/recovery/GC	internal/worktreeretire	filesystem,global	filesystem,global		0		0	0	partial	58.8	10	17	medium	Recoverable snapshots and durable receipts precede destructive local/remote cleanup.	function:05bca8754d940cc3e9a805821460aece				no direct reverse call/type reference; inspect bodies
internal/worktrees/residue.go	unlinkResidueEntry	unlinkResidueEntry	function		false	210	226	retirement/recovery/GC	internal/worktreeretire	none detected	filesystem,global	grantOwnerWriteAt	1		0	0	partial	72.7	8	11	low	Recoverable snapshots and durable receipts precede destructive local/remote cleanup.	function:321fab68c75addf051b7fd23cf1965ab				no direct reverse call/type reference; inspect bodies
internal/worktrees/residue.go	grantOwnerWriteAt	grantOwnerWriteAt	function		false	228	237	retirement/recovery/GC	internal/worktreeretire	filesystem,global	filesystem,global		0		0	0	partial	66.7	4	6	medium	Recoverable snapshots and durable receipts precede destructive local/remote cleanup.	function:bcc3dd5fc4690cf159aea5a43db6344c				no direct reverse call/type reference; inspect bodies
internal/worktrees/retire.go	RetireOptions	RetireOptions	struct		true	28	43	retirement/recovery/GC	internal/worktreeretire	none detected	none detected		0	cmd/wb/worktree_retire.go [instantiates]	1	1	n/a		0	0	medium	Recoverable snapshots and durable receipts precede destructive local/remote cleanup.	struct:b10214d63bc858b42513d8028db1fc0b				no direct reverse call/type reference; inspect bodies
internal/worktrees/retire.go	RetireResult	RetireResult	struct		true	47	73	retirement/recovery/GC	internal/worktreeretire	none detected	none detected		0		0	0	n/a		0	0	low	Recoverable snapshots and durable receipts precede destructive local/remote cleanup.	struct:fbea66602996446a5b58ee3d4c372345				no direct reverse call/type reference; inspect bodies
internal/worktrees/retire.go	Retire	Retire	function		true	75	370	retirement/recovery/GC	internal/worktreeretire	git,global	env,filesystem,git,global,network,process	writeRetireReport(8); retireRemoteSHA(4); git(4); retireCheckPR(3); retireCheckIgnored(3); retiredBranchDestination(3); retireArchiveRef(3); retireCheckOwner(2)	62	cmd/wb/worktree_retire.go [calls]	1	1	partial	75.1	154	205	high	Recoverable snapshots and durable receipts precede destructive local/remote cleanup. Cross-domain calls: branch reconciliation/cleanup, claims/locks/worklogs, git subprocess/cache, layout/discovery.	function:0313334ab6aa92bf3a44ea45ebe2360c				no direct reverse call/type reference; inspect bodies
internal/worktrees/retire.go	corroborateRetireResumeReceipt	corroborateRetireResumeReceipt	function		false	372	386	retirement/recovery/GC	internal/worktreeretire	none detected	none detected	retirePreserveMode	1		0	0	covered	100.0	6	6	low	Recoverable snapshots and durable receipts precede destructive local/remote cleanup.	function:1ead6492b456c84cead9d8fae79fff0b				no direct reverse call/type reference; inspect bodies
internal/worktrees/retire.go	normalizeRetireOptions	normalizeRetireOptions	function		false	388	407	retirement/recovery/GC	internal/worktreeretire	none detected	none detected	validSafeSegment; splitRepository	2		0	0	covered	100.0	12	12	medium	Recoverable snapshots and durable receipts precede destructive local/remote cleanup. Cross-domain calls: layout/discovery.	function:d869c4fc4e85efdb095f1b095f2aa22d				no direct reverse call/type reference; inspect bodies
internal/worktrees/retire.go	selectRetirementEntry	selectRetirementEntry	function		false	409	433	retirement/recovery/GC	internal/worktreeretire	global	global		0		0	0	covered	100.0	16	16	low	Recoverable snapshots and durable receipts precede destructive local/remote cleanup.	function:06a5fdfbdcfcb1ec804572780039ddb9		internal/worktreelayout(2)		no direct reverse call/type reference; inspect bodies
internal/worktrees/retire.go	retireCheckOwner	retireCheckOwner	function		false	435	443	retirement/recovery/GC	internal/worktreeretire	none detected	env	CurrentIdentity	1		0	0	covered	100.0	5	5	medium	Recoverable snapshots and durable receipts precede destructive local/remote cleanup. Cross-domain calls: claims/locks/worklogs.	function:5f6f43c40382ba6c746097fa2eb53c97		internal/worktreelayout(1)		no direct reverse call/type reference; inspect bodies
internal/worktrees/retire.go	retireReadClaim	retireReadClaim	function		false	445	466	retirement/recovery/GC	internal/worktreeretire	none detected	filesystem,git,global	readWorkLogProjectionForReadOnlyClaim; corroborateProjectionWithPrivateClaim; openWorkLogRun; readWorkLogClaimAt	4		0	0	partial	75.0	12	16	medium	Recoverable snapshots and durable receipts precede destructive local/remote cleanup. Cross-domain calls: claims/locks/worklogs.	function:73836afc0eafd59881aee667631ff026		internal/worktreeclaims(2)		no direct reverse call/type reference; inspect bodies
internal/worktrees/retire.go	retireCheckPrivateArchive	retireCheckPrivateArchive	function		false	468	477	retirement/recovery/GC	internal/worktreeretire	none detected	global,network	PlanRetiredArchivePreflight	1		0	0	covered	100.0	6	6	low	Recoverable snapshots and durable receipts precede destructive local/remote cleanup.	function:8bfdb616ff0d9a7287a4fedc70604139				no direct reverse call/type reference; inspect bodies
internal/worktrees/retire.go	retireCheckRemoteAncestor	retireCheckRemoteAncestor	function		false	479	487	retirement/recovery/GC	internal/worktreeretire	git	git,global,process	git	1		0	0	covered	100.0	5	5	medium	Recoverable snapshots and durable receipts precede destructive local/remote cleanup. Cross-domain calls: git subprocess/cache.	function:8ba944f240586d44cefd9f8e32c26a21				no direct reverse call/type reference; inspect bodies
internal/worktrees/retire.go	retireCheckIgnored	retireCheckIgnored	function		false	489	506	retirement/recovery/GC	internal/worktreeretire	git,global	git,global,process	git	1		0	0	covered	100.0	12	12	medium	Recoverable snapshots and durable receipts precede destructive local/remote cleanup. Cross-domain calls: git subprocess/cache.	function:a810b7022ed3b5c2d04f3ef562b6dc99				no direct reverse call/type reference; inspect bodies
internal/worktrees/retire.go	retireValidateIntentCommit	retireValidateIntentCommit	function		false	508	528	retirement/recovery/GC	internal/worktreeretire	git	git,global,process	git(3); cleanWorktree	4		0	0	covered	100.0	14	14	medium	Recoverable snapshots and durable receipts precede destructive local/remote cleanup. Cross-domain calls: git subprocess/cache, layout/discovery.	function:6dbb04979a37e5467e2b3fd52d0616fb				no direct reverse call/type reference; inspect bodies
internal/worktrees/retire.go	retireResumeRemoved	retireResumeRemoved	function		false	533	629	retirement/recovery/GC	internal/worktreeretire	filesystem,git,global,process	filesystem,git,global,network,process	retireRemoteSHA(2); git(2); retireReportPath; readRetireReport; retireValidateRemovedClaim; PlanRetiredArchivePreflight; acquireCleanupTaskAtOrCreate; repositoryRegistrationLock::release	17		0	0	partial	75.4	52	69	high	Recoverable snapshots and durable receipts precede destructive local/remote cleanup. Cross-domain calls: claims/locks/worklogs, git subprocess/cache, layout/discovery, shared orchestration.	function:6051b843462589c0d32ca4283b3b51fc	internal/worktrees(2)			needs facade or injected port
internal/worktrees/retire.go	retireValidateRemovedClaim	retireValidateRemovedClaim	function		false	631	652	retirement/recovery/GC	internal/worktreeretire	none detected	filesystem	openWorkLogRun; readWorkLogClaimAt; readWorkLogTerminalAt	3		0	0	partial	87.5	14	16	medium	Recoverable snapshots and durable receipts precede destructive local/remote cleanup. Cross-domain calls: claims/locks/worklogs.	function:1787b2e779341e1eca04ffc6686263a2				no direct reverse call/type reference; inspect bodies
internal/worktrees/retire.go	retireCheckPR	retireCheckPR	function		false	654	663	retirement/recovery/GC	internal/worktreeretire	none detected	none detected		0		0	0	covered	100.0	6	6	low	Recoverable snapshots and durable receipts precede destructive local/remote cleanup.	function:887903b5229b4983cdc15fc3f26a9019		internal/worktreelayout(1)		no direct reverse call/type reference; inspect bodies
internal/worktrees/retire.go	retireOpenPullRequests	retireOpenPullRequests	function		false	665	686	retirement/recovery/GC	internal/worktreeretire	global,network	global,network	openPullRequestUsingBranchAsBase	1		0	0	covered	100.0	15	15	medium	Recoverable snapshots and durable receipts precede destructive local/remote cleanup. Cross-domain calls: branch reconciliation/cleanup.	function:62b876f20c794fa85842ebc3afaf109f				no direct reverse call/type reference; inspect bodies
internal/worktrees/retire.go	retireRemoteSHA	retireRemoteSHA	function		false	688	701	retirement/recovery/GC	internal/worktreeretire	git,network	git,global,network,process	git; isGitObjectID	2		0	0	covered	100.0	9	9	high	Recoverable snapshots and durable receipts precede destructive local/remote cleanup. Cross-domain calls: branch reconciliation/cleanup, git subprocess/cache.	function:2527a10f2f34796568d5efb7c3cf92aa				no direct reverse call/type reference; inspect bodies
internal/worktrees/retire.go	retireCommitSource	retireCommitSource	function		false	703	768	retirement/recovery/GC	internal/worktreeretire	process	filesystem,global,process	retireLooksLikeSecretPath(2); runSecureRenameGitBytesWithHeldWorktree; retireCheckUntrackedPath	4		0	0	partial	88.1	37	42	medium	Recoverable snapshots and durable receipts precede destructive local/remote cleanup. Cross-domain calls: shared orchestration.	function:9fb21b77fb1ed69c14129563860f785c	internal/worktrees(1)	internal/worktreelayout(1)		needs facade or injected port
internal/worktrees/retire.go	retireCheckUntrackedPath	retireCheckUntrackedPath	function		false	770	787	retirement/recovery/GC	internal/worktreeretire	filesystem,global	filesystem,global	openAbsoluteDirectoryNoFollow	1		0	0	covered	100.0	13	13	medium	Recoverable snapshots and durable receipts precede destructive local/remote cleanup. Cross-domain calls: secure filesystem/storage.	function:1269e30329ab183658977759ffadc213				no direct reverse call/type reference; inspect bodies
internal/worktrees/retire.go	retireLooksLikeSecretPath	retireLooksLikeSecretPath	function		false	790	793	retirement/recovery/GC	internal/worktreeretire	none detected	none detected		0		0	0	covered	100.0	2	2	low	Recoverable snapshots and durable receipts precede destructive local/remote cleanup.	function:e2bbe49428da56b68837cb14efbdb0f7				no direct reverse call/type reference; inspect bodies
internal/worktrees/retire.go	retireArchiveRef	retireArchiveRef	function		false	795	798	retirement/recovery/GC	internal/worktreeretire	none detected	none detected		0		0	0	covered	100.0	2	2	low	Recoverable snapshots and durable receipts precede destructive local/remote cleanup.	function:6feaab77da98214f24d0262e95d623cd				no direct reverse call/type reference; inspect bodies
internal/worktrees/retire.go	retirePreserveMode	retirePreserveMode	function		false	800	805	retirement/recovery/GC	internal/worktreeretire	none detected	none detected		0		0	0	covered	100.0	3	3	low	Recoverable snapshots and durable receipts precede destructive local/remote cleanup.	function:72a2a03053117bfe8974374210350c1c				no direct reverse call/type reference; inspect bodies
internal/worktrees/retire.go	retireSourceRef	retireSourceRef	function		false	807	812	retirement/recovery/GC	internal/worktreeretire	none detected	none detected	retirePreserveMode	1		0	0	covered	100.0	3	3	low	Recoverable snapshots and durable receipts precede destructive local/remote cleanup.	function:695953148347a762087149158f9574bd				no direct reverse call/type reference; inspect bodies
internal/worktrees/retire.go	retireReportPath	retireReportPath	function		false	814	817	retirement/recovery/GC	internal/worktreeretire	none detected	none detected		0		0	0	covered	100.0	2	2	low	Recoverable snapshots and durable receipts precede destructive local/remote cleanup.	function:8fb8cb39eec334794efca6a42d7d94c2				no direct reverse call/type reference; inspect bodies
internal/worktrees/retire.go	readRetireReport	readRetireReport	function		false	819	873	retirement/recovery/GC	internal/worktreeretire	filesystem,global	filesystem,global	isGitObjectID(3); retireArchiveRef; retiredBranchDestination; openAbsoluteDirectoryNoFollow	6		0	0	partial	95.1	39	41	high	Recoverable snapshots and durable receipts precede destructive local/remote cleanup. Cross-domain calls: branch reconciliation/cleanup, secure filesystem/storage.	function:9dc3225b94d71ba95c930a1adc2ab3cd				no direct reverse call/type reference; inspect bodies
internal/worktrees/retire.go	writeRetireReport	writeRetireReport	function		false	875	877	retirement/recovery/GC	internal/worktreeretire	none detected	filesystem	writeRetireReportInjected	1		0	0	covered	100.0	1	1	low	Recoverable snapshots and durable receipts precede destructive local/remote cleanup.	function:74be791a784875cb96229118deb95c98				no direct reverse call/type reference; inspect bodies
internal/worktrees/retire.go	writeRetireReportInjected	writeRetireReportInjected	function		false	885	915	retirement/recovery/GC	internal/worktreeretire	filesystem	filesystem		0		0	0	covered	100.0	23	23	low	Recoverable snapshots and durable receipts precede destructive local/remote cleanup.	function:b1b87be9549e3c4766917a7ee3990782				no direct reverse call/type reference; inspect bodies
internal/worktrees/retire.go	retirePublishSource	retirePublishSource	function		false	917	942	retirement/recovery/GC	internal/worktreeretire	network,process	filesystem,git,network,process	retireRemoteSHA(2); retireSourceRef; runSecureCleanupGitHelper; openCanonicalRepository	5		0	0	partial	94.4	17	18	medium	Recoverable snapshots and durable receipts precede destructive local/remote cleanup. Cross-domain calls: shared orchestration.	function:19fa53190adb733bd55d2ae0a59f3348	internal/worktrees(2)			needs facade or injected port
internal/worktrees/retire.go	retireVerifyReceipts	retireVerifyReceipts	function		false	944	954	retirement/recovery/GC	internal/worktreeretire	none detected	git,network	retireRemoteSHA(2); retireSourceRef	3		0	0	covered	100.0	7	7	low	Recoverable snapshots and durable receipts precede destructive local/remote cleanup.	function:2a10aefbbd4a6ab764cacf0cbef00cec				no direct reverse call/type reference; inspect bodies
internal/worktrees/retire.go	retireDeletionProofRef	retireDeletionProofRef	function		false	956	958	retirement/recovery/GC	internal/worktreeretire	none detected	none detected		0		0	0	covered	100.0	1	1	low	Recoverable snapshots and durable receipts precede destructive local/remote cleanup.	function:d45ba95c19aed2ae51dfcab9dce9f7ef				no direct reverse call/type reference; inspect bodies
internal/worktrees/retire.go	retireDeleteOriginal	retireDeleteOriginal	function		false	960	1008	retirement/recovery/GC	internal/worktreeretire	network,process	filesystem,git,network,process	retireRemoteSHA(4); retireDeletionProofRef; runSecureCleanupGitHelper; openCanonicalRepository	7		0	0	covered	100.0	30	30	medium	Recoverable snapshots and durable receipts precede destructive local/remote cleanup. Cross-domain calls: shared orchestration.	function:a7e7b26a15dcb26409c30dcea457071c	internal/worktrees(2)			needs facade or injected port
internal/worktrees/retire.go	retireRemoveLocal	retireRemoveLocal	function		false	1010	1046	retirement/recovery/GC	internal/worktreeretire	git,process	filesystem,git,global,network,process	runSecureCleanupGitHelper(2); openCleanupWorktree; cleanupWorktreeHandle::removeEmptyParent; openCanonicalRepository; git; cleanWorktree	7		0	0	partial	72.0	18	25	high	Recoverable snapshots and durable receipts precede destructive local/remote cleanup. Cross-domain calls: git subprocess/cache, layout/discovery, shared orchestration.	function:75549c44a358125e207cf411cb7fc32e	internal/worktrees(3)	internal/worktreelayout(2)		needs facade or injected port
internal/worktrees/retire.go	retireCaptureFile	retireCaptureFile	function		false	1050	1052	secure filesystem/storage	internal/worktreesecure	none detected	filesystem	retireCaptureFileInjected	1		0	0	covered	100.0	1	1	low	No-follow descriptor identity and fail-closed path containment guard mutations.	function:036cde297fdbdfade1793c7bc1cc6cd5				no direct reverse call/type reference; inspect bodies
internal/worktrees/retire.go	retireCaptureFileInjected	retireCaptureFileInjected	function		false	1062	1098	secure filesystem/storage	internal/worktreesecure	filesystem	filesystem,global	openAbsoluteDirectoryNoFollow	1		0	0	partial	93.1	27	29	low	No-follow descriptor identity and fail-closed path containment guard mutations.	function:c46ad2956192da402ffbc60f6b486bf6				no direct reverse call/type reference; inspect bodies
internal/worktrees/retire.go	retireCaptureTree	retireCaptureTree	function		false	1100	1133	secure filesystem/storage	internal/worktreesecure	filesystem	filesystem,global	retireCaptureFile; openAbsoluteDirectoryNoFollow	2		0	0	covered	100.0	23	23	low	No-follow descriptor identity and fail-closed path containment guard mutations.	function:09b31b0c77030c314cef48acb95b753e				no direct reverse call/type reference; inspect bodies
internal/worktrees/retire.go	retireArchiveManifest	retireArchiveManifest	struct		false	1135	1144	retirement/recovery/GC	internal/worktreeretire	none detected	none detected		0		0	0	n/a		0	0	low	Recoverable snapshots and durable receipts precede destructive local/remote cleanup.	struct:ffed4ba082269bccaa7dc6630deb8e5d				no direct reverse call/type reference; inspect bodies
internal/worktrees/retire.go	retirePublishArchive	retirePublishArchive	function		false	1146	1262	retirement/recovery/GC	internal/worktreeretire	filesystem,git,network	filesystem,git,global,network,process	git(7); retireCaptureTree(3); retireCaptureFile(2); retireRemoteSHA(2); retireVerifyArchive(2); retireReadClaim; finalizeReportFileName; retireArchiveIncludesRunPath	21		0	0	partial	69.8	60	86	high	Recoverable snapshots and durable receipts precede destructive local/remote cleanup. Cross-domain calls: claims/locks/worklogs, git subprocess/cache, secure filesystem/storage.	function:f25b0504f8aa7a5b9b1c854889a3210b				no direct reverse call/type reference; inspect bodies
internal/worktrees/retire.go	retireArchiveIncludesRunPath	retireArchiveIncludesRunPath	function		false	1264	1282	retirement/recovery/GC	internal/worktreeretire	none detected	none detected		0		0	0	covered	100.0	12	12	low	Recoverable snapshots and durable receipts precede destructive local/remote cleanup.	function:4def3f7dd7097c21ea68b838e76fd741				no direct reverse call/type reference; inspect bodies
internal/worktrees/retire.go	retireVerifyArchive	retireVerifyArchive	function		false	1284	1336	retirement/recovery/GC	internal/worktreeretire	git,global,network	git,global,network,process	git(4); retireGitBytes; validateRetireArchiveManifest; validateRetireArchiveTree; retireGitObjectSHA	8		0	0	partial	81.1	30	37	high	Recoverable snapshots and durable receipts precede destructive local/remote cleanup. Cross-domain calls: git subprocess/cache, secure filesystem/storage.	function:3ae839465fd984fbf6bf3cb1291ee389				no direct reverse call/type reference; inspect bodies
internal/worktrees/retire.go	validateRetireArchiveManifest	validateRetireArchiveManifest	function		false	1338	1351	retirement/recovery/GC	internal/worktreeretire	none detected	none detected	retireArchiveManifestPreserve(2)	2		0	0	covered	100.0	9	9	low	Recoverable snapshots and durable receipts precede destructive local/remote cleanup.	function:addf34562d82c80af4ae1c138dd1723c				no direct reverse call/type reference; inspect bodies
internal/worktrees/retire.go	validateRetireArchiveTree	validateRetireArchiveTree	function		false	1353	1363	secure filesystem/storage	internal/worktreesecure	none detected	none detected		0		0	0	covered	100.0	6	6	low	No-follow descriptor identity and fail-closed path containment guard mutations.	function:15a07bd9be8e1255916513ee93f4438d				no direct reverse call/type reference; inspect bodies
internal/worktrees/retire.go	retireArchiveManifestPreserve	retireArchiveManifestPreserve	function		false	1365	1370	retirement/recovery/GC	internal/worktreeretire	none detected	none detected		0		0	0	covered	100.0	3	3	low	Recoverable snapshots and durable receipts precede destructive local/remote cleanup.	function:4024baf26e2cd5e3e5405ad62818b777				no direct reverse call/type reference; inspect bodies
internal/worktrees/retire.go	retireGitObjectSHA	retireGitObjectSHA	function		false	1372	1391	retirement/recovery/GC	internal/worktreeretire	process	process		0		0	0	partial	85.7	12	14	low	Recoverable snapshots and durable receipts precede destructive local/remote cleanup.	function:e1b0bd071dd6c7ebf8d8247cab18dcb0				no direct reverse call/type reference; inspect bodies
internal/worktrees/retire.go	retireGitBytes	retireGitBytes	function		false	1393	1400	retirement/recovery/GC	internal/worktreeretire	process	process		0		0	0	covered	100.0	5	5	low	Recoverable snapshots and durable receipts precede destructive local/remote cleanup.	function:84dc0b0078bfbc444b778bcc4ea4c56a				no direct reverse call/type reference; inspect bodies
internal/worktrees/retired_archive.go	RetiredArchiveTarget	RetiredArchiveTarget	struct		true	21	24	retirement/recovery/GC	internal/worktreeretire	none detected	none detected		0		0	0	n/a		0	0	low	Recoverable snapshots and durable receipts precede destructive local/remote cleanup.	struct:bf42c9bbc7d0db78ec1905381a0b73b5				no direct reverse call/type reference; inspect bodies
internal/worktrees/retired_archive.go	ResolveRetiredArchiveTarget	ResolveRetiredArchiveTarget	function		true	29	51	retirement/recovery/GC	internal/worktreeretire	none detected	env,filesystem,global	validateRetiredArchiveRepositoryName; validSafeSegment; configuredUserWorktreesConfig	3		0	0	partial	86.7	13	15	medium	Recoverable snapshots and durable receipts precede destructive local/remote cleanup. Cross-domain calls: layout/discovery.	function:7d3cca4d92fdfad66bb522bc6bf37e9a				no direct reverse call/type reference; inspect bodies
internal/worktrees/retired_archive.go	validateRetiredArchiveRepositoryName	validateRetiredArchiveRepositoryName	function		false	53	58	layout/discovery	internal/worktreepolicy	none detected	none detected	validRepositorySegment	1		0	0	covered	100.0	3	3	low	Canonical paths, no-follow walk, placement policy, and owner coordinates must agree.	function:99b04b90bf55e8e74960e034946facdf				no direct reverse call/type reference; inspect bodies
internal/worktrees/retired_archive.go	RetiredArchiveInspection	RetiredArchiveInspection	struct		true	63	67	retirement/recovery/GC	internal/worktreeretire	none detected	none detected		0		0	0	n/a		0	0	low	Recoverable snapshots and durable receipts precede destructive local/remote cleanup.	struct:371782849fef459cb42a6977738ad760				no direct reverse call/type reference; inspect bodies
internal/worktrees/retired_archive.go	RetiredArchiveInspector	RetiredArchiveInspector	type		true	69	69	retirement/recovery/GC	internal/worktreeretire	none detected	none detected		0		0	0	n/a		0	0	low	Recoverable snapshots and durable receipts precede destructive local/remote cleanup.	type_alias:8639d7680e6ea1a34a1c5f237c78ca7b				no direct reverse call/type reference; inspect bodies
internal/worktrees/retired_archive.go	RetiredArchivePlan	RetiredArchivePlan	struct		true	73	83	retirement/recovery/GC	internal/worktreeretire	none detected	none detected		0		0	0	n/a		0	0	low	Recoverable snapshots and durable receipts precede destructive local/remote cleanup.	struct:ed3a83b9cefcd3a61d9edfae4cad60dc				no direct reverse call/type reference; inspect bodies
internal/worktrees/retired_archive.go	PlanRetiredArchivePreflight	PlanRetiredArchivePreflight	function		true	89	137	retirement/recovery/GC	internal/worktreeretire	network	global,network	ResolveRetiredArchiveTarget; inspectRetiredArchiveRepository; retiredArchiveMissing; validSafeSegment; validRepositorySegment	5	cmd/wb/branch_archive_target.go [calls]	1	1	partial	96.7	29	30	medium	Recoverable snapshots and durable receipts precede destructive local/remote cleanup. Cross-domain calls: layout/discovery.	function:58548366b8f07f529cd9ffe68bb041ee				no direct reverse call/type reference; inspect bodies
internal/worktrees/retired_archive.go	retiredArchiveMissing	retiredArchiveMissing	function		false	139	142	retirement/recovery/GC	internal/worktreeretire	none detected	none detected		0		0	0	covered	100.0	2	2	low	Recoverable snapshots and durable receipts precede destructive local/remote cleanup.	function:2d673ec4b05c6180d5dade06be1c8570				no direct reverse call/type reference; inspect bodies
internal/worktrees/retired_archive.go	inspectRetiredArchiveRepository	inspectRetiredArchiveRepository	function		false	144	157	retirement/recovery/GC	internal/worktreeretire	global	global		0		0	0	covered	100.0	9	9	low	Recoverable snapshots and durable receipts precede destructive local/remote cleanup.	function:4d4c8f5ce31981187fdf20409e39af2b				no direct reverse call/type reference; inspect bodies
internal/worktrees/retired_prepare_candidate_ack.go	retiredPrepareCandidateReceipt	retiredPrepareCandidateReceipt	struct		false	19	33	landing/merge receipts	internal/worktreelanding	none detected	none detected		0		0	0	n/a		0	0	low	Receipt identity, target SHA, source SHA, and PR evidence must be corroborated.	struct:1d51e0793fa74b2f6a68da73dd4289ff		internal/worktreeproof(1)		no direct reverse call/type reference; inspect bodies
internal/worktrees/retired_prepare_candidate_ack.go	identity	retiredPrepareCandidateReceipt::identity	method	retiredPrepareCandidateReceipt	false	35	44	landing/merge receipts	internal/worktreelanding	none detected	none detected		0		0	0	covered	100.0	3	3	low	Receipt identity, target SHA, source SHA, and PR evidence must be corroborated.	method:d400a5a58d3050ad0188f00677205aa3				no direct reverse call/type reference; inspect bodies
internal/worktrees/retired_prepare_candidate_ack.go	validLegacyEmptyCandidate	retiredPrepareCandidateReceipt::validLegacyEmptyCandidate	method	retiredPrepareCandidateReceipt	false	46	54	landing/merge receipts	internal/worktreelanding	none detected	none detected		0		0	0	covered	100.0	3	3	low	Receipt identity, target SHA, source SHA, and PR evidence must be corroborated.	method:593514519aef974d0c4421eb80366b5f				no direct reverse call/type reference; inspect bodies
internal/worktrees/retired_prepare_candidate_ack.go	retiredPrepareCandidateCleanupProof	retiredPrepareCandidateCleanupProof	struct		false	56	58	landing/merge receipts	internal/worktreelanding	none detected	none detected		0		0	0	n/a		0	0	low	Receipt identity, target SHA, source SHA, and PR evidence must be corroborated.	struct:4273f0c4c3c88056590161c8e467a5f2				no direct reverse call/type reference; inspect bodies
internal/worktrees/retired_prepare_candidate_ack.go	findRetiredPrepareCandidateAcknowledgement	findRetiredPrepareCandidateAcknowledgement	function		false	65	120	landing/merge receipts	internal/worktreelanding	filesystem,git,global	filesystem,git,global,network,process	isAncestor(2); retiredPrepareCandidateReceipt::validLegacyEmptyCandidate; absorbedConflictReceipt::identity; remoteBranchHead; git	6		0	0	partial	80.6	29	36	high	Receipt identity, target SHA, source SHA, and PR evidence must be corroborated. Cross-domain calls: branch reconciliation/cleanup, git subprocess/cache.	function:1eddcc2495498cfca0ada283c411f78b				no direct reverse call/type reference; inspect bodies
internal/worktrees/retired_prepare_candidate_ack.go	hasRetiredPrepareCandidateAcknowledgement	hasRetiredPrepareCandidateAcknowledgement	function		false	126	157	landing/merge receipts	internal/worktreelanding	filesystem,global	filesystem,global	retiredPrepareCandidateReceipt::validLegacyEmptyCandidate; absorbedConflictReceipt::identity	2		0	0	partial	86.4	19	22	medium	Receipt identity, target SHA, source SHA, and PR evidence must be corroborated. Cross-domain calls: branch reconciliation/cleanup.	function:a76d3425d68693631f3cd9d185746dc9				no direct reverse call/type reference; inspect bodies
internal/worktrees/retired_prepare_candidate_ack.go	candidateBranchHead	candidateBranchHead	function		false	159	165	landing/merge receipts	internal/worktreelanding	git	git,global,process	git	1		0	0	partial	75.0	3	4	medium	Receipt identity, target SHA, source SHA, and PR evidence must be corroborated. Cross-domain calls: git subprocess/cache.	function:b3b42f311b9e6f9f96f969a426b2b3c8				no direct reverse call/type reference; inspect bodies
internal/worktrees/secure_helper_descriptors.go	closeIncompleteInheritedFiles	closeIncompleteInheritedFiles	function		false	7	19	secure filesystem/storage	internal/worktreesecure	none detected	none detected		0		0	0	covered	100.0	7	7	low	No-follow descriptor identity and fail-closed path containment guard mutations.	function:4345be131447fb1a22dc1c6392e05597				no direct reverse call/type reference; inspect bodies
internal/worktrees/session_checkpoint.go	SessionHandover	SessionHandover	struct		true	25	30	sessions/custody/transport	internal/worktreesessions	none detected	none detected		0	cmd/wb/session_move.go [instantiates]	1	1	n/a		0	0	medium	Source/target claims, prompts, custody lineage, and delivery receipts must remain paired.	struct:02c16840f3ced68dfc7052ccf286ac39				no direct reverse call/type reference; inspect bodies
internal/worktrees/session_checkpoint.go	SessionCheckpointOptions	SessionCheckpointOptions	struct		true	35	51	sessions/custody/transport	internal/worktreesessions	none detected	none detected		0	cmd/wb/session_move.go [instantiates]	1	1	n/a		0	0	medium	Source/target claims, prompts, custody lineage, and delivery receipts must remain paired.	struct:4c592dcccaea6eee2a55561c7bd7183c				no direct reverse call/type reference; inspect bodies
internal/worktrees/session_checkpoint.go	SessionCheckpointResult	SessionCheckpointResult	struct		true	55	61	sessions/custody/transport	internal/worktreesessions	none detected	none detected		0		0	0	n/a		0	0	low	Source/target claims, prompts, custody lineage, and delivery receipts must remain paired.	struct:48ceff75251e85d30a1514b3097c6a4b		internal/worktreeclaims(1)		no direct reverse call/type reference; inspect bodies
internal/worktrees/session_checkpoint.go	sessionCheckpointPreflight	sessionCheckpointPreflight	struct		false	63	74	sessions/custody/transport	internal/worktreesessions	none detected	none detected		0		0	0	n/a		0	0	low	Source/target claims, prompts, custody lineage, and delivery receipts must remain paired.	struct:f9ddf58b589cf603bf959edc963a298d		internal/worktrees(1); internal/worktreelayout(1)	internal/worktrees(1)	needs facade or injected port
internal/worktrees/session_checkpoint.go	close	sessionCheckpointPreflight::close	method	sessionCheckpointPreflight	false	76	86	sessions/custody/transport	internal/worktreesessions	none detected	none detected		0		0	0	partial	83.3	5	6	low	Source/target claims, prompts, custody lineage, and delivery receipts must remain paired.	method:cd165088ac92779ce585812ec7ca9d46				no direct reverse call/type reference; inspect bodies
internal/worktrees/session_checkpoint.go	CreateSessionCheckpoint	CreateSessionCheckpoint	function		true	93	256	sessions/custody/transport	internal/worktreesessions	global	filesystem,git,global,network,process	verifySessionCheckpointRemotesUnchanged(2); validateSessionHandover; validateSourceSession; preflightSessionCheckpoint; renderSessionHandover; normalizedHandoverSummary; normalizedRemainingWork; sourceNativeHarnessID	13		0	0	partial	75.3	73	97	medium	Source/target claims, prompts, custody lineage, and delivery receipts must remain paired.	function:3e0cc50a307493813cae787ddd1fb5d0				no direct reverse call/type reference; inspect bodies
internal/worktrees/session_checkpoint.go	validateSessionHandover	validateSessionHandover	function		false	258	264	sessions/custody/transport	internal/worktreesessions	none detected	none detected		0		0	0	covered	100.0	3	3	low	Source/target claims, prompts, custody lineage, and delivery receipts must remain paired.	function:fc53a4eb5d88e1452c8f87e16dd8a84c				no direct reverse call/type reference; inspect bodies
internal/worktrees/session_checkpoint.go	validateSourceSession	validateSourceSession	function		false	266	274	sessions/custody/transport	internal/worktreesessions	none detected	none detected		0		0	0	covered	100.0	5	5	low	Source/target claims, prompts, custody lineage, and delivery receipts must remain paired.	function:2147afbcee420f951a7a0611522c0f5d				no direct reverse call/type reference; inspect bodies
internal/worktrees/session_checkpoint.go	preflightSessionCheckpoint	preflightSessionCheckpoint	function		false	276	389	sessions/custody/transport	internal/worktreesessions	git,network	filesystem,git,global,network,process	git(3); readCanonicalOriginRemote(2); RepositoryRootFor; inspectSessionMoveWorkLog; runSessionPushGit; verifySessionCheckpointUnchanged; openAdoptedCleanupWorktree; isGitObjectID	13		0	0	partial	82.4	61	74	high	Source/target claims, prompts, custody lineage, and delivery receipts must remain paired. Cross-domain calls: branch reconciliation/cleanup, claims/locks/worklogs, git subprocess/cache, retirement/recovery/GC, shared orchestration.	function:8f576bcf30d051dc33000b0b70b9d9d0	internal/worktrees(2); internal/worktreeretire(1)			needs facade or injected port
internal/worktrees/session_checkpoint.go	inspectSessionMoveWorkLog	inspectSessionMoveWorkLog	function		false	391	434	sessions/custody/transport	internal/worktreesessions	global	filesystem,git,global	ownerViews; readWorkLogProjection; corroborateProjectionWithPrivateClaim; openWorkLogRun; readWorkLogClaimAt	5		0	0	partial	78.1	25	32	medium	Source/target claims, prompts, custody lineage, and delivery receipts must remain paired. Cross-domain calls: claims/locks/worklogs.	function:dab9aad566a73feb63b57787c23b56c2		internal/worktreeclaims(1)		no direct reverse call/type reference; inspect bodies
internal/worktrees/session_checkpoint.go	ParkedSessionWorkLogReference	ParkedSessionWorkLogReference	function		true	439	442	sessions/custody/transport	internal/worktreesessions	none detected	git,global	inspectSessionMoveWorkLog	1		0	0	covered	100.0	2	2	low	Source/target claims, prompts, custody lineage, and delivery receipts must remain paired.	function:4a9c2420b1cf05d7b92629c153594c3b				no direct reverse call/type reference; inspect bodies
internal/worktrees/session_checkpoint.go	ParkedSessionWorkLogSnapshot	ParkedSessionWorkLogSnapshot	function		true	448	471	sessions/custody/transport	internal/worktreesessions	none detected	filesystem,git,global	inspectSessionMoveWorkLog; readLocalEvents	2		0	0	partial	68.8	11	16	medium	Source/target claims, prompts, custody lineage, and delivery receipts must remain paired. Cross-domain calls: claims/locks/worklogs.	function:b381fdd6ff4427a52e546ee94863bba7				no direct reverse call/type reference; inspect bodies
internal/worktrees/session_checkpoint.go	verifySessionCheckpointUnchanged	verifySessionCheckpointUnchanged	function		false	473	493	sessions/custody/transport	internal/worktreesessions	git	filesystem,git,global,process	git(3); cleanupTaskHandle::validate(2); verifySessionCheckpointRemotesUnchanged	6		0	0	partial	64.3	9	14	medium	Source/target claims, prompts, custody lineage, and delivery receipts must remain paired. Cross-domain calls: git subprocess/cache, layout/discovery.	function:5d544a32aa55d9ddd8ab4239e7dfc3be				no direct reverse call/type reference; inspect bodies
internal/worktrees/session_checkpoint.go	verifySessionCheckpointRemotesUnchanged	verifySessionCheckpointRemotesUnchanged	function		false	495	505	sessions/custody/transport	internal/worktreesessions	none detected	none detected	readCanonicalOriginRemote(2)	2		0	0	partial	85.7	6	7	low	Source/target claims, prompts, custody lineage, and delivery receipts must remain paired.	function:9a95aed3480e954763944d5619b16135				no direct reverse call/type reference; inspect bodies
internal/worktrees/session_checkpoint.go	readCanonicalOriginRemote	readCanonicalOriginRemote	function		false	507	525	sessions/custody/transport	internal/worktreesessions	none detected	global,process	gitCanonicalBytes	1		0	0	partial	92.3	12	13	medium	Source/target claims, prompts, custody lineage, and delivery receipts must remain paired. Cross-domain calls: git subprocess/cache.	function:bab3ec941e744b13e615ffe0937f6b0f		internal/worktrees(1)	internal/worktrees(1)	needs facade or injected port
internal/worktrees/session_checkpoint.go	runSessionCanonicalGit	runSessionCanonicalGit	function		false	527	530	sessions/custody/transport	internal/worktreesessions	process	filesystem,git,network,process	runSecureCleanupGitHelper	1		0	0	covered	100.0	1	1	medium	Source/target claims, prompts, custody lineage, and delivery receipts must remain paired. Cross-domain calls: shared orchestration.	function:c2a15aa9658c00b0db2c66842ba1f749	internal/worktrees(1)			needs facade or injected port
internal/worktrees/session_checkpoint.go	runSessionPushGit	runSessionPushGit	function		false	532	540	sessions/custody/transport	internal/worktreesessions	network	network,process	runSessionCanonicalGit	1		0	0	covered	100.0	5	5	low	Source/target claims, prompts, custody lineage, and delivery receipts must remain paired.	function:db75d6874e86be3fa2c74af9bf6cc3a6				no direct reverse call/type reference; inspect bodies
internal/worktrees/session_checkpoint.go	sessionRemoteBranchTip	sessionRemoteBranchTip	function		false	542	555	sessions/custody/transport	internal/worktreesessions	git,network	git,network	gitCanonical; isGitObjectID	2		0	0	covered	100.0	9	9	high	Source/target claims, prompts, custody lineage, and delivery receipts must remain paired. Cross-domain calls: branch reconciliation/cleanup, git subprocess/cache.	function:979ea67d31b0e9b1225846f15837ad5a				no direct reverse call/type reference; inspect bodies
internal/worktrees/session_checkpoint.go	renderSessionHandover	renderSessionHandover	function		false	557	584	sessions/custody/transport	internal/worktreesessions	global	global	writeHandoverSection(4); sourceNativeHarnessID	5		0	0	covered	100.0	20	20	low	Source/target claims, prompts, custody lineage, and delivery receipts must remain paired.	function:dfadb4009bddeb202fc601573f1358e1				no direct reverse call/type reference; inspect bodies
internal/worktrees/session_checkpoint.go	writeHandoverSection	writeHandoverSection	function		false	586	597	sessions/custody/transport	internal/worktreesessions	none detected	none detected		0		0	0	covered	100.0	9	9	low	Source/target claims, prompts, custody lineage, and delivery receipts must remain paired.	function:523ea3f03ca00046fe51360d855b513b				no direct reverse call/type reference; inspect bodies
internal/worktrees/session_checkpoint.go	normalizedHandoverSummary	normalizedHandoverSummary	function		false	599	610	sessions/custody/transport	internal/worktreesessions	none detected	none detected		0		0	0	covered	100.0	7	7	low	Source/target claims, prompts, custody lineage, and delivery receipts must remain paired.	function:cc182495b434abb54e3b8dd4474d799f				no direct reverse call/type reference; inspect bodies
internal/worktrees/session_checkpoint.go	normalizedRemainingWork	normalizedRemainingWork	function		false	612	617	sessions/custody/transport	internal/worktreesessions	none detected	none detected		0		0	0	covered	100.0	3	3	low	Source/target claims, prompts, custody lineage, and delivery receipts must remain paired.	function:c25bc8b3bf763293395287562e942e85				no direct reverse call/type reference; inspect bodies
internal/worktrees/session_checkpoint.go	sourceNativeHarnessID	sourceNativeHarnessID	function		false	619	624	sessions/custody/transport	internal/worktreesessions	none detected	none detected		0		0	0	partial	66.7	2	3	low	Source/target claims, prompts, custody lineage, and delivery receipts must remain paired.	function:19ede2060120c4f26ceeec81c4530413				no direct reverse call/type reference; inspect bodies
internal/worktrees/session_custody.go	workLogExternalHandoffEvidence	workLogExternalHandoffEvidence	struct		false	40	53	sessions/custody/transport	internal/worktreesessions	none detected	none detected		0		0	0	n/a		0	0	low	Source/target claims, prompts, custody lineage, and delivery receipts must remain paired.	struct:df38ac53e8bdb8fd62aac58810ef9c38				no direct reverse call/type reference; inspect bodies
internal/worktrees/session_custody.go	sameExternalHandoffEvidence	sameExternalHandoffEvidence	function		false	55	60	sessions/custody/transport	internal/worktreesessions	none detected	none detected		0		0	0	covered	100.0	3	3	low	Source/target claims, prompts, custody lineage, and delivery receipts must remain paired.	function:2e9db1e276c3c37541a79761877f2bb8				no direct reverse call/type reference; inspect bodies
internal/worktrees/session_custody.go	ExternalSessionWorkLogPrepareOptions	ExternalSessionWorkLogPrepareOptions	struct		true	64	77	sessions/custody/transport	internal/worktreesessions	none detected	none detected		0	internal/sessionreceive/receive.go [instantiates]	1	1	n/a		0	0	medium	Source/target claims, prompts, custody lineage, and delivery receipts must remain paired.	struct:059d036d26a983789ed74e824fab06f7				no direct reverse call/type reference; inspect bodies
internal/worktrees/session_custody.go	externalSessionWorkLogHooks	externalSessionWorkLogHooks	struct		false	79	85	sessions/custody/transport	internal/worktreesessions	none detected	none detected		0		0	0	n/a		0	0	low	Source/target claims, prompts, custody lineage, and delivery receipts must remain paired.	struct:33be8d46e6c71730476d8918d3f2d014				no direct reverse call/type reference; inspect bodies
internal/worktrees/session_custody.go	ExternalSessionWorkLogPrepareResult	ExternalSessionWorkLogPrepareResult	struct		true	89	95	sessions/custody/transport	internal/worktreesessions	none detected	none detected		0		0	0	n/a		0	0	low	Source/target claims, prompts, custody lineage, and delivery receipts must remain paired.	struct:00e0f1d996c8c4ac7359ab75b3cfc95a		internal/worktreeclaims(1)		no direct reverse call/type reference; inspect bodies
internal/worktrees/session_custody.go	externalTargetPreparation	externalTargetPreparation	struct		false	97	105	sessions/custody/transport	internal/worktreesessions	none detected	none detected		0		0	0	n/a		0	0	low	Source/target claims, prompts, custody lineage, and delivery receipts must remain paired.	struct:39ea10809f7914e62946a5e1fd7e7fab		internal/worktreeclaims(3)		no direct reverse call/type reference; inspect bodies
internal/worktrees/session_custody.go	PrepareExternalSessionWorkLog	PrepareExternalSessionWorkLog	function		true	110	197	sessions/custody/transport	internal/worktreesessions	global	filesystem,git,global,network	appendLocalEventWithoutCustody(2); prepareExternalTarget; openLockedWorkLogRun; publishPreparedTargetClaim; ensureWorkLogRunIndex; ensureExternalManifest; ensureExternalHandoverPrompt; openWorkLogOutbox	14		0	0	partial	79.3	46	58	medium	Source/target claims, prompts, custody lineage, and delivery receipts must remain paired. Cross-domain calls: claims/locks/worklogs, secure filesystem/storage.	function:275c4cae0ba5a6b886fb99c0bf90f6ac				no direct reverse call/type reference; inspect bodies
internal/worktrees/session_custody.go	prepareExternalTarget	prepareExternalTarget	function		false	201	273	sessions/custody/transport	internal/worktreesessions	git,global,network	filesystem,git,global,network,process	git(2); validateExternalTargetSession; validExternalAttempt; requestHandoverBytes; externalHandoffEvidence; preparedTargetManifest; externalTargetReceivedEvent; externalTargetOwnerEvent	9		0	0	covered	100.0	50	50	medium	Source/target claims, prompts, custody lineage, and delivery receipts must remain paired. Cross-domain calls: git subprocess/cache.	function:9d89a0dcb2b1be6f694766ebc002b590				no direct reverse call/type reference; inspect bodies
internal/worktrees/session_custody.go	publishPreparedTargetClaim	publishPreparedTargetClaim	function		false	277	299	sessions/custody/transport	internal/worktreesessions	filesystem,global	filesystem,global	openPrivateChild; readJSONAt; writeJSONImmutableAt	3		0	0	partial	94.1	16	17	medium	Source/target claims, prompts, custody lineage, and delivery receipts must remain paired. Cross-domain calls: secure filesystem/storage.	function:0ff25b6b15deca01f166d92f4dc75da1		internal/worktreeclaims(1)		no direct reverse call/type reference; inspect bodies
internal/worktrees/session_custody.go	preparedTargetManifest	preparedTargetManifest	function		false	301	308	sessions/custody/transport	internal/worktreesessions	none detected	none detected	ParentEffort; EffortKindFor	2		0	0	covered	100.0	1	1	medium	Source/target claims, prompts, custody lineage, and delivery receipts must remain paired. Cross-domain calls: claims/locks/worklogs.	function:874d5735b6c48c571a7e898236eb846d		internal/worktreeclaims(2)		no direct reverse call/type reference; inspect bodies
internal/worktrees/session_custody.go	externalTargetReceivedEvent	externalTargetReceivedEvent	function		false	310	316	sessions/custody/transport	internal/worktreesessions	none detected	global	externalLocalEventID; externalLocalEventExtra	2		0	0	covered	100.0	1	1	low	Source/target claims, prompts, custody lineage, and delivery receipts must remain paired.	function:a35a4ee2dff8d27311ac33cedad14b65		internal/worktreeclaims(1)		no direct reverse call/type reference; inspect bodies
internal/worktrees/session_custody.go	externalTargetOwnerEvent	externalTargetOwnerEvent	function		false	318	331	sessions/custody/transport	internal/worktreesessions	none detected	global	externalReceiptModel; externalLocalEventID	2		0	0	covered	100.0	4	4	low	Source/target claims, prompts, custody lineage, and delivery receipts must remain paired.	function:884a77e37528484cddab7fbe363c9558		internal/worktreeclaims(2)		no direct reverse call/type reference; inspect bodies
internal/worktrees/session_custody.go	ExternalTargetCompletionOptions	ExternalTargetCompletionOptions	struct		true	335	341	sessions/custody/transport	internal/worktreesessions	none detected	none detected		0	internal/sessionreceive/receive.go [instantiates]	1	1	n/a		0	0	medium	Source/target claims, prompts, custody lineage, and delivery receipts must remain paired.	struct:5bbc5c44ee8400b35ea2534eb53af9a9				no direct reverse call/type reference; inspect bodies
internal/worktrees/session_custody.go	RecordExternalTargetCompleted	RecordExternalTargetCompleted	function		true	345	376	sessions/custody/transport	internal/worktreesessions	none detected	git,global,network	validateExternalReceipt; externalLocalEventID; loadExternalTargetClaim; validateExternalAttemptOwner; externalLocalEventExtra; appendLocalEventWithoutCustody	6		0	0	partial	96.8	30	31	medium	Source/target claims, prompts, custody lineage, and delivery receipts must remain paired. Cross-domain calls: claims/locks/worklogs.	function:761f919d96e45a68647ea72f9ab3e9c5		internal/worktreeclaims(1)		no direct reverse call/type reference; inspect bodies
internal/worktrees/session_custody.go	ExternalTargetAttemptFailureOptions	ExternalTargetAttemptFailureOptions	struct		true	381	387	sessions/custody/transport	internal/worktreesessions	none detected	none detected		0	internal/sessionreceive/receive.go [instantiates]	1	1	n/a		0	0	medium	Source/target claims, prompts, custody lineage, and delivery receipts must remain paired.	struct:00703aaa36df67f51b47af5bb8c35bf3				no direct reverse call/type reference; inspect bodies
internal/worktrees/session_custody.go	RecordExternalTargetAttemptFailed	RecordExternalTargetAttemptFailed	function		true	389	393	sessions/custody/transport	internal/worktreesessions	none detected	git,global,network	recordExternalTargetAttemptFailed	1		0	0	covered	100.0	2	2	low	Source/target claims, prompts, custody lineage, and delivery receipts must remain paired.	function:4c49efc59f9d09d5043d9b45efde3c50		internal/worktreeclaims(1)		no direct reverse call/type reference; inspect bodies
internal/worktrees/session_custody.go	recordExternalTargetAttemptFailed	recordExternalTargetAttemptFailed	function		false	395	420	sessions/custody/transport	internal/worktreesessions	none detected	git,global,network	validExternalAttempt; loadExternalTargetClaim; validateExternalAttemptOwner; appendExternalTargetAttemptFailure	4		0	0	covered	100.0	11	11	low	Source/target claims, prompts, custody lineage, and delivery receipts must remain paired.	function:b180525133105defc197940c621ade17		internal/worktreeclaims(1)		no direct reverse call/type reference; inspect bodies
internal/worktrees/session_custody.go	externalAttemptFailureRecord	externalAttemptFailureRecord	struct		false	425	432	sessions/custody/transport	internal/worktreesessions	none detected	none detected		0		0	0	n/a		0	0	low	Source/target claims, prompts, custody lineage, and delivery receipts must remain paired.	struct:0faea8f7d012827aa9429ecb8daaccbb				no direct reverse call/type reference; inspect bodies
internal/worktrees/session_custody.go	appendExternalTargetAttemptFailure	appendExternalTargetAttemptFailure	function		false	434	440	sessions/custody/transport	internal/worktreesessions	none detected	global	externalTargetAttemptFailureEvent; appendLocalEventWithoutCustody	2		0	0	covered	100.0	3	3	medium	Source/target claims, prompts, custody lineage, and delivery receipts must remain paired. Cross-domain calls: claims/locks/worklogs.	function:2f957b64ce1d5baa2f79407ce4288228		internal/worktreeclaims(1)		no direct reverse call/type reference; inspect bodies
internal/worktrees/session_custody.go	externalTargetAttemptFailureEvent	externalTargetAttemptFailureEvent	function		false	442	452	sessions/custody/transport	internal/worktreesessions	none detected	global	externalLocalEventID	1		0	0	covered	100.0	2	2	low	Source/target claims, prompts, custody lineage, and delivery receipts must remain paired.	function:6f3d3c0d72c129ae53f290b8540e3717		internal/worktreeclaims(1)		no direct reverse call/type reference; inspect bodies
internal/worktrees/session_custody.go	ExternalSourceSealOptions	ExternalSourceSealOptions	struct		true	456	466	sessions/custody/transport	internal/worktreesessions	none detected	none detected		0	internal/sessioncustody/acknowledge.go [instantiates]	1	1	n/a		0	0	medium	Source/target claims, prompts, custody lineage, and delivery receipts must remain paired.	struct:8d134ba6e127e9e50178f4bbdc0012e1				no direct reverse call/type reference; inspect bodies
internal/worktrees/session_custody.go	ExternalSourceOfferOptions	ExternalSourceOfferOptions	struct		true	472	481	sessions/custody/transport	internal/worktreesessions	none detected	none detected		0	internal/sessioncustody/acknowledge.go [instantiates]	1	1	n/a		0	0	medium	Source/target claims, prompts, custody lineage, and delivery receipts must remain paired.	struct:893c4f454182f1772b64ed226ff1fbb4				no direct reverse call/type reference; inspect bodies
internal/worktrees/session_custody.go	externalSourceOfferHooks	externalSourceOfferHooks	struct		false	483	486	sessions/custody/transport	internal/worktreesessions	none detected	none detected		0		0	0	n/a		0	0	low	Source/target claims, prompts, custody lineage, and delivery receipts must remain paired.	struct:d2333adefc2943194965fc7ad86613bf				no direct reverse call/type reference; inspect bodies
internal/worktrees/session_custody.go	ExternalSourceOfferResult	ExternalSourceOfferResult	struct		true	490	494	sessions/custody/transport	internal/worktreesessions	none detected	none detected		0		0	0	n/a		0	0	low	Source/target claims, prompts, custody lineage, and delivery receipts must remain paired.	struct:31ac1650c6baa212789b8bca149cbe4b		internal/worktreeclaims(1)		no direct reverse call/type reference; inspect bodies
internal/worktrees/session_custody.go	validateExternalOfferState	validateExternalOfferState	function		false	496	511	sessions/custody/transport	internal/worktreesessions	none detected	none detected		0		0	0	covered	100.0	10	10	low	Source/target claims, prompts, custody lineage, and delivery receipts must remain paired.	function:040c3d04468a572eafe68e73b3ccc110				no direct reverse call/type reference; inspect bodies
internal/worktrees/session_custody.go	EnsureExternalSourceOfferEvidence	EnsureExternalSourceOfferEvidence	function		true	521	638	sessions/custody/transport	internal/worktreesessions	git,global	filesystem,git,global,process	readLocalEvents(2); appendLocalEventWithoutCustody(2); validateExternalOfferState; validateExternalSourceSession; openLockedWorkLogRun; readWorkLogClaimAt; readWorkLogProjection; corroborateClaim	17		0	0	partial	73.1	57	78	medium	Source/target claims, prompts, custody lineage, and delivery receipts must remain paired. Cross-domain calls: claims/locks/worklogs, git subprocess/cache.	function:e296d90f37374bc5e0d995312c031030				no direct reverse call/type reference; inspect bodies
internal/worktrees/session_custody.go	externalSourceSealHooks	externalSourceSealHooks	struct		false	640	644	sessions/custody/transport	internal/worktreesessions	none detected	none detected		0		0	0	n/a		0	0	low	Source/target claims, prompts, custody lineage, and delivery receipts must remain paired.	struct:8b23ae1fb3d2acbee8552b93d193bb54				no direct reverse call/type reference; inspect bodies
internal/worktrees/session_custody.go	ExternalSourceSealResult	ExternalSourceSealResult	struct		true	646	652	sessions/custody/transport	internal/worktreesessions	none detected	none detected		0		0	0	n/a		0	0	low	Source/target claims, prompts, custody lineage, and delivery receipts must remain paired.	struct:cdde81f85bcc7f17964dbbcdc245f7a2		internal/worktreeclaims(1)		no direct reverse call/type reference; inspect bodies
internal/worktrees/session_custody.go	validateExternalSealState	validateExternalSealState	function		false	654	659	sessions/custody/transport	internal/worktreesessions	none detected	none detected		0		0	0	covered	100.0	3	3	low	Source/target claims, prompts, custody lineage, and delivery receipts must remain paired.	function:aabe3f2f8d8ed12c9be25a41a25b62ba				no direct reverse call/type reference; inspect bodies
internal/worktrees/session_custody.go	externalSourceOwnerEvent	externalSourceOwnerEvent	function		false	661	672	sessions/custody/transport	internal/worktreesessions	none detected	global	externalLocalEventID; externalSourceOwnerExtra	2		0	0	covered	100.0	4	4	low	Source/target claims, prompts, custody lineage, and delivery receipts must remain paired.	function:a07f30e8cb8b6c13b0d85ad0dace975f		internal/worktreeclaims(2)		no direct reverse call/type reference; inspect bodies
internal/worktrees/session_custody.go	terminalTargetProjection	terminalTargetProjection	function		false	674	676	sessions/custody/transport	internal/worktreesessions	none detected	none detected		0		0	0	covered	100.0	1	1	low	Source/target claims, prompts, custody lineage, and delivery receipts must remain paired.	function:f57e14c3732e2d42cdce557bc02e8201		internal/worktreeclaims(2)		no direct reverse call/type reference; inspect bodies
internal/worktrees/session_custody.go	externalSourceCompletionEvent	externalSourceCompletionEvent	function		false	678	684	sessions/custody/transport	internal/worktreesessions	none detected	global	externalLocalEventID; externalLocalEventExtra	2		0	0	covered	100.0	1	1	low	Source/target claims, prompts, custody lineage, and delivery receipts must remain paired.	function:281e00c6343018693acb912421044202		internal/worktreeclaims(1)		no direct reverse call/type reference; inspect bodies
internal/worktrees/session_custody.go	SealExternalSessionWorkLog	SealExternalSessionWorkLog	function		true	689	803	sessions/custody/transport	internal/worktreesessions	git,global	filesystem,git,global,process	validateExternalReceipt; validateExternalSealState; validateExternalSourceSession; openLockedWorkLogRun; readWorkLogClaimAt; readWorkLogProjection; validateExternalSourceOffer; externalHandoffEvidence	17		0	0	partial	77.2	61	79	medium	Source/target claims, prompts, custody lineage, and delivery receipts must remain paired. Cross-domain calls: claims/locks/worklogs, git subprocess/cache.	function:f81f4325bafb3b9659d78df3419a1b16				no direct reverse call/type reference; inspect bodies
internal/worktrees/session_custody.go	validateExternalSourceOffer	validateExternalSourceOffer	function		false	805	822	sessions/custody/transport	internal/worktreesessions	none detected	filesystem,global	readLocalEvents; requestHandoverBytes; findExternalSourceOffer	3		0	0	covered	100.0	12	12	medium	Source/target claims, prompts, custody lineage, and delivery receipts must remain paired. Cross-domain calls: claims/locks/worklogs.	function:bfbbdf6d4edfcb75fe9c0d20d0a01850				no direct reverse call/type reference; inspect bodies
internal/worktrees/session_custody.go	externalSourceOfferEvent	externalSourceOfferEvent	function		false	824	839	sessions/custody/transport	internal/worktreesessions	none detected	global	externalLocalEventID	1		0	0	covered	100.0	2	2	low	Source/target claims, prompts, custody lineage, and delivery receipts must remain paired.	function:08c0f6f503654b38b40f0de8fc1797e9		internal/worktreeclaims(1)		no direct reverse call/type reference; inspect bodies
internal/worktrees/session_custody.go	findExternalSourceOffer	findExternalSourceOffer	function		false	841	854	sessions/custody/transport	internal/worktreesessions	none detected	global	externalSourceOfferEvent; sameLocalEvent	2		0	0	covered	100.0	9	9	medium	Source/target claims, prompts, custody lineage, and delivery receipts must remain paired. Cross-domain calls: claims/locks/worklogs.	function:ef8ba855855b8cbc65368dd4f9adaf04		internal/worktreeclaims(1)		no direct reverse call/type reference; inspect bodies
internal/worktrees/session_custody.go	externalSourceOwnerExtra	externalSourceOwnerExtra	function		false	856	859	sessions/custody/transport	internal/worktreesessions	none detected	none detected		0		0	0	covered	100.0	1	1	low	Source/target claims, prompts, custody lineage, and delivery receipts must remain paired.	function:3e87852573190d7c87bb7644d6018075				no direct reverse call/type reference; inspect bodies
internal/worktrees/session_custody.go	findExternalSourceOwner	findExternalSourceOwner	function		false	861	893	sessions/custody/transport	internal/worktreesessions	global	global	externalLocalEventID; externalSourceOwnerExtra	2		0	0	covered	100.0	18	18	low	Source/target claims, prompts, custody lineage, and delivery receipts must remain paired.	function:9594a771cc498ae4dbd5bb796f73cccb		internal/worktreeclaims(2)		no direct reverse call/type reference; inspect bodies
internal/worktrees/session_custody.go	validateExistingExternalTerminal	validateExistingExternalTerminal	function		false	895	912	sessions/custody/transport	internal/worktreesessions	none detected	none detected	readWorkLogTerminalAt; sameExternalHandoffEvidence	2		0	0	covered	100.0	10	10	medium	Source/target claims, prompts, custody lineage, and delivery receipts must remain paired. Cross-domain calls: claims/locks/worklogs.	function:2ff650769e0506b444605cfd990b73ba		internal/worktreeclaims(1)		no direct reverse call/type reference; inspect bodies
internal/worktrees/session_custody.go	externalHandoffEvidence	externalHandoffEvidence	function		false	914	922	sessions/custody/transport	internal/worktreesessions	none detected	none detected		0		0	0	covered	100.0	1	1	low	Source/target claims, prompts, custody lineage, and delivery receipts must remain paired.	function:ffebfcbabd5abf04660c289eb1a63472				no direct reverse call/type reference; inspect bodies
internal/worktrees/session_custody.go	externalLocalEventExtra	externalLocalEventExtra	function		false	924	932	sessions/custody/transport	internal/worktreesessions	none detected	none detected		0		0	0	covered	100.0	1	1	low	Source/target claims, prompts, custody lineage, and delivery receipts must remain paired.	function:016c2de876457ae73be226add8cbb55d				no direct reverse call/type reference; inspect bodies
internal/worktrees/session_custody.go	externalLocalEventID	externalLocalEventID	function		false	934	943	sessions/custody/transport	internal/worktreesessions	global	global		0		0	0	covered	100.0	7	7	low	Source/target claims, prompts, custody lineage, and delivery receipts must remain paired.	function:3ebd403b4ac33f7d4ef18346792c214a				no direct reverse call/type reference; inspect bodies
internal/worktrees/session_custody.go	validateExternalTargetSession	validateExternalTargetSession	function		false	945	954	sessions/custody/transport	internal/worktreesessions	none detected	none detected	externalTargetRuntimeModel	1		0	0	covered	100.0	4	4	low	Source/target claims, prompts, custody lineage, and delivery receipts must remain paired.	function:063baf17cd92756fe053d7367c6f31a3				no direct reverse call/type reference; inspect bodies
internal/worktrees/session_custody.go	validateExternalReceipt	validateExternalReceipt	function		false	956	973	sessions/custody/transport	internal/worktreesessions	none detected	none detected	externalTargetRuntimeModel	1		0	0	covered	100.0	9	9	low	Source/target claims, prompts, custody lineage, and delivery receipts must remain paired.	function:4694112e4ff786281be090b936f8dce1				no direct reverse call/type reference; inspect bodies
internal/worktrees/session_custody.go	externalTargetRuntimeModel	externalTargetRuntimeModel	function		false	975	985	sessions/custody/transport	internal/worktreesessions	none detected	none detected		0		0	0	covered	100.0	7	7	low	Source/target claims, prompts, custody lineage, and delivery receipts must remain paired.	function:866d690dcf1e87f07918e4867d861994				no direct reverse call/type reference; inspect bodies
internal/worktrees/session_custody.go	sessionNativeHarnessID	sessionNativeHarnessID	function		false	987	992	sessions/custody/transport	internal/worktreesessions	none detected	none detected		0		0	0	covered	100.0	3	3	low	Source/target claims, prompts, custody lineage, and delivery receipts must remain paired.	function:a2a25f278ab0eecae2987b8e020d755b				no direct reverse call/type reference; inspect bodies
internal/worktrees/session_custody.go	validateExternalSourceSession	validateExternalSourceSession	function		false	994	1002	sessions/custody/transport	internal/worktreesessions	none detected	none detected	sessionNativeHarnessID	1		0	0	covered	100.0	3	3	low	Source/target claims, prompts, custody lineage, and delivery receipts must remain paired.	function:263eeb1d4dc52634c5feee9ba9782f32				no direct reverse call/type reference; inspect bodies
internal/worktrees/session_custody.go	validateLiveExternalSourceOwner	validateLiveExternalSourceOwner	function		false	1004	1020	sessions/custody/transport	internal/worktreesessions	none detected	filesystem,global	readLocalEvents; findExternalSourceOwner; ownerPIDStatus	3		0	0	covered	100.0	11	11	medium	Source/target claims, prompts, custody lineage, and delivery receipts must remain paired. Cross-domain calls: claims/locks/worklogs.	function:60ae2f1b178e9f0adb512dd82cfbd116		internal/worktreeclaims(1)		no direct reverse call/type reference; inspect bodies
internal/worktrees/session_custody.go	validateExternalTargetManifestAndJournal	validateExternalTargetManifestAndJournal	function		false	1022	1059	sessions/custody/transport	internal/worktreesessions	none detected	filesystem,global	ReadManifest; preparedTargetManifest; readBoundedRelativeRegular; validateExternalHandoverPrompt; readLocalEvents; externalTargetReceivedEvent; sameLocalEvent	7		0	0	partial	85.2	23	27	medium	Source/target claims, prompts, custody lineage, and delivery receipts must remain paired. Cross-domain calls: claims/locks/worklogs.	function:9ca5825eafed384bddac9c20f9a971df		internal/worktreeclaims(1)		no direct reverse call/type reference; inspect bodies
internal/worktrees/session_custody.go	validateExternalAttemptOwner	validateExternalAttemptOwner	function		false	1061	1099	sessions/custody/transport	internal/worktreesessions	global	filesystem,global	validExternalAttempt; readLocalEvents; externalLocalEventID; externalTargetOwnerEvent; sameLocalEvent; ownerPIDStatus	6		0	0	covered	100.0	27	27	medium	Source/target claims, prompts, custody lineage, and delivery receipts must remain paired. Cross-domain calls: claims/locks/worklogs.	function:10a7c8c519985a2ede8e7d6643570a22		internal/worktreeclaims(1)		no direct reverse call/type reference; inspect bodies
internal/worktrees/session_custody.go	externalReceiptModel	externalReceiptModel	function		false	1101	1106	sessions/custody/transport	internal/worktreesessions	none detected	none detected		0		0	0	covered	100.0	3	3	low	Source/target claims, prompts, custody lineage, and delivery receipts must remain paired.	function:2899779d2b52ccc54135dd6d9ab9694f		internal/worktreeclaims(1)		no direct reverse call/type reference; inspect bodies
internal/worktrees/session_custody.go	validateExternalHandoverPrompt	validateExternalHandoverPrompt	function		false	1108	1146	sessions/custody/transport	internal/worktreesessions	filesystem,global	filesystem,global	openJournalSubdirectory; readBytesAt; parsePromptHeader; corroborateExternalHandoverPrompt	4		0	0	partial	89.7	26	29	high	Source/target claims, prompts, custody lineage, and delivery receipts must remain paired. Cross-domain calls: claims/locks/worklogs, secure filesystem/storage.	function:5c04f5e089d178d084e3f3d9b8a27932				no direct reverse call/type reference; inspect bodies
internal/worktrees/session_custody.go	corroborateExternalHandoverPrompt	corroborateExternalHandoverPrompt	function		false	1148	1170	sessions/custody/transport	internal/worktreesessions	none detected	none detected		0		0	0	covered	100.0	14	14	low	Source/target claims, prompts, custody lineage, and delivery receipts must remain paired.	function:e38040278756dda4c6025df5a014a171		internal/worktreeclaims(1)		no direct reverse call/type reference; inspect bodies
internal/worktrees/session_custody.go	loadExternalTargetClaim	loadExternalTargetClaim	function		false	1172	1216	sessions/custody/transport	internal/worktreesessions	git,network	filesystem,git,global,network	openLockedWorkLogRun; readWorkLogClaimAt; readWorkLogProjection; corroborateExternalTargetClaim; externalTargetRuntimeModel; validateExternalTargetManifestAndJournal; corroborateClaim	7		0	0	partial	70.6	24	34	medium	Source/target claims, prompts, custody lineage, and delivery receipts must remain paired. Cross-domain calls: claims/locks/worklogs.	function:30e81725cd7d096e94acb15352bcd9d5		internal/worktreeclaims(1)		no direct reverse call/type reference; inspect bodies
internal/worktrees/session_custody.go	corroborateExternalTargetClaim	corroborateExternalTargetClaim	function		false	1218	1246	sessions/custody/transport	internal/worktreesessions	none detected	none detected	externalTargetRuntimeModel; activeTargetProjection; externalHandoffEvidence; sameExternalHandoffEvidence	4		0	0	covered	100.0	13	13	low	Source/target claims, prompts, custody lineage, and delivery receipts must remain paired.	function:c565bb34628a89e4e5f8748fae59c6e9		internal/worktreeclaims(2)		no direct reverse call/type reference; inspect bodies
internal/worktrees/session_custody.go	validExternalAttempt	validExternalAttempt	function		false	1248	1256	sessions/custody/transport	internal/worktreesessions	none detected	none detected		0		0	0	covered	100.0	6	6	low	Source/target claims, prompts, custody lineage, and delivery receipts must remain paired.	function:cad5af3c97f0a0cf128e9aad5eaf2802				no direct reverse call/type reference; inspect bodies
internal/worktrees/session_custody.go	ensureExternalManifest	ensureExternalManifest	function		false	1258	1274	sessions/custody/transport	internal/worktreesessions	none detected	filesystem,global	ReadManifest(2); WriteManifest	3		0	0	partial	72.7	8	11	medium	Source/target claims, prompts, custody lineage, and delivery receipts must remain paired. Cross-domain calls: claims/locks/worklogs.	function:7f820b28e0ce5b5d8f28906baf1467d8		internal/worktreeclaims(1)		no direct reverse call/type reference; inspect bodies
internal/worktrees/session_custody.go	ensureExternalHandoverPrompt	ensureExternalHandoverPrompt	function		false	1276	1296	sessions/custody/transport	internal/worktreesessions	none detected	filesystem,global	validateExternalHandoverPrompt(2); ListPrompts; AppendPrompt	4		0	0	covered	100.0	12	12	medium	Source/target claims, prompts, custody lineage, and delivery receipts must remain paired. Cross-domain calls: claims/locks/worklogs.	function:37a2f77aa41266efc857eb4e20c48530				no direct reverse call/type reference; inspect bodies
internal/worktrees/session_custody.go	expectedExternalClaimID	expectedExternalClaimID	function		false	1298	1304	sessions/custody/transport	internal/worktreesessions	none detected	none detected	validateExternalSuccessorClaimLineage	1		0	0	covered	100.0	4	4	low	Source/target claims, prompts, custody lineage, and delivery receipts must remain paired.	function:6ddd143455c671fdbf561ae8f61a4f2b		internal/worktreeclaims(1)		no direct reverse call/type reference; inspect bodies
internal/worktrees/session_custody.go	externalSuccessorClaimPolicy	externalSuccessorClaimPolicy	struct		false	1306	1310	sessions/custody/transport	internal/worktreesessions	none detected	none detected		0		0	0	n/a		0	0	low	Source/target claims, prompts, custody lineage, and delivery receipts must remain paired.	struct:20736b10bcb727a5fba68cfdd99a64fe				no direct reverse call/type reference; inspect bodies
internal/worktrees/session_custody.go	validateExternalSuccessorClaimLineage	validateExternalSuccessorClaimLineage	function		false	1315	1333	sessions/custody/transport	internal/worktreesessions	none detected	none detected		0		0	0	covered	100.0	10	10	low	Source/target claims, prompts, custody lineage, and delivery receipts must remain paired.	function:29b96639bfa997a090a29fce08bebbcf		internal/worktreeclaims(1)		no direct reverse call/type reference; inspect bodies
internal/worktrees/session_custody.go	requestHandoverBytes	requestHandoverBytes	function		false	1342	1347	sessions/custody/transport	internal/worktreesessions	none detected	filesystem,global	readBoundedRelativeRegular	1		0	0	covered	100.0	3	3	low	Source/target claims, prompts, custody lineage, and delivery receipts must remain paired.	function:b735853fcedb8195dcfd4b3237d5dd35				no direct reverse call/type reference; inspect bodies
internal/worktrees/session_custody.go	readBoundedRelativeRegular	readBoundedRelativeRegular	function		false	1349	1395	sessions/custody/transport	internal/worktreesessions	filesystem,global	filesystem,global	readBoundedRelativeRegularFstat; readBoundedRelativeRegularReadAll; openAbsoluteDirectoryNoFollow	3		0	0	covered	100.0	37	37	medium	Source/target claims, prompts, custody lineage, and delivery receipts must remain paired. Cross-domain calls: secure filesystem/storage.	function:4c50588b458e6f6f2e9688f123ea4c37				no direct reverse call/type reference; inspect bodies
internal/worktrees/session_message.go	ExternalSourceMessageOptions	ExternalSourceMessageOptions	struct		true	13	22	sessions/custody/transport	internal/worktreesessions	none detected	none detected		0	internal/sessionmessenger/send.go [instantiates]	1	1	n/a		0	0	medium	Source/target claims, prompts, custody lineage, and delivery receipts must remain paired.	struct:c40d18a6094597c6533d1341b6daa169				no direct reverse call/type reference; inspect bodies
internal/worktrees/session_message.go	RecordExternalSourceMessageSent	RecordExternalSourceMessageSent	function		true	27	110	sessions/custody/transport	internal/worktreesessions	none detected	filesystem,global	validateExternalSourceSession; openLockedWorkLogRun; readWorkLogClaimAt; readWorkLogProjection; validateExistingExternalTerminal; externalHandoffEvidence; externalLocalEventID; appendLocalEventWithoutCustody	8	internal/sessionmessenger/send.go [calls]	1	1	partial	68.1	32	47	medium	Source/target claims, prompts, custody lineage, and delivery receipts must remain paired. Cross-domain calls: claims/locks/worklogs.	function:1053f39f2139923670bb315ccfb282b5		internal/worktreeclaims(1)		no direct reverse call/type reference; inspect bodies
internal/worktrees/session_message.go	ExternalTargetMessageOptions	ExternalTargetMessageOptions	struct		true	115	122	sessions/custody/transport	internal/worktreesessions	none detected	none detected		0	internal/sessionmessage/receive.go [instantiates]	1	1	n/a		0	0	medium	Source/target claims, prompts, custody lineage, and delivery receipts must remain paired.	struct:742a30c9ef95ffb7b1c3c381b5e5fc5c				no direct reverse call/type reference; inspect bodies
internal/worktrees/session_message.go	RecordExternalTargetMessageReceived	RecordExternalTargetMessageReceived	function		true	127	175	sessions/custody/transport	internal/worktreesessions	none detected	git,global,network	SessionReceiveWorktreePath; loadExternalTargetClaim; validateExternalAttemptOwner; externalLocalEventID; appendLocalEventWithoutCustody	5	internal/sessionmessage/receive.go [calls]	1	1	partial	72.0	18	25	medium	Source/target claims, prompts, custody lineage, and delivery receipts must remain paired. Cross-domain calls: claims/locks/worklogs.	function:3600018ff3ba44ef8f0c1478eb567ded		internal/worktreeclaims(1)		no direct reverse call/type reference; inspect bodies
internal/worktrees/session_park_aggregate.go	parkedSessionCaptureMember	parkedSessionCaptureMember	struct		false	16	34	sessions/custody/transport	internal/worktreesessions	none detected	none detected		0		0	0	n/a		0	0	low	Source/target claims, prompts, custody lineage, and delivery receipts must remain paired.	struct:c71449218e0168837fc5f29861fad08e		internal/worktrees(2); internal/worktreelayout(2)	internal/worktrees(2)	needs facade or injected port
internal/worktrees/session_park_aggregate.go	closeParkedSessionMembers	closeParkedSessionMembers	function		false	36	52	sessions/custody/transport	internal/worktreesessions	none detected	none detected	PlacementWorktree::Close	1		0	0	covered	100.0	10	10	medium	Source/target claims, prompts, custody lineage, and delivery receipts must remain paired. Cross-domain calls: shared orchestration.	function:fff218b5f46a020b1f2f2d21e5f02ca8	internal/worktrees(1)			needs facade or injected port
internal/worktrees/session_park_aggregate.go	CaptureParkedSessionAggregate	CaptureParkedSessionAggregate	function		true	63	104	sessions/custody/transport	internal/worktreesessions	none detected	filesystem,git,global,network,process	validateSourceSession; closeParkedSessionMembers; parkedSessionCaptureMember::acquire; parkedSessionCaptureMember::capture; parkedSessionCaptureMember::validate	5		0	0	partial	74.1	20	27	low	Source/target claims, prompts, custody lineage, and delivery receipts must remain paired.	function:ce332398397a35f8860d6bd3f90f6a8d		internal/worktreelayout(1)		no direct reverse call/type reference; inspect bodies
internal/worktrees/session_park_aggregate.go	acquire	parkedSessionCaptureMember::acquire	method	parkedSessionCaptureMember	false	106	134	sessions/custody/transport	internal/worktreesessions	none detected	filesystem,git,global,process	openJournalSubdirectory; openAdoptedCleanupWorktree; lockLocalWorkLog; Guard; openCanonicalRepository	5		0	0	partial	68.4	13	19	high	Source/target claims, prompts, custody lineage, and delivery receipts must remain paired. Cross-domain calls: claims/locks/worklogs, retirement/recovery/GC, shared orchestration.	method:1837c6ed105a897632e7aa0309074a29	internal/worktrees(2); internal/worktreeretire(1)			needs facade or injected port
internal/worktrees/session_park_aggregate.go	queryWorktree	parkedSessionCaptureMember::queryWorktree	method	parkedSessionCaptureMember	false	136	139	sessions/custody/transport	internal/worktreesessions	process	filesystem,global,process	runSecureRenameGitBytesWithHeldWorktree	1		0	0	covered	100.0	2	2	medium	Source/target claims, prompts, custody lineage, and delivery receipts must remain paired. Cross-domain calls: shared orchestration.	method:f6e5eabdd5ee25a53625a64df7ffa8e0	internal/worktrees(1)			needs facade or injected port
internal/worktrees/session_park_aggregate.go	capture	parkedSessionCaptureMember::capture	method	parkedSessionCaptureMember	false	141	193	sessions/custody/transport	internal/worktreesessions	git,global,network	filesystem,git,global,network,process	parkedSessionCaptureMember::queryWorktree(3); readCanonicalOriginRemote(2); parkedSessionWorkLogSnapshotUnderLock; parkedRemoteBranchTip; isGitObjectID	8		0	0	partial	69.4	25	36	medium	Source/target claims, prompts, custody lineage, and delivery receipts must remain paired. Cross-domain calls: branch reconciliation/cleanup.	method:a9ed1cfc39ff2e1bbd3696c005bed9a3				no direct reverse call/type reference; inspect bodies
internal/worktrees/session_park_aggregate.go	validate	parkedSessionCaptureMember::validate	method	parkedSessionCaptureMember	false	195	214	sessions/custody/transport	internal/worktreesessions	none detected	filesystem,git,global,process	parkedSessionCaptureMember::queryWorktree(3); readCanonicalOriginRemote(2); parkedSessionWorkLogSnapshotUnderLock	6		0	0	partial	76.9	10	13	low	Source/target claims, prompts, custody lineage, and delivery receipts must remain paired.	method:c9c7cc629a41a49844362c58b1cb82fa				no direct reverse call/type reference; inspect bodies
internal/worktrees/session_park_aggregate.go	parkedSessionWorkLogSnapshotUnderLock	parkedSessionWorkLogSnapshotUnderLock	function		false	216	247	sessions/custody/transport	internal/worktreesessions	none detected	filesystem,git,global	ownerPIDStatus; readWorkLogProjection; corroborateProjectionWithPrivateClaim; readLocalEventsForAppend	4		0	0	partial	66.7	14	21	medium	Source/target claims, prompts, custody lineage, and delivery receipts must remain paired. Cross-domain calls: claims/locks/worklogs.	function:a21189a5e8419c688d480289693f8674				no direct reverse call/type reference; inspect bodies
internal/worktrees/session_park_custody.go	ParkedSessionWorkLogPrepareOptions	ParkedSessionWorkLogPrepareOptions	struct		true	19	30	sessions/custody/transport	internal/worktreesessions	none detected	none detected		0	internal/sessionparkreceive/receive.go [instantiates]	1	1	n/a		0	0	medium	Source/target claims, prompts, custody lineage, and delivery receipts must remain paired.	struct:87e24243ebe0dd8a1966214004896586				no direct reverse call/type reference; inspect bodies
internal/worktrees/session_park_custody.go	ParkedSessionWorkLogPrepareResult	ParkedSessionWorkLogPrepareResult	struct		true	32	38	sessions/custody/transport	internal/worktreesessions	none detected	none detected		0		0	0	n/a		0	0	low	Source/target claims, prompts, custody lineage, and delivery receipts must remain paired.	struct:9180dabf63a57e92f04c3d08a666106f		internal/worktreeclaims(1)		no direct reverse call/type reference; inspect bodies
internal/worktrees/session_park_custody.go	parkedTargetPreparation	parkedTargetPreparation	struct		false	40	47	sessions/custody/transport	internal/worktreesessions	none detected	none detected		0		0	0	n/a		0	0	low	Source/target claims, prompts, custody lineage, and delivery receipts must remain paired.	struct:86111960249a1a4169a773fc3617118f		internal/worktreeclaims(3)		no direct reverse call/type reference; inspect bodies
internal/worktrees/session_park_custody.go	PrepareParkedSessionWorkLog	PrepareParkedSessionWorkLog	function		true	53	108	sessions/custody/transport	internal/worktreesessions	global	filesystem,git,global,network	appendLocalEventWithoutCustody(2); prepareParkedTarget; openLockedWorkLogRun; publishPreparedTargetClaim; ensureWorkLogRunIndex; ensureExternalManifest; openWorkLogOutbox; preparedTargetPublicEvent	13		0	0	partial	73.2	30	41	medium	Source/target claims, prompts, custody lineage, and delivery receipts must remain paired. Cross-domain calls: claims/locks/worklogs, secure filesystem/storage.	function:015b7ff7374e667b75dc96afbdcfe6a2				no direct reverse call/type reference; inspect bodies
internal/worktrees/session_park_custody.go	prepareParkedTarget	prepareParkedTarget	function		false	112	192	sessions/custody/transport	internal/worktreesessions	git,global,network	git,global,network,process	parkedLocalEventExtra(2); externalLocalEventID(2); git(2); validateParkedTargetSession; validExternalAttempt; preparedTargetManifest	9		0	0	covered	100.0	87	87	medium	Source/target claims, prompts, custody lineage, and delivery receipts must remain paired. Cross-domain calls: git subprocess/cache.	function:0e3e1e1e49d9a7abc80a24a657cce645				no direct reverse call/type reference; inspect bodies
internal/worktrees/session_park_custody.go	preparedTargetPublicEvent	preparedTargetPublicEvent	function		false	194	198	sessions/custody/transport	internal/worktreesessions	none detected	none detected		0		0	0	covered	100.0	1	1	low	Source/target claims, prompts, custody lineage, and delivery receipts must remain paired.	function:3dd64cb823c66485d4d22bfb09cf021c		internal/worktreeclaims(2)		no direct reverse call/type reference; inspect bodies
internal/worktrees/session_park_custody.go	activeTargetProjection	activeTargetProjection	function		false	200	202	sessions/custody/transport	internal/worktreesessions	none detected	none detected		0		0	0	covered	100.0	1	1	low	Source/target claims, prompts, custody lineage, and delivery receipts must remain paired.	function:8653fbd777488ba060c10d3968e238c2		internal/worktreeclaims(2)		no direct reverse call/type reference; inspect bodies
internal/worktrees/session_park_custody.go	expectedParkedSessionClaimID	expectedParkedSessionClaimID	function		false	204	213	sessions/custody/transport	internal/worktreesessions	none detected	none detected	validateExternalSuccessorClaimLineage	1		0	0	covered	100.0	4	4	low	Source/target claims, prompts, custody lineage, and delivery receipts must remain paired.	function:96d142a13ab2ee7a063b491b43fa7a43		internal/worktreeclaims(1)		no direct reverse call/type reference; inspect bodies
internal/worktrees/session_park_custody.go	ParkedTargetCompletionOptions	ParkedTargetCompletionOptions	struct		true	215	224	sessions/custody/transport	internal/worktreesessions	none detected	none detected		0	internal/sessionparkreceive/receive.go [instantiates]	1	1	n/a		0	0	medium	Source/target claims, prompts, custody lineage, and delivery receipts must remain paired.	struct:c6aa49250c83975922d645ed4a74120f				no direct reverse call/type reference; inspect bodies
internal/worktrees/session_park_custody.go	parkedTargetCompletionHooks	parkedTargetCompletionHooks	struct		false	226	228	sessions/custody/transport	internal/worktreesessions	none detected	none detected		0		0	0	n/a		0	0	low	Source/target claims, prompts, custody lineage, and delivery receipts must remain paired.	struct:bfdf0dc089b9c63369ccfbfe4371e934				no direct reverse call/type reference; inspect bodies
internal/worktrees/session_park_custody.go	RecordParkedTargetCompleted	RecordParkedTargetCompleted	function		true	230	291	sessions/custody/transport	internal/worktreesessions	filesystem,global	filesystem,git,global	openLockedWorkLogRun; openLocalWorkLogDir; lockLocalWorkLog; openPrivateChild; readJSONAt; corroborateParkedTargetClaim; readWorkLogProjection; activeTargetProjection	13		0	0	partial	78.7	37	47	high	Source/target claims, prompts, custody lineage, and delivery receipts must remain paired. Cross-domain calls: claims/locks/worklogs, secure filesystem/storage.	function:f1ae781071486f02248b1a5cbb177eb8		internal/worktreeclaims(1)		no direct reverse call/type reference; inspect bodies
internal/worktrees/session_park_custody.go	corroborateParkedTargetClaim	corroborateParkedTargetClaim	function		false	293	301	sessions/custody/transport	internal/worktreesessions	none detected	none detected		0		0	0	covered	100.0	3	3	low	Source/target claims, prompts, custody lineage, and delivery receipts must remain paired.	function:f8ca28b6a680b3a5fcb8586081564f13		internal/worktreeclaims(1)		no direct reverse call/type reference; inspect bodies
internal/worktrees/session_park_custody.go	validateParkedTargetOwner	validateParkedTargetOwner	function		false	303	320	sessions/custody/transport	internal/worktreesessions	none detected	global	externalLocalEventID; ownerPIDStatus	2		0	0	covered	100.0	11	11	medium	Source/target claims, prompts, custody lineage, and delivery receipts must remain paired. Cross-domain calls: claims/locks/worklogs.	function:31822b94036fb2b595238690193833af		internal/worktreeclaims(1)		no direct reverse call/type reference; inspect bodies
internal/worktrees/session_park_custody.go	parkedTargetCompletionEvent	parkedTargetCompletionEvent	function		false	322	331	sessions/custody/transport	internal/worktreesessions	none detected	global	parkedLocalEventExtra; externalLocalEventID	2		0	0	covered	100.0	3	3	low	Source/target claims, prompts, custody lineage, and delivery receipts must remain paired.	function:6e9296bc1b9e6806defab1ef4200a230		internal/worktreeclaims(1)		no direct reverse call/type reference; inspect bodies
internal/worktrees/session_park_custody.go	validateParkedTargetSession	validateParkedTargetSession	function		false	333	342	sessions/custody/transport	internal/worktreesessions	none detected	none detected		0		0	0	covered	100.0	4	4	low	Source/target claims, prompts, custody lineage, and delivery receipts must remain paired.	function:83eba81a43a1d6ad065f41485c9c5992				no direct reverse call/type reference; inspect bodies
internal/worktrees/session_park_custody.go	parkedLocalEventExtra	parkedLocalEventExtra	function		false	344	351	sessions/custody/transport	internal/worktreesessions	none detected	none detected		0		0	0	covered	100.0	1	1	low	Source/target claims, prompts, custody lineage, and delivery receipts must remain paired.	function:34b26b401c431940d16b7349c787fc10				no direct reverse call/type reference; inspect bodies
internal/worktrees/session_park_local.go	ParkedLocalSuccessorOptions	ParkedLocalSuccessorOptions	struct		true	19	25	sessions/custody/transport	internal/worktreesessions	none detected	none detected		0		0	0	n/a		0	0	low	Source/target claims, prompts, custody lineage, and delivery receipts must remain paired.	struct:4506c449cc9508aa3649c4f4bf5a096c				no direct reverse call/type reference; inspect bodies
internal/worktrees/session_park_local.go	parkedLocalMember	parkedLocalMember	struct		false	27	41	sessions/custody/transport	internal/worktreesessions	none detected	none detected		0		0	0	n/a		0	0	low	Source/target claims, prompts, custody lineage, and delivery receipts must remain paired.	struct:1b22b81d266cacf57b37cf7de78d346d		internal/worktrees(1); internal/worktreelayout(1)	internal/worktrees(1)	needs facade or injected port
internal/worktrees/session_park_local.go	ParkedLocalCustody	ParkedLocalCustody	struct		true	43	48	sessions/custody/transport	internal/worktreesessions	none detected	none detected		0		0	0	n/a		0	0	low	Source/target claims, prompts, custody lineage, and delivery receipts must remain paired.	struct:4036147f9bd022f92e92f730f21af766				no direct reverse call/type reference; inspect bodies
internal/worktrees/session_park_local.go	AttachParkedLocalSuccessor	AttachParkedLocalSuccessor	function		true	54	58	sessions/custody/transport	internal/worktreesessions	none detected	global	withParkedLocalResumeCustody; ParkedLocalCustody::Attach	2		0	0	covered	100.0	2	2	low	Source/target claims, prompts, custody lineage, and delivery receipts must remain paired.	function:f41ed69536181262e57ed6438e0727ee				no direct reverse call/type reference; inspect bodies
internal/worktrees/session_park_local.go	WithParkedLocalResumeCustody	WithParkedLocalResumeCustody	function		true	64	66	sessions/custody/transport	internal/worktreesessions	none detected	none detected	withParkedLocalResumeCustody	1		0	0	covered	100.0	1	1	low	Source/target claims, prompts, custody lineage, and delivery receipts must remain paired.	function:a7858d43cf965517984537c79495df88				no direct reverse call/type reference; inspect bodies
internal/worktrees/session_park_local.go	WithParkedLocalResumeCustodyForAttempt	WithParkedLocalResumeCustodyForAttempt	function		true	68	70	sessions/custody/transport	internal/worktreesessions	none detected	none detected	withParkedLocalResumeCustody	1		0	0	covered	100.0	1	1	low	Source/target claims, prompts, custody lineage, and delivery receipts must remain paired.	function:58ecdd3c4baa1c228f7f0cd1f470f43d				no direct reverse call/type reference; inspect bodies
internal/worktrees/session_park_local.go	withParkedLocalResumeCustody	withParkedLocalResumeCustody	function		false	72	97	sessions/custody/transport	internal/worktreesessions	none detected	filesystem,git,network,process	ParkedLocalCustody::acquire; ParkedLocalCustody::validate	2		0	0	covered	100.0	18	18	low	Source/target claims, prompts, custody lineage, and delivery receipts must remain paired.	function:9eec98240c7522d0153481b949a137de				no direct reverse call/type reference; inspect bodies
internal/worktrees/session_park_local.go	ResolvedWorktreeDirs	ParkedLocalCustody::ResolvedWorktreeDirs	method	ParkedLocalCustody	true	109	118	sessions/custody/transport	internal/worktreesessions	none detected	none detected		0	cmd/wb/session_park.go [calls]	1	1	covered	100.0	6	6	medium	Source/target claims, prompts, custody lineage, and delivery receipts must remain paired.	method:459a215de54a545f675948e69f6860b4				no direct reverse call/type reference; inspect bodies
internal/worktrees/session_park_local.go	close	ParkedLocalCustody::close	method	ParkedLocalCustody	false	120	133	sessions/custody/transport	internal/worktreesessions	none detected	none detected	PlacementWorktree::Close	1		0	0	covered	100.0	8	8	medium	Source/target claims, prompts, custody lineage, and delivery receipts must remain paired. Cross-domain calls: shared orchestration.	method:f05d788e7caf1508a37813340e5aa06d	internal/worktrees(1)			needs facade or injected port
internal/worktrees/session_park_local.go	acquire	ParkedLocalCustody::acquire	method	ParkedLocalCustody	false	146	187	sessions/custody/transport	internal/worktreesessions	none detected	filesystem,git,global,network,process	resolveParkedMemberCanonicalDir; resolveParkedMemberWorktreeDir; verifyParkedMemberOriginRemote; openAdoptedCleanupWorktree; openJournalSubdirectory; lockLocalWorkLog; Guard	7		0	0	partial	66.7	20	30	high	Source/target claims, prompts, custody lineage, and delivery receipts must remain paired. Cross-domain calls: claims/locks/worklogs, retirement/recovery/GC, shared orchestration.	method:f7eda728faab5ab19a22a4f71e5af32a	internal/worktreeretire(1); internal/worktrees(1)			needs facade or injected port
internal/worktrees/session_park_local.go	resolveParkedMemberCanonicalDir	resolveParkedMemberCanonicalDir	function		false	193	203	sessions/custody/transport	internal/worktreesessions	none detected	none detected		0		0	0	covered	100.0	7	7	low	Source/target claims, prompts, custody lineage, and delivery receipts must remain paired.	function:059a631080cde71e61023ad811e93cea				no direct reverse call/type reference; inspect bodies
internal/worktrees/session_park_local.go	resolveParkedMemberWorktreeDir	resolveParkedMemberWorktreeDir	function		false	215	233	sessions/custody/transport	internal/worktreesessions	filesystem	filesystem,global	parkedMemberOwnsWorktree; relocatedParkedMemberWorktree; resolvedClaimHomes	3		0	0	covered	100.0	11	11	medium	Source/target claims, prompts, custody lineage, and delivery receipts must remain paired. Cross-domain calls: shared orchestration.	function:ce4018d7244c4ed568b9b81ef00e76ef	internal/worktrees(1)			needs facade or injected port
internal/worktrees/session_park_local.go	relocatedParkedMemberWorktree	relocatedParkedMemberWorktree	function		false	235	253	sessions/custody/transport	internal/worktreesessions	none detected	none detected		0		0	0	covered	100.0	9	9	low	Source/target claims, prompts, custody lineage, and delivery receipts must remain paired.	function:55b8f124ca56f29e4e8e7cbbc0ac97e0		internal/worktreeclaims(1); internal/worktrees(1)	internal/worktrees(1)	needs facade or injected port
internal/worktrees/session_park_local.go	corroborateProjectionAcrossHomes	corroborateProjectionAcrossHomes	function		false	265	282	sessions/custody/transport	internal/worktreesessions	global	git,global	resolvedClaimHomes; corroborateProjectionWithPrivateClaim	2		0	0	partial	54.5	6	11	medium	Source/target claims, prompts, custody lineage, and delivery receipts must remain paired. Cross-domain calls: claims/locks/worklogs, shared orchestration.	function:1c0aeaf9b12f872f6204bf12d8835745	internal/worktrees(1)	internal/worktreeclaims(1)		needs facade or injected port
internal/worktrees/session_park_local.go	parkedMemberOwnsWorktree	parkedMemberOwnsWorktree	function		false	291	297	sessions/custody/transport	internal/worktreesessions	none detected	filesystem,global	readWorkLogProjection	1		0	0	covered	100.0	4	4	medium	Source/target claims, prompts, custody lineage, and delivery receipts must remain paired. Cross-domain calls: claims/locks/worklogs.	function:35780cc17f0ef2b4f6dc85a42914921f				no direct reverse call/type reference; inspect bodies
internal/worktrees/session_park_local.go	readWorkLogClaimByReference	readWorkLogClaimByReference	function		false	304	311	sessions/custody/transport	internal/worktreesessions	none detected	filesystem	openWorkLogRun; readWorkLogClaimAt	2		0	0	covered	100.0	6	6	medium	Source/target claims, prompts, custody lineage, and delivery receipts must remain paired. Cross-domain calls: claims/locks/worklogs.	function:7d94a82ebd5a124b1ab64841ee817c7e		internal/worktreeclaims(1)		no direct reverse call/type reference; inspect bodies
internal/worktrees/session_park_local.go	verifyParkedMemberOriginRemote	verifyParkedMemberOriginRemote	function		false	319	336	sessions/custody/transport	internal/worktreesessions	git,network	git,global,network,process	git	1		0	0	covered	100.0	12	12	medium	Source/target claims, prompts, custody lineage, and delivery receipts must remain paired. Cross-domain calls: git subprocess/cache.	function:f30ba9ae344c5dd53014e6c3bf039afa				no direct reverse call/type reference; inspect bodies
internal/worktrees/session_park_local.go	validate	ParkedLocalCustody::validate	method	ParkedLocalCustody	false	338	345	sessions/custody/transport	internal/worktreesessions	none detected	filesystem,global,process	validateParkedLocalMember	1		0	0	covered	100.0	4	4	low	Source/target claims, prompts, custody lineage, and delivery receipts must remain paired.	method:ea0b38bae31768ee23a59094305f4dd1				no direct reverse call/type reference; inspect bodies
internal/worktrees/session_park_local.go	Attach	ParkedLocalCustody::Attach	method	ParkedLocalCustody	true	347	390	sessions/custody/transport	internal/worktreesessions	none detected	filesystem,global,process	ParkedLocalCustody::validate; externalLocalEventID; appendLocalEventUnderLock	3	cmd/wb/session_park.go [calls]	1	1	partial	79.2	19	24	medium	Source/target claims, prompts, custody lineage, and delivery receipts must remain paired. Cross-domain calls: claims/locks/worklogs.	method:438e7a24adaeae630703f5fab3a9497f				no direct reverse call/type reference; inspect bodies
internal/worktrees/session_park_local.go	validateParkedLocalMember	validateParkedLocalMember	function		false	392	444	sessions/custody/transport	internal/worktreesessions	process	filesystem,git,global,process	runSecureRenameGitBytesWithHeldWorktree; readWorkLogProjection; corroborateProjectionAcrossHomes; readLocalEventsForAppend; externalLocalEventID	5		0	0	partial	83.8	31	37	high	Source/target claims, prompts, custody lineage, and delivery receipts must remain paired. Cross-domain calls: claims/locks/worklogs, shared orchestration.	function:f616266ac93c4d51e78568b69e0051fd	internal/worktrees(1)			needs facade or injected port
internal/worktrees/session_park_remote.go	WithParkedRemoteResumeCustody	WithParkedRemoteResumeCustody	function		true	18	70	sessions/custody/transport	internal/worktreesessions	none detected	filesystem,git,global,network,process	closeParkedSessionMembers; parkedSessionCaptureMember::acquire; validateRemoteParkedMember; resolveParkedMemberCanonicalDir; resolveParkedMemberWorktreeDir; verifyParkedMemberOriginRemote	6		0	0	partial	78.8	26	33	low	Source/target claims, prompts, custody lineage, and delivery receipts must remain paired.	function:50232e4004089bc23162a5156072e667				no direct reverse call/type reference; inspect bodies
internal/worktrees/session_park_remote.go	validateRemoteParkedMember	validateRemoteParkedMember	function		false	72	130	sessions/custody/transport	internal/worktreesessions	git,network	filesystem,git,global,network,process	parkedSessionCaptureMember::queryWorktree(3); readCanonicalOriginRemote(2); cleanupTaskHandle::validate(2); parkedRemoteBranchTip; readWorkLogProjection; corroborateProjectionAcrossHomes; readLocalEventsForAppend	11		0	0	partial	72.5	29	40	high	Source/target claims, prompts, custody lineage, and delivery receipts must remain paired. Cross-domain calls: claims/locks/worklogs, layout/discovery.	function:b9b6e6edd333d56f2ba66bc8949c355b				no direct reverse call/type reference; inspect bodies
internal/worktrees/session_park_snapshot.go	CaptureParkedSessionWorktree	CaptureParkedSessionWorktree	function		true	17	125	sessions/custody/transport	internal/worktreesessions	git,global,network,process	filesystem,git,global,network,process	parkedSessionCaptureMember::queryWorktree(6); readCanonicalOriginRemote(4); ParkedSessionWorkLogSnapshot(2); parkedRemoteBranchTip; validateSourceSession; runSecureRenameGitBytesWithHeldWorktree; openAdoptedCleanupWorktree; Guard	20		0	0	partial	72.2	52	72	high	Source/target claims, prompts, custody lineage, and delivery receipts must remain paired. Cross-domain calls: branch reconciliation/cleanup, retirement/recovery/GC, shared orchestration.	function:3339a5210356f70aa09e802659461711	internal/worktrees(4); internal/worktreeretire(1)	internal/worktreelayout(1)		needs facade or injected port
internal/worktrees/session_park_snapshot.go	parkedRemoteBranchTip	parkedRemoteBranchTip	function		false	127	141	sessions/custody/transport	internal/worktreesessions	network	global,network,process	gitCanonicalBytes; isGitObjectID	2		0	0	partial	70.0	7	10	high	Source/target claims, prompts, custody lineage, and delivery receipts must remain paired. Cross-domain calls: branch reconciliation/cleanup, git subprocess/cache.	function:8a3e61b545a411219786e4d3f7634caa		internal/worktrees(1)	internal/worktrees(1)	needs facade or injected port
internal/worktrees/session_receive.go	SessionReceiveOptions	SessionReceiveOptions	struct		true	27	40	sessions/custody/transport	internal/worktreesessions	none detected	none detected		0	internal/sessionreceive/receive.go [instantiates]	1	1	n/a		0	0	medium	Source/target claims, prompts, custody lineage, and delivery receipts must remain paired.	struct:2cdc2b7bef42362449ff71fb79181ac8				no direct reverse call/type reference; inspect bodies
internal/worktrees/session_receive.go	SessionReceiveSpec	SessionReceiveSpec	struct		true	47	61	sessions/custody/transport	internal/worktreesessions	none detected	none detected		0	internal/sessionparkreceive/receive.go [instantiates]	1	1	n/a		0	0	medium	Source/target claims, prompts, custody lineage, and delivery receipts must remain paired.	struct:8361df54a9bf913a2bd52fbe66a4bce9				no direct reverse call/type reference; inspect bodies
internal/worktrees/session_receive.go	SessionMemberReceiveOptions	SessionMemberReceiveOptions	struct		true	63	66	sessions/custody/transport	internal/worktreesessions	none detected	none detected		0	internal/sessionparkreceive/receive.go [instantiates]	1	1	n/a		0	0	medium	Source/target claims, prompts, custody lineage, and delivery receipts must remain paired.	struct:6926c35481b5e3f2fa4d07cbf2a75d67				no direct reverse call/type reference; inspect bodies
internal/worktrees/session_receive.go	sessionMoveReceiveSpec	sessionMoveReceiveSpec	function		false	68	84	sessions/custody/transport	internal/worktreesessions	none detected	none detected		0		0	0	covered	100.0	7	7	low	Source/target claims, prompts, custody lineage, and delivery receipts must remain paired.	function:3c7edd91d9e5e4a8e31eec553515de4f				no direct reverse call/type reference; inspect bodies
internal/worktrees/session_receive.go	validateSessionReceiveSpec	validateSessionReceiveSpec	function		false	86	118	sessions/custody/transport	internal/worktreesessions	git,network	filesystem,git,network,process	validBranch(2); isGitObjectID(2)	4		0	0	covered	100.0	17	17	high	Source/target claims, prompts, custody lineage, and delivery receipts must remain paired. Cross-domain calls: branch reconciliation/cleanup, layout/discovery.	function:25716afd2319d20b787ba86d74ca88e6				no direct reverse call/type reference; inspect bodies
internal/worktrees/session_receive.go	SessionReceiveResult	SessionReceiveResult	struct		true	122	129	sessions/custody/transport	internal/worktreesessions	none detected	none detected		0	internal/sessionreceive/receive.go [references]	1	1	n/a		0	0	medium	Source/target claims, prompts, custody lineage, and delivery receipts must remain paired.	struct:e02fdd0c913b6ada59c025100fb50fe7				no direct reverse call/type reference; inspect bodies
internal/worktrees/session_receive.go	SessionReceiveWorktreePath	SessionReceiveWorktreePath	function		true	135	150	sessions/custody/transport	internal/worktreesessions	none detected	filesystem,git,network	SessionReceiveMemberPath	1	internal/sessionreceive/receive.go [calls]	1	1	covered	100.0	6	6	medium	Source/target claims, prompts, custody lineage, and delivery receipts must remain paired.	function:5c57fbc411c543c9ba98b436df49b8a1				no direct reverse call/type reference; inspect bodies
internal/worktrees/session_receive.go	SessionReceiveMemberPath	SessionReceiveMemberPath	function		true	152	191	sessions/custody/transport	internal/worktreesessions	git,network	filesystem,git,network,process	validateSessionReceiveSpec(2); receivedSessionWorktreePath; plannedSessionReceiveWorktreePath; absoluteProjectsRoot; canonicalRepositoryPath; openCanonicalRepository	7		0	0	partial	73.1	19	26	high	Source/target claims, prompts, custody lineage, and delivery receipts must remain paired. Cross-domain calls: layout/discovery, shared orchestration.	function:f6f67bbf17d3bebcd84a0e4f9179f501	internal/worktrees(1)			needs facade or injected port
internal/worktrees/session_receive.go	plannedSessionReceiveWorktreePath	plannedSessionReceiveWorktreePath	function		false	193	199	sessions/custody/transport	internal/worktreesessions	none detected	global	ResolveUserWorktreePlacement; WorktreePlacement::Path	2		0	0	covered	100.0	4	4	medium	Source/target claims, prompts, custody lineage, and delivery receipts must remain paired. Cross-domain calls: layout/discovery.	function:34fb5d634f5a16e5a5d94e185f0800ed				no direct reverse call/type reference; inspect bodies
internal/worktrees/session_receive.go	sessionReceivePhysicalCoordinates	sessionReceivePhysicalCoordinates	function		false	204	216	sessions/custody/transport	internal/worktreesessions	none detected	env	configuredWorktreePlacement; sessionReceiveCoordinatesForPlacement	2		0	0	covered	100.0	4	4	medium	Source/target claims, prompts, custody lineage, and delivery receipts must remain paired. Cross-domain calls: layout/discovery.	function:519ff2b48c271f686f69cd0a82370e39		internal/worktrees(1); internal/worktreelayout(1)	internal/worktrees(1)	needs facade or injected port
internal/worktrees/session_receive.go	sessionReceiveCoordinatesForPlacement	sessionReceiveCoordinatesForPlacement	function		false	221	245	sessions/custody/transport	internal/worktreesessions	none detected	none detected	splitCloneRelativeOrError; splitRepository	2		0	0	covered	100.0	15	15	medium	Source/target claims, prompts, custody lineage, and delivery receipts must remain paired. Cross-domain calls: layout/discovery.	function:9cac3914f0ffdaa9460cabdf6bd5b562		internal/worktreelayout(1)		no direct reverse call/type reference; inspect bodies
internal/worktrees/session_receive.go	splitCloneRelativeOrError	splitCloneRelativeOrError	function		false	249	256	sessions/custody/transport	internal/worktreesessions	none detected	none detected	validCloneRelative; splitCloneRelative	2		0	0	covered	100.0	5	5	medium	Source/target claims, prompts, custody lineage, and delivery receipts must remain paired. Cross-domain calls: layout/discovery.	function:49764cee6147249de74c2cab83efa940				no direct reverse call/type reference; inspect bodies
internal/worktrees/session_receive.go	receivedSessionWorktreePath	receivedSessionWorktreePath	function		false	261	308	sessions/custody/transport	internal/worktreesessions	none detected	filesystem,git	canonicalRelativeAddress; canonicalPathAddress; sessionReceiveTaskPath; branchWorktreeCanonical; splitRepository	5		0	0	partial	53.8	14	26	medium	Source/target claims, prompts, custody lineage, and delivery receipts must remain paired. Cross-domain calls: layout/discovery.	function:717a29e1cf898fe857998011e605cdaa		internal/worktrees(1)	internal/worktrees(1)	needs facade or injected port
internal/worktrees/session_receive.go	sessionReceiveTaskPath	sessionReceiveTaskPath	function		false	313	323	sessions/custody/transport	internal/worktreesessions	none detected	none detected		0		0	0	covered	100.0	7	7	low	Source/target claims, prompts, custody lineage, and delivery receipts must remain paired.	function:bcda455931d133d39d646df5aaafb368				no direct reverse call/type reference; inspect bodies
internal/worktrees/session_receive.go	VerifyReceivedSessionBundle	VerifyReceivedSessionBundle	function		true	330	340	sessions/custody/transport	internal/worktreesessions	none detected	filesystem,git,global,network	sessionMoveReceiveSpec; VerifyReceivedSessionMember; absoluteProjectsRoot	3		0	0	covered	100.0	7	7	medium	Source/target claims, prompts, custody lineage, and delivery receipts must remain paired. Cross-domain calls: layout/discovery.	function:9900421cb9d3ea3f4d6009d0b5f3240b				no direct reverse call/type reference; inspect bodies
internal/worktrees/session_receive.go	VerifyReceivedSessionMember	VerifyReceivedSessionMember	function		true	342	394	sessions/custody/transport	internal/worktreesessions	filesystem,git,global,network	filesystem,git,global,network,process	validateSessionReceiveSpec; openSessionReceiveCanonicalFromHeldRoot; verifySessionReceiveCanonical; receivedSessionWorktreePath; verifySessionReceiveReuse; absoluteProjectsRoot; canonicalRepositoryPath; openAbsoluteDirectoryNoFollow	9		0	0	partial	73.7	28	38	high	Source/target claims, prompts, custody lineage, and delivery receipts must remain paired. Cross-domain calls: git subprocess/cache, layout/discovery, secure filesystem/storage.	function:eb6168f67c7e537d2e63e9b46c462299				no direct reverse call/type reference; inspect bodies
internal/worktrees/session_receive.go	ReceiveSessionBundle	ReceiveSessionBundle	function		true	399	411	sessions/custody/transport	internal/worktreesessions	none detected	filesystem,git,global,network	sessionMoveReceiveSpec; receiveSessionMember; absoluteProjectsRoot	3		0	0	covered	100.0	9	9	medium	Source/target claims, prompts, custody lineage, and delivery receipts must remain paired. Cross-domain calls: layout/discovery.	function:47376181ccbf2dc4d209a41e50138c18				no direct reverse call/type reference; inspect bodies
internal/worktrees/session_receive.go	ReceiveSessionMember	ReceiveSessionMember	function		true	413	415	sessions/custody/transport	internal/worktreesessions	none detected	filesystem,git,global,network	receiveSessionMember	1		0	0	covered	100.0	1	1	low	Source/target claims, prompts, custody lineage, and delivery receipts must remain paired.	function:baec7bd74706480a4d03f2dc6aac6e88				no direct reverse call/type reference; inspect bodies
internal/worktrees/session_receive.go	sessionReceiveState	sessionReceiveState	struct		false	420	440	sessions/custody/transport	internal/worktreesessions	none detected	none detected		0		0	0	n/a		0	0	low	Source/target claims, prompts, custody lineage, and delivery receipts must remain paired.	struct:5e5351fe6f49fe71a6913442477518cc		internal/worktrees(3); internal/worktreeclaims(1)	internal/worktrees(3)	needs facade or injected port
internal/worktrees/session_receive.go	close	sessionReceiveState::close	method	sessionReceiveState	false	442	455	sessions/custody/transport	internal/worktreesessions	none detected	none detected	PlacementWorktree::Close; repositoryRegistrationLock::release	2		0	0	covered	100.0	9	9	medium	Source/target claims, prompts, custody lineage, and delivery receipts must remain paired. Cross-domain calls: claims/locks/worklogs, shared orchestration.	method:d23c314f526aa8f0672a1da692fdb1f3	internal/worktrees(1)			needs facade or injected port
internal/worktrees/session_receive.go	receiveSessionMember	receiveSessionMember	function		false	457	470	sessions/custody/transport	internal/worktreesessions	none detected	filesystem,git,global,network,process	sessionReceiveState::prepareSource; sessionReceiveState::prepareOperation; sessionReceiveState::reuseRegistered; sessionReceiveState::placeTarget	4		0	0	covered	100.0	9	9	low	Source/target claims, prompts, custody lineage, and delivery receipts must remain paired.	function:7d768a1ac992e3af54fb3a7fc707529e				no direct reverse call/type reference; inspect bodies
internal/worktrees/session_receive.go	prepareSource	sessionReceiveState::prepareSource	method	sessionReceiveState	false	474	559	sessions/custody/transport	internal/worktreesessions	git,network	filesystem,git,global,network,process	gitCanonical(4); verifySessionReceiveCanonical(2); validateSessionReceiveSpec; sessionReceiveCanonicalParent; requireGitFilesystemCapability; openOrCloneSessionReceiveCanonical; sessionReceiveFetchRef; absoluteProjectsRoot	15		0	0	partial	88.0	44	50	high	Source/target claims, prompts, custody lineage, and delivery receipts must remain paired. Cross-domain calls: branch reconciliation/cleanup, git subprocess/cache, layout/discovery.	method:46289bd11e5522151b5917279aa8d352				no direct reverse call/type reference; inspect bodies
internal/worktrees/session_receive.go	prepareOperation	sessionReceiveState::prepareOperation	method	sessionReceiveState	false	563	596	sessions/custody/transport	internal/worktreesessions	global	filesystem,global	PlacementWorktree::Close(2); withProjectsRoot; interruptedTaskLockPID; prepareOperationRoot; acquireLockAtReclaimingInterrupted	6		0	0	covered	100.0	23	23	high	Source/target claims, prompts, custody lineage, and delivery receipts must remain paired. Cross-domain calls: claims/locks/worklogs, secure filesystem/storage, shared orchestration.	method:12a7cfd4b9f14e71102d0c0b1c7550e2	internal/worktrees(3)			needs facade or injected port
internal/worktrees/session_receive.go	result	sessionReceiveState::result	method	sessionReceiveState	false	598	603	sessions/custody/transport	internal/worktreesessions	none detected	none detected		0		0	0	covered	100.0	1	1	low	Source/target claims, prompts, custody lineage, and delivery receipts must remain paired.	method:54aedc323a3593838f8e60f8f57185b7				no direct reverse call/type reference; inspect bodies
internal/worktrees/session_receive.go	reuseRegistered	sessionReceiveState::reuseRegistered	method	sessionReceiveState	false	605	643	sessions/custody/transport	internal/worktreesessions	filesystem	filesystem,git,global,process	receivedSessionWorktreePath; verifySessionReceiveReuse; retireCompletedInterruptedSessionStage; sessionReceiveState::result; branchWorktreeCanonical; openAbsoluteDirectoryNoFollow	6		0	0	covered	100.0	27	27	high	Source/target claims, prompts, custody lineage, and delivery receipts must remain paired. Cross-domain calls: layout/discovery, secure filesystem/storage.	method:7d8bceef8cdf0e955a56332dc963a572				no direct reverse call/type reference; inspect bodies
internal/worktrees/session_receive.go	placeTarget	sessionReceiveState::placeTarget	method	sessionReceiveState	false	647	745	sessions/custody/transport	internal/worktreesessions	git,global	filesystem,git,global,process	verifySessionReceiveReuse(2); sessionReceivePhysicalCoordinates; sessionReceiveState::result; recoverInterruptedSessionReceivePublication; PlacementWorktree::Close; prepareCanonicalWorktreesRoot; prepareOperationRootAt; prepareWorktreeDestination	13		0	0	covered	100.0	56	56	high	Source/target claims, prompts, custody lineage, and delivery receipts must remain paired. Cross-domain calls: git subprocess/cache, layout/discovery, secure filesystem/storage, shared orchestration.	method:a4aa849470b66fe5f684821c23dddabd	internal/worktrees(4)			needs facade or injected port
internal/worktrees/session_receive.go	sessionReceiveFetchRef	sessionReceiveFetchRef	function		false	747	750	sessions/custody/transport	internal/worktreesessions	none detected	none detected		0		0	0	covered	100.0	2	2	low	Source/target claims, prompts, custody lineage, and delivery receipts must remain paired.	function:171f82c440dbe34b89e524897ef1f707				no direct reverse call/type reference; inspect bodies
internal/worktrees/session_receive.go	verifySessionReceiveCanonical	verifySessionReceiveCanonical	function		false	752	780	sessions/custody/transport	internal/worktreesessions	git,network	git,network	readCanonicalOriginRemote; gitCanonical; gitDirectoriesCanonical	3		0	0	partial	75.0	15	20	high	Source/target claims, prompts, custody lineage, and delivery receipts must remain paired. Cross-domain calls: git subprocess/cache, layout/discovery.	function:17c50aa83d46b1abb23643e9d31e767f		internal/worktrees(1)	internal/worktrees(1)	needs facade or injected port
internal/worktrees/session_receive.go	sessionReceiveCanonicalParent	sessionReceiveCanonicalParent	function		false	787	789	sessions/custody/transport	internal/worktreesessions	none detected	none detected	sessionReceiveCanonicalParentUsing	1		0	0	covered	100.0	1	1	low	Source/target claims, prompts, custody lineage, and delivery receipts must remain paired.	function:a6494591f0dae6d6f92db0663cc7a4ca				no direct reverse call/type reference; inspect bodies
internal/worktrees/session_receive.go	sessionReceiveCanonicalParentUsing	sessionReceiveCanonicalParentUsing	function		false	791	808	sessions/custody/transport	internal/worktreesessions	none detected	none detected		0		0	0	covered	100.0	10	10	low	Source/target claims, prompts, custody lineage, and delivery receipts must remain paired.	function:dfdab887c9ab85300c855fdee78f37fa				no direct reverse call/type reference; inspect bodies
internal/worktrees/session_receive.go	openOrCloneSessionReceiveCanonical	openOrCloneSessionReceiveCanonical	function		false	817	848	sessions/custody/transport	internal/worktreesessions	filesystem,git,network	filesystem,git,global,network,process	openSessionReceiveCanonicalFromHeldRoot; cloneSessionReceiveCanonical; openAbsoluteDirectoryNoFollow; openRelativeParentDirectory	4		0	0	partial	81.0	17	21	medium	Source/target claims, prompts, custody lineage, and delivery receipts must remain paired. Cross-domain calls: secure filesystem/storage.	function:ee509ba73295e0c923d8d74c8e2a3059		internal/worktrees(1)	internal/worktrees(1)	needs facade or injected port
internal/worktrees/session_receive.go	cloneSessionReceiveCanonical	cloneSessionReceiveCanonical	function		false	850	952	sessions/custody/transport	internal/worktreesessions	git,network,process	filesystem,git,global,network,process	openSessionReceiveCanonicalFromHeldRoot(2); verifySessionReceiveCanonical(2); directoryStillMatches(2); openDirectoryAtNoFollow(2); verifySecureStageDirectory(2); moveExpectedDirectoryNoReplace(2); requireAbsentNoFollowChild; makeSecureStageDirectory	18		0	0	partial	57.1	36	63	high	Source/target claims, prompts, custody lineage, and delivery receipts must remain paired. Cross-domain calls: git subprocess/cache, secure filesystem/storage, shared orchestration.	function:a8a68849ffa492f7a3f166a5011c3040	internal/worktrees(1)	internal/worktrees(1)	internal/worktrees(1)	needs facade or injected port
internal/worktrees/session_receive.go	openSessionReceiveCanonicalFromHeldRoot	openSessionReceiveCanonicalFromHeldRoot	function		false	959	970	sessions/custody/transport	internal/worktreesessions	none detected	filesystem	openCanonicalRepositoryFromOwnedRoot	1		0	0	partial	87.5	7	8	medium	Source/target claims, prompts, custody lineage, and delivery receipts must remain paired. Cross-domain calls: shared orchestration.	function:497cdd753ecddde61bcf8abc4d8427ee	internal/worktrees(1)	internal/worktrees(1)	internal/worktrees(1)	needs facade or injected port
internal/worktrees/session_receive.go	recoverInterruptedSessionReceivePublication	recoverInterruptedSessionReceivePublication	function		false	972	1095	sessions/custody/transport	internal/worktreesessions	global,process	filesystem,git,global,network,process	directoryStillMatches(4); verifyHeldSessionReceiveCheckout(3); openDirectoryAtNoFollow(3); branchWorktreeCanonical(2); verifySessionReceiveReuse; retireCompletedInterruptedSessionStage; exactInterruptedSessionStage; requireOnlyInterruptedSessionStage	23		0	0	partial	66.2	53	80	high	Source/target claims, prompts, custody lineage, and delivery receipts must remain paired. Cross-domain calls: layout/discovery, secure filesystem/storage, shared orchestration.	function:90eccaea2d8b5ff6505d609eb1d46148	internal/worktrees(1)	internal/worktrees(1)	internal/worktrees(1)	needs facade or injected port
internal/worktrees/session_receive.go	exactInterruptedSessionStage	exactInterruptedSessionStage	function		false	1097	1099	sessions/custody/transport	internal/worktreesessions	none detected	none detected	exactInterruptedSessionStageUsing	1		0	0	covered	100.0	1	1	low	Source/target claims, prompts, custody lineage, and delivery receipts must remain paired.	function:f986a4e2bb156349f4143ce18fbfe0d4				no direct reverse call/type reference; inspect bodies
internal/worktrees/session_receive.go	exactInterruptedSessionStageUsing	exactInterruptedSessionStageUsing	function		false	1101	1114	sessions/custody/transport	internal/worktreesessions	none detected	none detected	validInterruptedSessionStageName	1		0	0	covered	100.0	7	7	low	Source/target claims, prompts, custody lineage, and delivery receipts must remain paired.	function:206eede3767d465193f2520a3bc7bd66				no direct reverse call/type reference; inspect bodies
internal/worktrees/session_receive.go	validInterruptedSessionStageName	validInterruptedSessionStageName	function		false	1116	1129	sessions/custody/transport	internal/worktreesessions	none detected	none detected		0		0	0	covered	100.0	8	8	low	Source/target claims, prompts, custody lineage, and delivery receipts must remain paired.	function:16a3cd1b999161271f5786833d9cb834				no direct reverse call/type reference; inspect bodies
internal/worktrees/session_receive.go	requireOnlyInterruptedSessionStage	requireOnlyInterruptedSessionStage	function		false	1131	1140	sessions/custody/transport	internal/worktreesessions	none detected	global	interruptedSessionStageNames	1		0	0	covered	100.0	6	6	low	Source/target claims, prompts, custody lineage, and delivery receipts must remain paired.	function:947df67b72ce489f22ed9007354c0a76				no direct reverse call/type reference; inspect bodies
internal/worktrees/session_receive.go	interruptedSessionStageNames	interruptedSessionStageNames	function		false	1142	1157	sessions/custody/transport	internal/worktreesessions	global	global	validInterruptedSessionStageName	1		0	0	covered	100.0	10	10	low	Source/target claims, prompts, custody lineage, and delivery receipts must remain paired.	function:c8e47312576a20dcf246a8d18305f730				no direct reverse call/type reference; inspect bodies
internal/worktrees/session_receive.go	retireCompletedInterruptedSessionStage	retireCompletedInterruptedSessionStage	function		false	1159	1194	sessions/custody/transport	internal/worktreesessions	none detected	filesystem,global,process	interruptedSessionStageNames; openDirectoryAtNoFollow; directoryStillMatches; verifySecureStageDirectory; directoryEmpty; quarantineMatchingStageDirectoryAt	6		0	0	partial	68.0	17	25	medium	Source/target claims, prompts, custody lineage, and delivery receipts must remain paired. Cross-domain calls: secure filesystem/storage.	function:fd5028786510485a43be5096d9428bfb				no direct reverse call/type reference; inspect bodies
internal/worktrees/session_receive.go	verifySessionReceiveReuse	verifySessionReceiveReuse	function		false	1196	1213	sessions/custody/transport	internal/worktreesessions	none detected	filesystem,git,global,process	openAdoptedCleanupWorktree; verifyHeldSessionReceiveCheckout; branchWorktreeCanonical	3		0	0	covered	100.0	12	12	medium	Source/target claims, prompts, custody lineage, and delivery receipts must remain paired. Cross-domain calls: layout/discovery, retirement/recovery/GC.	function:90313f5c5934a40d277ba61c7f7e6a7c	internal/worktreeretire(1)	internal/worktrees(1)	internal/worktrees(1)	needs facade or injected port
internal/worktrees/session_receive.go	verifyHeldSessionReceiveCheckout	verifyHeldSessionReceiveCheckout	function		false	1215	1253	sessions/custody/transport	internal/worktreesessions	process	filesystem,global,process	runSecureRenameGitBytesWithHeldWorktree(5)	5		0	0	partial	83.3	20	24	medium	Source/target claims, prompts, custody lineage, and delivery receipts must remain paired. Cross-domain calls: shared orchestration.	function:3b3488a5c386812395df7697186171b2	internal/worktrees(5)			needs facade or injected port
internal/worktrees/session_receive.go	sessionReceiveRepositoryFromRemote	sessionReceiveRepositoryFromRemote	function		false	1255	1261	sessions/custody/transport	internal/worktreesessions	git,network	git,network		0		0	0	covered	100.0	4	4	medium	Source/target claims, prompts, custody lineage, and delivery receipts must remain paired.	function:db1a6bfce0b9d31a02bdeb55c8b16dca				no direct reverse call/type reference; inspect bodies
internal/worktrees/shell_retirement.go	RetireShellsOptions	RetireShellsOptions	struct		true	29	38	retirement/recovery/GC	internal/worktreeretire	none detected	none detected		0	cmd/wb/worktree.go [instantiates]	1	1	n/a		0	0	medium	Recoverable snapshots and durable receipts precede destructive local/remote cleanup.	struct:0c4b7d11cbca496cd2b6a316e1d1d0ff				no direct reverse call/type reference; inspect bodies
internal/worktrees/shell_retirement.go	RetiredShell	RetiredShell	struct		true	42	50	retirement/recovery/GC	internal/worktreeretire	none detected	none detected		0		0	0	n/a		0	0	low	Recoverable snapshots and durable receipts precede destructive local/remote cleanup.	struct:2ccac3840fc47232470331fc84c0710c				no direct reverse call/type reference; inspect bodies
internal/worktrees/shell_retirement.go	RetireShellsOutcome	RetireShellsOutcome	struct		true	53	57	retirement/recovery/GC	internal/worktreeretire	none detected	none detected		0	cmd/wb/worktree.go [references]	1	1	n/a		0	0	medium	Recoverable snapshots and durable receipts precede destructive local/remote cleanup.	struct:cae15b62cb30634fc3ce7332ef3580b6				no direct reverse call/type reference; inspect bodies
internal/worktrees/shell_retirement.go	RetireTaskShells	RetireTaskShells	function		true	62	131	retirement/recovery/GC	internal/worktreeretire	filesystem,global	filesystem,global	taskSelectionSet; taskSelectionMatches; ListWithDiagnostics; inspectTaskShell; applyTaskShellRetirement	5	cmd/wb/worktree.go [calls]	1	1	partial	93.8	45	48	medium	Recoverable snapshots and durable receipts precede destructive local/remote cleanup. Cross-domain calls: layout/discovery.	function:3118af8504a55f42c7b6bdd4428ee28f				no direct reverse call/type reference; inspect bodies
internal/worktrees/shell_retirement.go	inspectTaskShell	inspectTaskShell	function		false	141	145	retirement/recovery/GC	internal/worktreeretire	none detected	filesystem,global	taskShellIsEmpty	1		0	0	covered	100.0	3	3	low	Recoverable snapshots and durable receipts precede destructive local/remote cleanup.	function:376d57553ecf4d0de9ad1f3609ec5eba				no direct reverse call/type reference; inspect bodies
internal/worktrees/shell_retirement.go	taskShellIsEmpty	taskShellIsEmpty	function		false	153	213	retirement/recovery/GC	internal/worktreeretire	filesystem,global	filesystem,git,global	isWorktreeStagingDirectory; isRetiredWorktreeStagingDirectory; inspectLifecycleArtifact; ownerDirectoryIsProvablyEmpty	4		0	0	partial	91.9	34	37	medium	Recoverable snapshots and durable receipts precede destructive local/remote cleanup. Cross-domain calls: layout/discovery.	function:575624e5c77726bd228d00c9ce0f302c				no direct reverse call/type reference; inspect bodies
internal/worktrees/shell_retirement.go	ownerDirectoryIsProvablyEmpty	ownerDirectoryIsProvablyEmpty	function		false	222	252	retirement/recovery/GC	internal/worktreeretire	filesystem	filesystem		0		0	0	partial	90.5	19	21	low	Recoverable snapshots and durable receipts precede destructive local/remote cleanup.	function:7b5ac92a752160826d29c829d6144c0a				no direct reverse call/type reference; inspect bodies
internal/worktrees/shell_retirement.go	applyTaskShellRetirement	applyTaskShellRetirement	function		false	261	263	retirement/recovery/GC	internal/worktreeretire	none detected	filesystem,global	applyTaskShellRetirementWithHooks	1		0	0	covered	100.0	1	1	low	Recoverable snapshots and durable receipts precede destructive local/remote cleanup.	function:24db54d7f5ff05ad558de1a50dc429ad				no direct reverse call/type reference; inspect bodies
internal/worktrees/shell_retirement.go	taskShellRetirementHooks	taskShellRetirementHooks	struct		false	265	274	retirement/recovery/GC	internal/worktreeretire	none detected	none detected		0		0	0	n/a		0	0	low	Recoverable snapshots and durable receipts precede destructive local/remote cleanup.	struct:015d12ba5350f83d3837459440aeb38d				no direct reverse call/type reference; inspect bodies
internal/worktrees/shell_retirement.go	applyTaskShellRetirementWithHooks	applyTaskShellRetirementWithHooks	function		false	276	401	retirement/recovery/GC	internal/worktreeretire	filesystem	filesystem,global	repositoryRegistrationLock::release(2); purgeTerminalTaskLockDebris(2); acquireCleanupTaskAt; cleanupTaskHandle::preserveLock; taskShellIsEmpty; isRetiredWorktreeStagingDirectory	8		0	0	covered	100.0	75	75	high	Recoverable snapshots and durable receipts precede destructive local/remote cleanup. Cross-domain calls: claims/locks/worklogs, layout/discovery.	function:b6c697b85c6eaafcbd795bdf80e17d09				no direct reverse call/type reference; inspect bodies
internal/worktrees/stage_recovery.go	RetiredStageRecoveryOptions	RetiredStageRecoveryOptions	struct		true	25	30	retirement/recovery/GC	internal/worktreeretire	none detected	none detected		0	cmd/wb/worktree.go [instantiates]	1	1	n/a		0	0	medium	Recoverable snapshots and durable receipts precede destructive local/remote cleanup.	struct:a92223a729eb077866d37d2bffe58730				no direct reverse call/type reference; inspect bodies
internal/worktrees/stage_recovery.go	RetiredStageRecoveryResult	RetiredStageRecoveryResult	struct		true	32	54	retirement/recovery/GC	internal/worktreeretire	none detected	none detected		0		0	0	n/a		0	0	low	Recoverable snapshots and durable receipts precede destructive local/remote cleanup.	struct:f056592439e3f8ad9eb13e6a73dc288f				no direct reverse call/type reference; inspect bodies
internal/worktrees/stage_recovery.go	RetiredStageRecoveryOutcome	RetiredStageRecoveryOutcome	struct		true	56	60	retirement/recovery/GC	internal/worktreeretire	none detected	none detected		0		0	0	n/a		0	0	low	Recoverable snapshots and durable receipts precede destructive local/remote cleanup.	struct:e27b1bf4e88825f3fa9a7709fd85410b				no direct reverse call/type reference; inspect bodies
internal/worktrees/stage_recovery.go	stageContentInventory	stageContentInventory	struct		false	62	68	retirement/recovery/GC	internal/worktreeretire	none detected	none detected		0		0	0	n/a		0	0	low	Recoverable snapshots and durable receipts precede destructive local/remote cleanup.	struct:46e69a15530d369a43ff4171a20b6397				no direct reverse call/type reference; inspect bodies
internal/worktrees/stage_recovery.go	RecoverRetiredStages	RecoverRetiredStages	function		true	74	137	retirement/recovery/GC	internal/worktreeretire	filesystem	filesystem,git,global	isRetiredWorktreeStagingDirectory(2); validSafeSegment; inspectRetiredStage; applyRetiredStageRecovery; retiredStageReceiptPath; writeRetiredStageReceipt; findRetiredStageReceipt	8		0	0	partial	86.0	37	43	medium	Recoverable snapshots and durable receipts precede destructive local/remote cleanup. Cross-domain calls: layout/discovery.	function:4ee26759b2c951e3c361b8350357c210				no direct reverse call/type reference; inspect bodies
internal/worktrees/stage_recovery.go	inspectRetiredStage	inspectRetiredStage	function		false	139	180	retirement/recovery/GC	internal/worktreeretire	filesystem,global	filesystem,git,global	openAbsoluteDirectoryNoFollow; inventoryStage; inspectStageGit; stageContentIsDurable	4		0	0	partial	81.8	27	33	medium	Recoverable snapshots and durable receipts precede destructive local/remote cleanup. Cross-domain calls: secure filesystem/storage.	function:cc3e3bc84fd6df63499c62277bcdd10c				no direct reverse call/type reference; inspect bodies
internal/worktrees/stage_recovery.go	inspectStageGit	inspectStageGit	function		false	182	193	retirement/recovery/GC	internal/worktreeretire	git	git,global,process	git(6)	6		0	0	covered	100.0	9	9	medium	Recoverable snapshots and durable receipts precede destructive local/remote cleanup. Cross-domain calls: git subprocess/cache.	function:a2812c7d2e6650d37801ddb963ee6e64				no direct reverse call/type reference; inspect bodies
internal/worktrees/stage_recovery.go	stageContentIsDurable	stageContentIsDurable	function		false	195	204	retirement/recovery/GC	internal/worktreeretire	git	git,global,process	git(2)	2		0	0	covered	100.0	6	6	medium	Recoverable snapshots and durable receipts precede destructive local/remote cleanup. Cross-domain calls: git subprocess/cache.	function:89221c8b242913870f3f4aa7de979775				no direct reverse call/type reference; inspect bodies
internal/worktrees/stage_recovery.go	inventoryStage	inventoryStage	function		false	206	256	retirement/recovery/GC	internal/worktreeretire	filesystem,global	filesystem,global		0		0	0	partial	85.7	30	35	medium	Recoverable snapshots and durable receipts precede destructive local/remote cleanup.	function:4c8a8fa581ae5fdcf88bce43f045f187				no direct reverse call/type reference; inspect bodies
internal/worktrees/stage_recovery.go	retiredStageArchivePath	retiredStageArchivePath	function		false	258	261	retirement/recovery/GC	internal/worktreeretire	none detected	none detected		0		0	0	covered	100.0	1	1	low	Recoverable snapshots and durable receipts precede destructive local/remote cleanup.	function:1412294fae5b7def5f07aa56fc0e0c87				no direct reverse call/type reference; inspect bodies
internal/worktrees/stage_recovery.go	retiredStageReceiptPath	retiredStageReceiptPath	function		false	263	274	retirement/recovery/GC	internal/worktreeretire	none detected	none detected		0		0	0	covered	100.0	8	8	low	Recoverable snapshots and durable receipts precede destructive local/remote cleanup.	function:2ea66c0d7f6eb183c42d93b60957e1e1				no direct reverse call/type reference; inspect bodies
internal/worktrees/stage_recovery.go	applyRetiredStageRecovery	applyRetiredStageRecovery	function		false	276	278	retirement/recovery/GC	internal/worktreeretire	none detected	filesystem,global	applyRetiredStageRecoveryWithHooks	1		0	0	covered	100.0	1	1	low	Recoverable snapshots and durable receipts precede destructive local/remote cleanup.	function:b5d9ae8d93d0c4faf0606238c284fb57				no direct reverse call/type reference; inspect bodies
internal/worktrees/stage_recovery.go	retiredStageRecoveryHooks	retiredStageRecoveryHooks	struct		false	282	290	retirement/recovery/GC	internal/worktreeretire	none detected	none detected		0		0	0	n/a		0	0	low	Recoverable snapshots and durable receipts precede destructive local/remote cleanup.	struct:9b133d9b351796b2ec0041e053d0cddb		internal/worktreelayout(1)		no direct reverse call/type reference; inspect bodies
internal/worktrees/stage_recovery.go	applyRetiredStageRecoveryWithHooks	applyRetiredStageRecoveryWithHooks	function		false	292	395	retirement/recovery/GC	internal/worktreeretire	filesystem,global	filesystem,global	openAbsoluteDirectoryNoFollow(2); inventoryStage; acquireCleanupTaskAt; cleanupTaskHandle::preserveLock; repositoryRegistrationLock::release; purgeTerminalTaskLockDebris; directoryStillMatches; retiredStageArchivePath	10		0	0	covered	100.0	81	81	high	Recoverable snapshots and durable receipts precede destructive local/remote cleanup. Cross-domain calls: claims/locks/worklogs, secure filesystem/storage.	function:5fa911498497a97ba103428ad0fb03e4				no direct reverse call/type reference; inspect bodies
internal/worktrees/stage_recovery.go	writeRetiredStageReceipt	writeRetiredStageReceipt	function		false	397	399	retirement/recovery/GC	internal/worktreeretire	none detected	filesystem	writeRetiredStageReceiptInjected	1		0	0	covered	100.0	1	1	low	Recoverable snapshots and durable receipts precede destructive local/remote cleanup.	function:a8f8a70418898b3d34706b06da039cb4				no direct reverse call/type reference; inspect bodies
internal/worktrees/stage_recovery.go	writeRetiredStageReceiptInjected	writeRetiredStageReceiptInjected	function		false	408	425	retirement/recovery/GC	internal/worktreeretire	filesystem	filesystem		0		0	0	partial	91.7	11	12	low	Recoverable snapshots and durable receipts precede destructive local/remote cleanup.	function:1a5a5e9161d42f928f7c21457f382ac4				no direct reverse call/type reference; inspect bodies
internal/worktrees/stage_recovery.go	findRetiredStageReceipt	findRetiredStageReceipt	function		false	427	463	retirement/recovery/GC	internal/worktreeretire	filesystem,global	filesystem,global		0		0	0	partial	90.9	20	22	medium	Recoverable snapshots and durable receipts precede destructive local/remote cleanup.	function:137693258c0df8eaf8c56c15d70777d0				no direct reverse call/type reference; inspect bodies
internal/worktrees/supersession.go	SupersessionReceipt	SupersessionReceipt	struct		true	24	45	branch reconciliation/cleanup	internal/worktreebranches	none detected	none detected		0		0	0	n/a		0	0	low	Protected branch and exact target/head evidence precede deletion or quarantine.	struct:92eede8e797f07dff6df4f3005aac0a9				no direct reverse call/type reference; inspect bodies
internal/worktrees/supersession.go	SupersessionDependencyDelta	SupersessionDependencyDelta	struct		true	50	65	branch reconciliation/cleanup	internal/worktreebranches	none detected	none detected		0		0	0	n/a		0	0	low	Protected branch and exact target/head evidence precede deletion or quarantine.	struct:2eea02d78cb051596f0a6454c70ae57c		internal/worktreeclaims(1)		no direct reverse call/type reference; inspect bodies
internal/worktrees/supersession.go	DependencyAuditJSON	SupersessionReceipt::DependencyAuditJSON	method	SupersessionReceipt	true	69	82	branch reconciliation/cleanup	internal/worktreebranches	none detected	none detected	sortedDependencyDeltas	1		0	0	covered	100.0	3	3	low	Protected branch and exact target/head evidence precede deletion or quarantine.	method:182c8624e4c9743d37cbddbaa46ac4f7				no direct reverse call/type reference; inspect bodies
internal/worktrees/supersession.go	DependencyAuditMarkdown	SupersessionReceipt::DependencyAuditMarkdown	method	SupersessionReceipt	true	84	97	branch reconciliation/cleanup	internal/worktreebranches	global	global	sortedDependencyDeltas	1		0	0	covered	100.0	9	9	low	Protected branch and exact target/head evidence precede deletion or quarantine.	method:0089eb9af6f7b2464f35623d5b2498a0				no direct reverse call/type reference; inspect bodies
internal/worktrees/supersession.go	sortedDependencyDeltas	sortedDependencyDeltas	function		false	99	111	branch reconciliation/cleanup	internal/worktreebranches	none detected	none detected		0		0	0	partial	87.5	7	8	low	Protected branch and exact target/head evidence precede deletion or quarantine.	function:f481db6dcc15e1ee74b65b76ebe54692				no direct reverse call/type reference; inspect bodies
internal/worktrees/supersession.go	SupersessionReplacement	SupersessionReplacement	struct		true	115	119	branch reconciliation/cleanup	internal/worktreebranches	none detected	none detected		0		0	0	n/a		0	0	low	Protected branch and exact target/head evidence precede deletion or quarantine.	struct:94b65d983feb9c5895fe076f0131101b				no direct reverse call/type reference; inspect bodies
internal/worktrees/supersession.go	SupersessionResidual	SupersessionResidual	struct		true	124	131	branch reconciliation/cleanup	internal/worktreebranches	none detected	none detected		0		0	0	n/a		0	0	low	Protected branch and exact target/head evidence precede deletion or quarantine.	struct:88effffc30c1312595805bdcaa097d21				no direct reverse call/type reference; inspect bodies
internal/worktrees/supersession.go	SupersessionApproval	SupersessionApproval	struct		true	136	142	branch reconciliation/cleanup	internal/worktreebranches	none detected	none detected		0		0	0	n/a		0	0	low	Protected branch and exact target/head evidence precede deletion or quarantine.	struct:00cfe61c0bf2bcece341ca8cb5b94f90				no direct reverse call/type reference; inspect bodies
internal/worktrees/supersession.go	supersessionReceiptForEntry	supersessionReceiptForEntry	function		false	153	172	branch reconciliation/cleanup	internal/worktreebranches	filesystem,global	filesystem,git,global,process	validateSupersessionReceipt	1		0	0	covered	100.0	14	14	medium	Protected branch and exact target/head evidence precede deletion or quarantine.	function:20e2caf17e515b9fec33dd2d2368be9e		internal/worktreelayout(1)		no direct reverse call/type reference; inspect bodies
internal/worktrees/supersession.go	applySupersessionReceipt	applySupersessionReceipt	function		false	174	190	branch reconciliation/cleanup	internal/worktreebranches	none detected	filesystem,git,global	supersessionReceiptForEntry	1		0	0	covered	100.0	13	13	low	Protected branch and exact target/head evidence precede deletion or quarantine.	function:74efae9cdb2e96c9332b0b73457b4a31		internal/worktreelayout(1)		no direct reverse call/type reference; inspect bodies
internal/worktrees/supersession.go	validateSupersessionReceipt	validateSupersessionReceipt	function		false	192	295	branch reconciliation/cleanup	internal/worktreebranches	git	git,global,process	isGitObjectID(3); validateDependencyDeltas; isAncestor; git	6		0	0	partial	70.0	49	70	medium	Protected branch and exact target/head evidence precede deletion or quarantine. Cross-domain calls: git subprocess/cache, landing/merge receipts.	function:94162b1ddc8363b8370d995f43905910		internal/worktreelayout(1)		no direct reverse call/type reference; inspect bodies
internal/worktrees/supersession.go	validateDependencyDeltas	validateDependencyDeltas	function		false	301	385	branch reconciliation/cleanup	internal/worktreebranches	git	filesystem,git,global,process	git(5); validateDependencyManifest(3); dependencyCampaignWorktree; validateAuthoritativeSourcePullRequest; dependencyDeltasForValidation; dependencyManifestValue; dependencyLockfile; selectorNamesExactPackage	15		0	0	partial	74.1	43	58	medium	Protected branch and exact target/head evidence precede deletion or quarantine. Cross-domain calls: git subprocess/cache.	function:96218c1688ebc35b19c7b6cbf9cf5bae		internal/worktreelayout(1)		no direct reverse call/type reference; inspect bodies
internal/worktrees/supersession.go	dependencyDeltasForValidation	dependencyDeltasForValidation	function		false	387	430	branch reconciliation/cleanup	internal/worktreebranches	none detected	global	sortedDependencyDeltas; dependencyVersionSatisfies	2		0	0	covered	100.0	21	21	low	Protected branch and exact target/head evidence precede deletion or quarantine.	function:cfe1a0d052c366de7ba637d1d40037be		internal/worktreelayout(1)		no direct reverse call/type reference; inspect bodies
internal/worktrees/supersession.go	ValidateDependencyDeltas	ValidateDependencyDeltas	function		true	435	440	branch reconciliation/cleanup	internal/worktreebranches	none detected	git,global	validateDependencyDeltas	1		0	0	covered	100.0	3	3	low	Protected branch and exact target/head evidence precede deletion or quarantine.	function:b131ed3cfd4ca2e45da682469420c33b		internal/worktreelayout(1)		no direct reverse call/type reference; inspect bodies
internal/worktrees/supersession.go	validateAuthoritativeSourcePullRequest	validateAuthoritativeSourcePullRequest	function		false	442	463	branch reconciliation/cleanup	internal/worktreebranches	none detected	none detected		0		0	0	covered	100.0	14	14	low	Protected branch and exact target/head evidence precede deletion or quarantine.	function:64aed6107ca2542860d63df942919be2		internal/worktreelayout(1)		no direct reverse call/type reference; inspect bodies
internal/worktrees/supersession.go	dependencyCampaignWorktree	dependencyCampaignWorktree	function		false	465	491	branch reconciliation/cleanup	internal/worktreebranches	git	filesystem,git,global,process	ReadManifest; isDependencyManifestOrImporter; git	3		0	0	partial	87.5	14	16	medium	Protected branch and exact target/head evidence precede deletion or quarantine. Cross-domain calls: claims/locks/worklogs, git subprocess/cache.	function:de2b881d3c6af59bc595488255c97abf		internal/worktreelayout(1)		no direct reverse call/type reference; inspect bodies
internal/worktrees/supersession.go	isDependencyManifestOrImporter	isDependencyManifestOrImporter	function		false	493	501	branch reconciliation/cleanup	internal/worktreebranches	none detected	none detected		0		0	0	covered	100.0	5	5	low	Protected branch and exact target/head evidence precede deletion or quarantine.	function:45d6a3e440910848b70b88c6910dd092				no direct reverse call/type reference; inspect bodies
internal/worktrees/supersession.go	dependencyLockfile	dependencyLockfile	function		false	503	539	branch reconciliation/cleanup	internal/worktreebranches	git,global	git,global,process	containsString; git	2		0	0	covered	100.0	24	24	medium	Protected branch and exact target/head evidence precede deletion or quarantine. Cross-domain calls: git subprocess/cache.	function:0a39069a471a85a19c2739180670c9e4				no direct reverse call/type reference; inspect bodies
internal/worktrees/supersession.go	containsString	containsString	function		false	541	548	branch reconciliation/cleanup	internal/worktreebranches	none detected	none detected		0		0	0	covered	100.0	4	4	low	Protected branch and exact target/head evidence precede deletion or quarantine.	function:a8d5ca1e2838cc32dd89cd264de4013c				no direct reverse call/type reference; inspect bodies
internal/worktrees/supersession.go	selectorNamesExactPackage	selectorNamesExactPackage	function		false	550	560	branch reconciliation/cleanup	internal/worktreebranches	none detected	none detected	parseLockfileSelector	1		0	0	partial	83.3	5	6	low	Protected branch and exact target/head evidence precede deletion or quarantine.	function:b6db847d0cd474395d426f29a8941bcb				no direct reverse call/type reference; inspect bodies
internal/worktrees/supersession.go	lockfileEntryContainsVersion	lockfileEntryContainsVersion	function		false	562	605	branch reconciliation/cleanup	internal/worktreebranches	global	global	selectorPackageFromLockfileSelector; parseLockfileSelector	2		0	0	partial	96.7	29	30	low	Protected branch and exact target/head evidence precede deletion or quarantine.	function:870ac827517de5de991a37dba8fe3ec0				no direct reverse call/type reference; inspect bodies
internal/worktrees/supersession.go	selectorPackageFromLockfileSelector	selectorPackageFromLockfileSelector	function		false	607	622	branch reconciliation/cleanup	internal/worktreebranches	none detected	none detected		0		0	0	covered	100.0	9	9	low	Protected branch and exact target/head evidence precede deletion or quarantine.	function:f57a1900d6194ab8b9c8a36cc6946c52				no direct reverse call/type reference; inspect bodies
internal/worktrees/supersession.go	parseLockfileSelector	parseLockfileSelector	function		false	627	653	branch reconciliation/cleanup	internal/worktreebranches	none detected	none detected		0		0	0	covered	100.0	14	14	low	Protected branch and exact target/head evidence precede deletion or quarantine.	function:ffc296ed529a8508528d0376e8001f08				no direct reverse call/type reference; inspect bodies
internal/worktrees/supersession.go	dependencyVersionSatisfies	dependencyVersionSatisfies	function		false	659	677	branch reconciliation/cleanup	internal/worktreebranches	none detected	global	normalizeDependencyVersion(4); npmRangeAlternativeSatisfies	5		0	0	covered	100.0	12	12	low	Protected branch and exact target/head evidence precede deletion or quarantine.	function:24927643680ed98c160a4bea9210eb18				no direct reverse call/type reference; inspect bodies
internal/worktrees/supersession.go	normalizeDependencyVersion	normalizeDependencyVersion	function		false	679	685	branch reconciliation/cleanup	internal/worktreebranches	none detected	none detected		0		0	0	covered	100.0	4	4	low	Protected branch and exact target/head evidence precede deletion or quarantine.	function:0808b0b41eddbf5cd6a01c60875f942b				no direct reverse call/type reference; inspect bodies
internal/worktrees/supersession.go	npmRangeAlternativeSatisfies	npmRangeAlternativeSatisfies	function		false	687	725	branch reconciliation/cleanup	internal/worktreebranches	global	global	mustAtoi(4); normalizeDependencyVersion(3); npmComparatorSatisfies(2)	9		0	0	partial	91.7	22	24	low	Protected branch and exact target/head evidence precede deletion or quarantine.	function:ba067111240a200cbcf48a4dcdedfdd7				no direct reverse call/type reference; inspect bodies
internal/worktrees/supersession.go	npmComparatorSatisfies	npmComparatorSatisfies	function		false	727	766	branch reconciliation/cleanup	internal/worktreebranches	none detected	none detected	normalizeDependencyVersion(2)	2		0	0	covered	100.0	25	25	low	Protected branch and exact target/head evidence precede deletion or quarantine.	function:2f91d69322857f98b2fa54ed27769ce9				no direct reverse call/type reference; inspect bodies
internal/worktrees/supersession.go	mustAtoi	mustAtoi	function		false	768	774	branch reconciliation/cleanup	internal/worktreebranches	global	global		0		0	0	covered	100.0	4	4	low	Protected branch and exact target/head evidence precede deletion or quarantine.	function:21f7312ef1633e8ebfff5f2a005c0492				no direct reverse call/type reference; inspect bodies
internal/worktrees/supersession.go	npmDependencyManifest	npmDependencyManifest	struct		false	776	781	branch reconciliation/cleanup	internal/worktreebranches	none detected	none detected		0		0	0	n/a		0	0	low	Protected branch and exact target/head evidence precede deletion or quarantine.	struct:730aaf112984a29b750909e5ac054872				no direct reverse call/type reference; inspect bodies
internal/worktrees/supersession.go	directDependencies	npmDependencyManifest::directDependencies	method	npmDependencyManifest	false	783	796	branch reconciliation/cleanup	internal/worktreebranches	none detected	none detected		0		0	0	covered	100.0	6	6	low	Protected branch and exact target/head evidence precede deletion or quarantine.	method:0dd59fadb5e327d0af05b90721f92503				no direct reverse call/type reference; inspect bodies
internal/worktrees/supersession.go	validateDependencyManifest	validateDependencyManifest	function		false	798	844	branch reconciliation/cleanup	internal/worktreebranches	global	global	dependencyVersionSatisfies(2); npmDependencyManifest::directDependencies	3		0	0	covered	100.0	30	30	low	Protected branch and exact target/head evidence precede deletion or quarantine.	function:3ce4cb135e4abdac5fcc8b26910d43cf				no direct reverse call/type reference; inspect bodies
internal/worktrees/supersession.go	dependencyManifestValue	dependencyManifestValue	function		false	846	880	branch reconciliation/cleanup	internal/worktreebranches	global	global	npmDependencyManifest::directDependencies	1		0	0	covered	100.0	22	22	low	Protected branch and exact target/head evidence precede deletion or quarantine.	function:7afb5b4bf6c3ef6b267c55f0a390f7a4				no direct reverse call/type reference; inspect bodies
internal/worktrees/supersession.go	sameSupersessionReceipt	sameSupersessionReceipt	function		false	882	889	branch reconciliation/cleanup	internal/worktreebranches	none detected	none detected		0		0	0	covered	100.0	5	5	low	Protected branch and exact target/head evidence precede deletion or quarantine.	function:ad5d825ef231ebc2eaeb11aad98906bb				no direct reverse call/type reference; inspect bodies
internal/worktrees/target_head_cache.go	targetHeadCache	targetHeadCache	struct		false	22	25	landing/merge receipts	internal/worktreelanding	global	global		0		0	0	n/a		0	0	low	Receipt identity, target SHA, source SHA, and PR evidence must be corroborated.	struct:050a34640d431ea356aa6896e2a969ea				no direct reverse call/type reference; inspect bodies
internal/worktrees/target_head_cache.go	targetHeadEntry	targetHeadEntry	struct		false	32	36	landing/merge receipts	internal/worktreelanding	global	global		0		0	0	n/a		0	0	low	Receipt identity, target SHA, source SHA, and PR evidence must be corroborated.	struct:6ad63343a7a352132ca27cf511824706				no direct reverse call/type reference; inspect bodies
internal/worktrees/target_head_cache.go	targetHeadCacheKey	targetHeadCacheKey	struct		false	38	38	landing/merge receipts	internal/worktreelanding	none detected	none detected		0		0	0	n/a		0	0	low	Receipt identity, target SHA, source SHA, and PR evidence must be corroborated.	struct:4f20f6748339a2adc052067f1955d37e				no direct reverse call/type reference; inspect bodies
internal/worktrees/target_head_cache.go	withTargetHeadCache	withTargetHeadCache	function		false	42	46	landing/merge receipts	internal/worktreelanding	none detected	none detected		0		0	0	covered	100.0	1	1	low	Receipt identity, target SHA, source SHA, and PR evidence must be corroborated.	function:ab300b187651edcf8f435715b27f85aa				no direct reverse call/type reference; inspect bodies
internal/worktrees/target_head_cache.go	targetHeadCacheFrom	targetHeadCacheFrom	function		false	48	51	landing/merge receipts	internal/worktreelanding	none detected	none detected		0		0	0	covered	100.0	2	2	low	Receipt identity, target SHA, source SHA, and PR evidence must be corroborated.	function:050f669e6d9228ba8d7636ec0626572a				no direct reverse call/type reference; inspect bodies
internal/worktrees/target_head_cache.go	resolve	targetHeadCache::resolve	method	targetHeadCache	false	59	70	landing/merge receipts	internal/worktreelanding	none detected	none detected		0		0	0	covered	100.0	10	10	low	Receipt identity, target SHA, source SHA, and PR evidence must be corroborated.	method:c378860e30b02d2ee55f48313e69abf3				no direct reverse call/type reference; inspect bodies
internal/worktrees/terminal_artefacts.go	PurgedArtefact	PurgedArtefact	struct		true	13	18	layout/discovery	internal/worktreelayout	none detected	none detected		0		0	0	n/a		0	0	low	Canonical paths, no-follow walk, placement policy, and owner coordinates must agree.	struct:b5e22476567a210e2d1b98dc9cc86f9e				no direct reverse call/type reference; inspect bodies
internal/worktrees/terminal_artefacts.go	isRetiredWorktreeOperationLock	isRetiredWorktreeOperationLock	function		false	25	27	retirement/recovery/GC	internal/worktreeretire	none detected	none detected		0		0	0	covered	100.0	1	1	low	Recoverable snapshots and durable receipts precede destructive local/remote cleanup.	function:dd538723d29485e565104cc1e7155273				no direct reverse call/type reference; inspect bodies
internal/worktrees/terminal_artefacts.go	purgeTerminalArtefacts	purgeTerminalArtefacts	function		false	54	115	retirement/recovery/GC	internal/worktreeretire	filesystem,global	filesystem,global	isRetiredWorktreeOperationLock; openAbsoluteDirectoryNoFollow; isRetiredWorktreeStagingDirectory	3		0	0	partial	88.9	32	36	high	Recoverable snapshots and durable receipts precede destructive local/remote cleanup. Cross-domain calls: layout/discovery, secure filesystem/storage.	function:1d072231a2ff65a1dca81960b21a72db		internal/worktreelayout(1)		no direct reverse call/type reference; inspect bodies
internal/worktrees/terminal_cleanup.go	readCleanupReportFile	readCleanupReportFile	function		false	19	41	retirement/recovery/GC	internal/worktreeretire	filesystem,global	filesystem,global	requireJSONEOF	1		0	0	partial	93.8	15	16	medium	Recoverable snapshots and durable receipts precede destructive local/remote cleanup. Cross-domain calls: layout/discovery.	function:05d26c41f78970143a06827ae6c7710c		internal/worktreelayout(1)		no direct reverse call/type reference; inspect bodies
internal/worktrees/terminal_cleanup.go	TerminalCleanupProof	TerminalCleanupProof	struct		true	47	51	retirement/recovery/GC	internal/worktreeretire	none detected	none detected		0		0	0	n/a		0	0	low	Recoverable snapshots and durable receipts precede destructive local/remote cleanup.	struct:20fd112dfe029c8faac43a18342547a6		internal/worktreelayout(1)		no direct reverse call/type reference; inspect bodies
internal/worktrees/terminal_cleanup.go	FindTerminalCleanupProof	FindTerminalCleanupProof	function		true	57	147	retirement/recovery/GC	internal/worktreeretire	filesystem,global	filesystem,global	readCleanupReportFile; cleanupReportSelectsTask; validSafeSegment; splitRepository; CanonicalRepositoryPath	5	internal/orchestrate/worktree_merge_ack.go [calls]	2	1	partial	82.0	50	61	medium	Recoverable snapshots and durable receipts precede destructive local/remote cleanup. Cross-domain calls: layout/discovery.	function:431f58a80d25ff04d54fcc649c9a338f				no direct reverse call/type reference; inspect bodies
internal/worktrees/terminal_cleanup.go	cleanupReportSelectsTask	cleanupReportSelectsTask	function		false	149	160	retirement/recovery/GC	internal/worktreeretire	none detected	none detected		0		0	0	covered	100.0	7	7	low	Recoverable snapshots and durable receipts precede destructive local/remote cleanup.	function:c363ebb631601de62a4dd008be15714a		internal/worktreelayout(1)		no direct reverse call/type reference; inspect bodies
internal/worktrees/worklog.go	WorkLogOptions	WorkLogOptions	struct		true	101	131	claims/locks/worklogs	internal/worktreeclaims	none detected	none detected		0	cmd/wb/stream.go [instantiates]; cmd/wb/worktree.go [instantiates]; internal/orchestrate/worktree_merge.go [instantiates]; cmd/wb/stream.go [references]; internal/agents/dispatch.go [instantiates]	21	10	n/a		0	0	medium	Claim identity, immutable journal/terminal records, lock ownership, and projections must remain atomic. Mixed god file; extract only after dependency seam exists.	struct:f23c2d9503c557478226aa040cd094c8				no direct reverse call/type reference; inspect bodies
internal/worktrees/worklog.go	ClaimExecutionIdentity	ClaimExecutionIdentity	struct		true	136	140	claims/locks/worklogs	internal/worktreeclaims	none detected	none detected		0	cmd/wb/worktree.go [instantiates]	1	1	n/a		0	0	medium	Claim identity, immutable journal/terminal records, lock ownership, and projections must remain atomic. Mixed god file; extract only after dependency seam exists.	struct:276106d5cd28b939e10c488229b1e2ba				no direct reverse call/type reference; inspect bodies
internal/worktrees/worklog.go	workLogProjection	workLogProjection	struct		false	145	151	claims/locks/worklogs	internal/worktreeclaims	none detected	none detected		0		0	0	n/a		0	0	low	Claim identity, immutable journal/terminal records, lock ownership, and projections must remain atomic. Mixed god file; extract only after dependency seam exists.	struct:cd3d32a1ac66327fd4031f1c5a566232				no direct reverse call/type reference; inspect bodies
internal/worktrees/worklog.go	workLogClaim	workLogClaim	struct		false	153	201	claims/locks/worklogs	internal/worktreeclaims	none detected	none detected		0		0	0	n/a		0	0	low	Claim identity, immutable journal/terminal records, lock ownership, and projections must remain atomic. Mixed god file; extract only after dependency seam exists.	struct:4f6dd9fd1606c9aea7f1090e99b9cb63		internal/worktreesessions(1)	internal/worktreesessions(1)	needs facade or injected port
internal/worktrees/worklog.go	workLogIdentityCorrection	workLogIdentityCorrection	struct		false	205	219	claims/locks/worklogs	internal/worktreeclaims	none detected	none detected		0		0	0	n/a		0	0	low	Claim identity, immutable journal/terminal records, lock ownership, and projections must remain atomic. Mixed god file; extract only after dependency seam exists.	struct:154ca26876ddd761b213ffd7c45bc03a				no direct reverse call/type reference; inspect bodies
internal/worktrees/worklog.go	ExecutionIdentity	ExecutionIdentity	struct		true	224	231	claims/locks/worklogs	internal/worktreeclaims	none detected	none detected		0		0	0	n/a		0	0	low	Claim identity, immutable journal/terminal records, lock ownership, and projections must remain atomic. Mixed god file; extract only after dependency seam exists.	struct:56740e2ba548be900cd660dd6b3d86e2				no direct reverse call/type reference; inspect bodies
internal/worktrees/worklog.go	CorrectExecutionIdentityOptions	CorrectExecutionIdentityOptions	struct		true	236	248	claims/locks/worklogs	internal/worktreeclaims	none detected	none detected		0	cmd/wb/worktree.go [instantiates]	1	1	n/a		0	0	medium	Claim identity, immutable journal/terminal records, lock ownership, and projections must remain atomic. Mixed god file; extract only after dependency seam exists.	struct:4fcf572d7c559855295f2842b10064b3				no direct reverse call/type reference; inspect bodies
internal/worktrees/worklog.go	ExecutionIdentityCorrectionResult	ExecutionIdentityCorrectionResult	struct		true	250	255	claims/locks/worklogs	internal/worktreeclaims	none detected	none detected		0		0	0	n/a		0	0	low	Claim identity, immutable journal/terminal records, lock ownership, and projections must remain atomic. Mixed god file; extract only after dependency seam exists.	struct:c5f6452fa1f451505ef5f8f22e08fb27				no direct reverse call/type reference; inspect bodies
internal/worktrees/worklog.go	workLogPromptMetadata	workLogPromptMetadata	struct		false	257	262	claims/locks/worklogs	internal/worktreeclaims	none detected	none detected		0		0	0	n/a		0	0	low	Claim identity, immutable journal/terminal records, lock ownership, and projections must remain atomic. Mixed god file; extract only after dependency seam exists.	struct:317c24aea42986cf539d19a8cc32ae8b				no direct reverse call/type reference; inspect bodies
internal/worktrees/worklog.go	workLogTerminalRecord	workLogTerminalRecord	struct		false	264	279	claims/locks/worklogs	internal/worktreeclaims	none detected	none detected		0		0	0	n/a		0	0	low	Claim identity, immutable journal/terminal records, lock ownership, and projections must remain atomic. Mixed god file; extract only after dependency seam exists.	struct:fa68becdce118e2b32bb4f429703c628		internal/worktreeretire(1); internal/worktreebranches(1); internal/worktreesessions(1)	internal/worktreeretire(1); internal/worktreebranches(1); internal/worktreesessions(1)	needs facade or injected port
internal/worktrees/worklog.go	workLogFinalizeReport	workLogFinalizeReport	struct		false	287	291	claims/locks/worklogs	internal/worktreeclaims	none detected	none detected		0		0	0	n/a		0	0	low	Claim identity, immutable journal/terminal records, lock ownership, and projections must remain atomic. Mixed god file; extract only after dependency seam exists.	struct:40654e6c93bf22704d89b3443aa3b253				no direct reverse call/type reference; inspect bodies
internal/worktrees/worklog.go	sameFinalizeReport	sameFinalizeReport	function		false	293	298	claims/locks/worklogs	internal/worktreeclaims	none detected	none detected		0		0	0	covered	100.0	3	3	low	Claim identity, immutable journal/terminal records, lock ownership, and projections must remain atomic. Mixed god file; extract only after dependency seam exists.	function:d99abf81a12ba108c977b42110bd4144				no direct reverse call/type reference; inspect bodies
internal/worktrees/worklog.go	workLogCleanupRecord	workLogCleanupRecord	struct		false	315	321	claims/locks/worklogs	internal/worktreeclaims	none detected	none detected		0		0	0	n/a		0	0	low	Claim identity, immutable journal/terminal records, lock ownership, and projections must remain atomic. Mixed god file; extract only after dependency seam exists.	struct:4c72e4832bef3f23d9beefb6c8609ee9				no direct reverse call/type reference; inspect bodies
internal/worktrees/worklog.go	TerminalWorkLogExpectation	TerminalWorkLogExpectation	struct		true	330	337	claims/locks/worklogs	internal/worktreeclaims	none detected	none detected		0	internal/orchestrate/worktree_merge.go [instantiates]; internal/orchestrate/worktree_merge.go [references]; internal/orchestrate/worktree_merge_ack.go [references]	5	3	n/a		0	0	medium	Claim identity, immutable journal/terminal records, lock ownership, and projections must remain atomic. Mixed god file; extract only after dependency seam exists.	struct:2aea3303118820cb4d5ea32a785eaa61				no direct reverse call/type reference; inspect bodies
internal/worktrees/worklog.go	ValidateRemovedTerminalWorkLogs	ValidateRemovedTerminalWorkLogs	function		true	347	370	claims/locks/worklogs	internal/worktreeclaims	none detected	filesystem,global	validateRemovedTerminalExpectation; validateRemovedTerminalWorkLog	2	internal/orchestrate/worktree_merge.go [calls]	1	1	partial	93.8	15	16	medium	Claim identity, immutable journal/terminal records, lock ownership, and projections must remain atomic. Mixed god file; extract only after dependency seam exists.	function:78e3db6c826209c5fe5d4e395666e993				no direct reverse call/type reference; inspect bodies
internal/worktrees/worklog.go	ReadRemovedTerminalWorkLogClaimBase	ReadRemovedTerminalWorkLogClaimBase	function		true	375	384	claims/locks/worklogs	internal/worktreeclaims	none detected	filesystem,global	validateRemovedTerminalExpectation; validateRemovedTerminalWorkLog	2	internal/orchestrate/worktree_merge_ack.go [calls]	1	1	partial	83.3	5	6	medium	Claim identity, immutable journal/terminal records, lock ownership, and projections must remain atomic. Mixed god file; extract only after dependency seam exists.	function:2acbccf94993f97392a8c67b757f1a6c				no direct reverse call/type reference; inspect bodies
internal/worktrees/worklog.go	validateRemovedTerminalExpectation	validateRemovedTerminalExpectation	function		false	386	393	claims/locks/worklogs	internal/worktreeclaims	none detected	none detected	validSafeSegment	1		0	0	covered	100.0	3	3	medium	Claim identity, immutable journal/terminal records, lock ownership, and projections must remain atomic. Cross-domain calls: layout/discovery. Mixed god file; extract only after dependency seam exists.	function:f11a8cdd67772fc0c462cc07392fbfd6				no direct reverse call/type reference; inspect bodies
internal/worktrees/worklog.go	validateRemovedTerminalWorkLog	validateRemovedTerminalWorkLog	function		false	395	440	claims/locks/worklogs	internal/worktreeclaims	filesystem	filesystem,global	openPrivateChild(3); validSafeSegment; validateRemovedTerminalWorkLogRun; openAbsoluteDirectoryNoFollow	6		0	0	partial	86.8	33	38	high	Claim identity, immutable journal/terminal records, lock ownership, and projections must remain atomic. Cross-domain calls: layout/discovery, secure filesystem/storage. Mixed god file; extract only after dependency seam exists.	function:c3a2ffe2037142b2700328e5b351a7ca				no direct reverse call/type reference; inspect bodies
internal/worktrees/worklog.go	validateRemovedTerminalWorkLogRun	validateRemovedTerminalWorkLogRun	function		false	442	512	claims/locks/worklogs	internal/worktreeclaims	filesystem,global	filesystem,global	openPrivateChild(3); readJSONAt(2); openWorkLogRun; validClaimID; matchesRemovedTerminalExpectation; validateStaticWorkLogClaim; validateRemovedTerminalOutbox	10		0	0	partial	82.0	41	50	medium	Claim identity, immutable journal/terminal records, lock ownership, and projections must remain atomic. Cross-domain calls: secure filesystem/storage. Mixed god file; extract only after dependency seam exists.	function:582be79d9b6c4a395a99410eae5dd0d8				no direct reverse call/type reference; inspect bodies
internal/worktrees/worklog.go	matchesRemovedTerminalExpectation	matchesRemovedTerminalExpectation	function		false	514	518	claims/locks/worklogs	internal/worktreeclaims	none detected	none detected		0		0	0	covered	100.0	1	1	low	Claim identity, immutable journal/terminal records, lock ownership, and projections must remain atomic. Mixed god file; extract only after dependency seam exists.	function:fa9193d73fbbf8b66ede651fa2a188d5				no direct reverse call/type reference; inspect bodies
internal/worktrees/worklog.go	validateStaticWorkLogClaim	validateStaticWorkLogClaim	function		false	524	559	claims/locks/worklogs	internal/worktreeclaims	none detected	none detected	validExecutionIdentifier(3); validSafeSegment(2); validClaimID(2); expectedWorkLogClaimID; identityFromClaim; NormalizeTaskSummary; isGitObjectID	11		0	0	covered	100.0	19	19	medium	Claim identity, immutable journal/terminal records, lock ownership, and projections must remain atomic. Cross-domain calls: branch reconciliation/cleanup, layout/discovery. Mixed god file; extract only after dependency seam exists.	function:e77b56f192f00d859a3bde32a2e3decd				no direct reverse call/type reference; inspect bodies
internal/worktrees/worklog.go	validateRemovedTerminalOutbox	validateRemovedTerminalOutbox	function		false	561	579	claims/locks/worklogs	internal/worktreeclaims	global	filesystem,global	openWorkLogOutbox; readJSONAt	2		0	0	partial	91.7	11	12	medium	Claim identity, immutable journal/terminal records, lock ownership, and projections must remain atomic. Cross-domain calls: secure filesystem/storage. Mixed god file; extract only after dependency seam exists.	function:cbbb740b01aa30a343671fd253be5572				no direct reverse call/type reference; inspect bodies
internal/worktrees/worklog.go	workLogPublicEvent	workLogPublicEvent	struct		false	581	604	claims/locks/worklogs	internal/worktreeclaims	none detected	none detected		0		0	0	n/a		0	0	low	Claim identity, immutable journal/terminal records, lock ownership, and projections must remain atomic. Mixed god file; extract only after dependency seam exists.	struct:7660c86622ed3450400fde53fe7d1b79		internal/worktreeretire(1); internal/worktreebranches(1); internal/worktreesessions(1)	internal/worktreeretire(1); internal/worktreebranches(1); internal/worktreesessions(1)	needs facade or injected port
internal/worktrees/worklog.go	WorkLogPublicationOutcome	WorkLogPublicationOutcome	struct		true	610	619	claims/locks/worklogs	internal/worktreeclaims	none detected	none detected		0		0	0	n/a		0	0	low	Claim identity, immutable journal/terminal records, lock ownership, and projections must remain atomic. Mixed god file; extract only after dependency seam exists.	struct:595ca1124de9ece92648e85235bd839c				no direct reverse call/type reference; inspect bodies
internal/worktrees/worklog.go	workLogPublicationHooks	workLogPublicationHooks	struct		false	621	624	claims/locks/worklogs	internal/worktreeclaims	none detected	none detected		0		0	0	n/a		0	0	low	Claim identity, immutable journal/terminal records, lock ownership, and projections must remain atomic. Mixed god file; extract only after dependency seam exists.	struct:ce2db61f97a85e3e4723b4464359b7df				no direct reverse call/type reference; inspect bodies
internal/worktrees/worklog.go	legacyWorkLogClaim	legacyWorkLogClaim	struct		false	626	643	claims/locks/worklogs	internal/worktreeclaims	none detected	none detected		0		0	0	n/a		0	0	low	Claim identity, immutable journal/terminal records, lock ownership, and projections must remain atomic. Mixed god file; extract only after dependency seam exists.	struct:e01e526c86b4df49b71ea9d1613586ac				no direct reverse call/type reference; inspect bodies
internal/worktrees/worklog.go	legacyClaimMigration	legacyClaimMigration	struct		false	645	650	claims/locks/worklogs	internal/worktreeclaims	none detected	none detected		0		0	0	n/a		0	0	low	Claim identity, immutable journal/terminal records, lock ownership, and projections must remain atomic. Mixed god file; extract only after dependency seam exists.	struct:9b268e05bde5e2a7175153d5b267ae94				no direct reverse call/type reference; inspect bodies
internal/worktrees/worklog.go	PrepareWorkLogOptions	PrepareWorkLogOptions	function		true	656	675	claims/locks/worklogs	internal/worktreeclaims	none detected	filesystem,global	normalizeWorkLogOptions; snapshotOriginalPrompt; corroborateExistingRunPrompt	3	internal/agents/dispatch.go [calls]; cmd/wb/stream.go [calls]; cmd/wb/task.go [calls]; cmd/wb/worktree.go [calls]	4	4	partial	85.7	12	14	medium	Claim identity, immutable journal/terminal records, lock ownership, and projections must remain atomic. Mixed god file; extract only after dependency seam exists.	function:85dab85b6cd036ff7ce8fdbe4d594d51				no direct reverse call/type reference; inspect bodies
internal/worktrees/worklog.go	PreflightWorkLogOptions	PreflightWorkLogOptions	function		true	680	687	claims/locks/worklogs	internal/worktreeclaims	none detected	filesystem	normalizeWorkLogOptions; snapshotOriginalPrompt	2		0	0	covered	100.0	5	5	low	Claim identity, immutable journal/terminal records, lock ownership, and projections must remain atomic. Mixed god file; extract only after dependency seam exists.	function:8a3e3fc8013822e5d5089afd5a748d4c				no direct reverse call/type reference; inspect bodies
internal/worktrees/worklog.go	WithOriginalPromptFromStdin	WorkLogOptions::WithOriginalPromptFromStdin	method	WorkLogOptions	true	703	712	claims/locks/worklogs	internal/worktreeclaims	none detected	none detected		0	internal/agents/dispatch.go [calls]; cmd/wb/stream.go [calls]; cmd/wb/task.go [calls]; cmd/wb/worktree.go [calls]	4	4	covered	100.0	7	7	medium	Claim identity, immutable journal/terminal records, lock ownership, and projections must remain atomic. Mixed god file; extract only after dependency seam exists.	method:0a6dbf268b39bfa9c005cd0e335c4e61				no direct reverse call/type reference; inspect bodies
internal/worktrees/worklog.go	snapshotOriginalPrompt	snapshotOriginalPrompt	function		false	714	757	claims/locks/worklogs	internal/worktreeclaims	filesystem	filesystem		0		0	0	partial	90.9	30	33	low	Claim identity, immutable journal/terminal records, lock ownership, and projections must remain atomic. Mixed god file; extract only after dependency seam exists.	function:f8a8ed0a75dcdf4b2352e7b250efa424				no direct reverse call/type reference; inspect bodies
internal/worktrees/worklog.go	corroborateExistingRunPrompt	corroborateExistingRunPrompt	function		false	759	817	claims/locks/worklogs	internal/worktreeclaims	filesystem,global	filesystem,global	readBytesAt(2); openWorkLogRun; readJSONAt; openPrivateChild	5		0	0	partial	83.7	36	43	medium	Claim identity, immutable journal/terminal records, lock ownership, and projections must remain atomic. Cross-domain calls: secure filesystem/storage. Mixed god file; extract only after dependency seam exists.	function:31cb5c7f2b2e547feb6fe5453f891750				no direct reverse call/type reference; inspect bodies
internal/worktrees/worklog.go	normalizeWorkLogOptions	normalizeWorkLogOptions	function		false	819	841	claims/locks/worklogs	internal/worktreeclaims	none detected	none detected	validSafeSegment(2); validateNewExecutionIdentity; NormalizeTaskSummary	4		0	0	partial	93.3	14	15	medium	Claim identity, immutable journal/terminal records, lock ownership, and projections must remain atomic. Cross-domain calls: layout/discovery. Mixed god file; extract only after dependency seam exists.	function:c79eb304a8fabb33a3ef0853d8abc1ab				no direct reverse call/type reference; inspect bodies
internal/worktrees/worklog.go	NormalizeTaskSummary	NormalizeTaskSummary	function		true	850	871	claims/locks/worklogs	internal/worktreeclaims	none detected	none detected	containsCredentialMarker	1	cmd/wb/worktree_active.go [calls]	1	1	covered	100.0	14	14	medium	Claim identity, immutable journal/terminal records, lock ownership, and projections must remain atomic. Mixed god file; extract only after dependency seam exists.	function:11e37e5b76e81857b9572b1b9abce74a				no direct reverse call/type reference; inspect bodies
internal/worktrees/worklog.go	containsCredentialMarker	containsCredentialMarker	function		false	873	875	claims/locks/worklogs	internal/worktreeclaims	none detected	none detected		0		0	0	covered	100.0	1	1	low	Claim identity, immutable journal/terminal records, lock ownership, and projections must remain atomic. Mixed god file; extract only after dependency seam exists.	function:7681ce248d226205dc1aaa79ad2fd809				no direct reverse call/type reference; inspect bodies
internal/worktrees/worklog.go	validateNewExecutionIdentity	validateNewExecutionIdentity	function		false	877	892	claims/locks/worklogs	internal/worktreeclaims	none detected	none detected	validExecutionIdentifier(2)	2		0	0	covered	100.0	10	10	low	Claim identity, immutable journal/terminal records, lock ownership, and projections must remain atomic. Mixed god file; extract only after dependency seam exists.	function:0709b32c8e9b3e2707b3d2d738b223e4				no direct reverse call/type reference; inspect bodies
internal/worktrees/worklog.go	validateCorrectionIdentity	validateCorrectionIdentity	function		false	894	919	claims/locks/worklogs	internal/worktreeclaims	none detected	none detected	validSafeSegment(3); validExecutionIdentifier(2); validClaimID	6		0	0	covered	100.0	14	14	medium	Claim identity, immutable journal/terminal records, lock ownership, and projections must remain atomic. Cross-domain calls: layout/discovery. Mixed god file; extract only after dependency seam exists.	function:1e9c82ad5eb76b40428ac60730f58187				no direct reverse call/type reference; inspect bodies
internal/worktrees/worklog.go	ValidExecutionIdentifier	ValidExecutionIdentifier	function		true	925	927	claims/locks/worklogs	internal/worktreeclaims	none detected	none detected	validExecutionIdentifier	1	internal/agents/profile.go [calls]	1	1	covered	100.0	1	1	medium	Claim identity, immutable journal/terminal records, lock ownership, and projections must remain atomic. Mixed god file; extract only after dependency seam exists.	function:7d801074784d202e0b8edae71b651d04				no direct reverse call/type reference; inspect bodies
internal/worktrees/worklog.go	validExecutionIdentifier	validExecutionIdentifier	function		false	929	944	claims/locks/worklogs	internal/worktreeclaims	none detected	none detected	hasCredentialPrefix	1		0	0	covered	100.0	8	8	low	Claim identity, immutable journal/terminal records, lock ownership, and projections must remain atomic. Mixed god file; extract only after dependency seam exists.	function:111461c46e57aad030060df26d51255d				no direct reverse call/type reference; inspect bodies
internal/worktrees/worklog.go	hasCredentialPrefix	hasCredentialPrefix	function		false	946	956	claims/locks/worklogs	internal/worktreeclaims	none detected	none detected		0		0	0	covered	100.0	4	4	low	Claim identity, immutable journal/terminal records, lock ownership, and projections must remain atomic. Mixed god file; extract only after dependency seam exists.	function:f8d9fa4db464171798441863a028503e				no direct reverse call/type reference; inspect bodies
internal/worktrees/worklog.go	declaredBy	declaredBy	function		false	958	966	claims/locks/worklogs	internal/worktreeclaims	none detected	none detected		0		0	0	covered	100.0	5	5	low	Claim identity, immutable journal/terminal records, lock ownership, and projections must remain atomic. Mixed god file; extract only after dependency seam exists.	function:8f2fadc8932637745eea4d726cf71e3c				no direct reverse call/type reference; inspect bodies
internal/worktrees/worklog.go	identityFromClaim	identityFromClaim	function		false	968	985	claims/locks/worklogs	internal/worktreeclaims	none detected	none detected		0		0	0	covered	100.0	9	9	low	Claim identity, immutable journal/terminal records, lock ownership, and projections must remain atomic. Mixed god file; extract only after dependency seam exists.	function:fad17447ed596bcd68565f06cd9929ff				no direct reverse call/type reference; inspect bodies
internal/worktrees/worklog.go	workLogClaimID	workLogClaimID	function		false	987	997	claims/locks/worklogs	internal/worktreeclaims	none detected	none detected		0		0	0	covered	100.0	7	7	low	Claim identity, immutable journal/terminal records, lock ownership, and projections must remain atomic. Mixed god file; extract only after dependency seam exists.	function:8267eaaaa2d04a3de8f47b6c0fbd0159		internal/worktrees(1)	internal/worktrees(1)	needs facade or injected port
internal/worktrees/worklog.go	WorkLogClaimID	WorkLogClaimID	function		true	1003	1005	claims/locks/worklogs	internal/worktreeclaims	none detected	none detected	workLogClaimID	1	internal/orchestrate/engine.go [calls]	1	1	covered	100.0	1	1	medium	Claim identity, immutable journal/terminal records, lock ownership, and projections must remain atomic. Mixed god file; extract only after dependency seam exists.	function:6f79bf64ac006c53c95e520f26664068		internal/worktrees(1)	internal/worktrees(1)	needs facade or injected port
internal/worktrees/worklog.go	successorWorkLogClaimID	successorWorkLogClaimID	function		false	1007	1014	claims/locks/worklogs	internal/worktreeclaims	none detected	none detected		0		0	0	covered	100.0	5	5	low	Claim identity, immutable journal/terminal records, lock ownership, and projections must remain atomic. Mixed god file; extract only after dependency seam exists.	function:b1a71ffe938c9f7a85dc0262d18ddfc0				no direct reverse call/type reference; inspect bodies
internal/worktrees/worklog.go	declaredSuccessorWorkLogClaimID	declaredSuccessorWorkLogClaimID	function		false	1020	1030	claims/locks/worklogs	internal/worktreeclaims	none detected	none detected		0		0	0	covered	100.0	5	5	low	Claim identity, immutable journal/terminal records, lock ownership, and projections must remain atomic. Mixed god file; extract only after dependency seam exists.	function:c29c98e7702c0b7b5f90c8910589f376				no direct reverse call/type reference; inspect bodies
internal/worktrees/worklog.go	expectedWorkLogClaimID	expectedWorkLogClaimID	function		false	1034	1054	claims/locks/worklogs	internal/worktreeclaims	none detected	none detected	successorWorkLogClaimID(2); workLogClaimID; expectedExternalClaimID; expectedParkedSessionClaimID; declaredSuccessorWorkLogClaimID	6		0	0	covered	100.0	10	10	medium	Claim identity, immutable journal/terminal records, lock ownership, and projections must remain atomic. Cross-domain calls: sessions/custody/transport. Mixed god file; extract only after dependency seam exists.	function:eb8b015865269f2d55df3b982d0138ef	internal/worktreesessions(2)			needs facade or injected port
internal/worktrees/worklog.go	validClaimID	validClaimID	function		false	1056	1062	claims/locks/worklogs	internal/worktreeclaims	none detected	none detected		0		0	0	covered	100.0	4	4	low	Claim identity, immutable journal/terminal records, lock ownership, and projections must remain atomic. Mixed god file; extract only after dependency seam exists.	function:8e0e590d02b82cfed40ee9b10f93f7d7				no direct reverse call/type reference; inspect bodies
internal/worktrees/worklog.go	recordWorkLog	recordWorkLog	function		false	1066	1069	claims/locks/worklogs	internal/worktreeclaims	none detected	filesystem,global	recordWorkLogWithHooks	1		0	0	covered	100.0	2	2	low	Claim identity, immutable journal/terminal records, lock ownership, and projections must remain atomic. Mixed god file; extract only after dependency seam exists.	function:3d5b1cb623ef8624a9d5ab23fb11366f		internal/worktrees(1)	internal/worktrees(1)	needs facade or injected port
internal/worktrees/worklog.go	EnsureWorkLogClaim	EnsureWorkLogClaim	function		true	1076	1100	claims/locks/worklogs	internal/worktreeclaims	none detected	filesystem,global	activeWorkLogClaim; normalizeWorkLogOptions; workLogClaimID; NormalizeTaskSummary; recordWorkLogWithHooks	5	internal/orchestrate/engine.go [calls]	1	1	partial	75.0	12	16	medium	Claim identity, immutable journal/terminal records, lock ownership, and projections must remain atomic. Mixed god file; extract only after dependency seam exists.	function:0e2b326d23dddcf615071058290884e6		internal/worktrees(1)	internal/worktrees(1)	needs facade or injected port
internal/worktrees/worklog.go	autoRegisterSessionFromEnv	autoRegisterSessionFromEnv	function		false	1133	1169	claims/locks/worklogs	internal/worktreeclaims	none detected	none detected	findHarnessAncestorForClaim; normalizeHarnessRuntime	2		0	0	partial	81.0	17	21	low	Claim identity, immutable journal/terminal records, lock ownership, and projections must remain atomic. Mixed god file; extract only after dependency seam exists.	function:4358f36e49b74879271010fbab5e5319				no direct reverse call/type reference; inspect bodies
internal/worktrees/worklog.go	normalizeHarnessRuntime	normalizeHarnessRuntime	function		false	1181	1197	claims/locks/worklogs	internal/worktreeclaims	none detected	none detected		0		0	0	partial	90.0	9	10	low	Claim identity, immutable journal/terminal records, lock ownership, and projections must remain atomic. Mixed god file; extract only after dependency seam exists.	function:5ef76b7cb7f534892eef6e29719f8bd3				no direct reverse call/type reference; inspect bodies
internal/worktrees/worklog.go	recordWorkLogWithHooks	recordWorkLogWithHooks	function		false	1199	1315	claims/locks/worklogs	internal/worktreeclaims	filesystem,global	env,filesystem,global	writeJSONImmutableAt(2); normalizeWorkLogOptions; NormalizeTaskSummary; workLogClaimID; openWorkLogRun; migrateLegacySingletonClaim; ensureOriginalPromptArchive; RegisteredIdentity	16		0	0	partial	83.6	61	73	high	Claim identity, immutable journal/terminal records, lock ownership, and projections must remain atomic. Cross-domain calls: secure filesystem/storage, sessions/custody/transport. Mixed god file; extract only after dependency seam exists.	function:d4b6a1bb3c6144096ce62600c055b7fd	internal/worktreesessions(1)	internal/worktrees(1)	internal/worktrees(1)	needs facade or injected port
internal/worktrees/worklog.go	activeWorkLogClaim	activeWorkLogClaim	function		false	1320	1322	claims/locks/worklogs	internal/worktreeclaims	none detected	git,global	activeWorkLogClaimWithMode	1		0	0	covered	100.0	1	1	low	Claim identity, immutable journal/terminal records, lock ownership, and projections must remain atomic. Mixed god file; extract only after dependency seam exists.	function:b888ab5e919f88a780981506564509a4				no direct reverse call/type reference; inspect bodies
internal/worktrees/worklog.go	activeWorkLogClaimReadOnly	activeWorkLogClaimReadOnly	function		false	1324	1326	claims/locks/worklogs	internal/worktreeclaims	none detected	git,global	activeWorkLogClaimWithMode	1		0	0	covered	100.0	1	1	low	Claim identity, immutable journal/terminal records, lock ownership, and projections must remain atomic. Mixed god file; extract only after dependency seam exists.	function:67a2d02abda3126c6f30c76e2daaccd0				no direct reverse call/type reference; inspect bodies
internal/worktrees/worklog.go	activeWorkLogClaimWithMode	activeWorkLogClaimWithMode	function		false	1328	1355	claims/locks/worklogs	internal/worktreeclaims	global	filesystem,git,global	readWorkLogProjectionForReadOnlyClaim; readWorkLogProjectionForClaim; corroborateProjectionWithPrivateClaim; openWorkLogRun; readWorkLogClaimAt	5		0	0	partial	90.0	18	20	low	Claim identity, immutable journal/terminal records, lock ownership, and projections must remain atomic. Mixed god file; extract only after dependency seam exists.	function:90f38cf0ccf1af80325283a5ffc17298				no direct reverse call/type reference; inspect bodies
internal/worktrees/worklog.go	readWorkLogTerminalRecord	readWorkLogTerminalRecord	function		false	1363	1365	claims/locks/worklogs	internal/worktreeclaims	none detected	git,global	readWorkLogTerminalRecordWithMode	1		0	0	covered	100.0	1	1	low	Claim identity, immutable journal/terminal records, lock ownership, and projections must remain atomic. Mixed god file; extract only after dependency seam exists.	function:a3d1236b54fcbf7b57857e39106edc7d				no direct reverse call/type reference; inspect bodies
internal/worktrees/worklog.go	readWorkLogTerminalRecordReadOnly	readWorkLogTerminalRecordReadOnly	function		false	1367	1369	claims/locks/worklogs	internal/worktreeclaims	none detected	git,global	readWorkLogTerminalRecordWithMode	1		0	0	covered	100.0	1	1	low	Claim identity, immutable journal/terminal records, lock ownership, and projections must remain atomic. Mixed god file; extract only after dependency seam exists.	function:2361de026350d96c2e6c87fadb184c59				no direct reverse call/type reference; inspect bodies
internal/worktrees/worklog.go	readWorkLogTerminalRecordWithMode	readWorkLogTerminalRecordWithMode	function		false	1371	1401	claims/locks/worklogs	internal/worktreeclaims	global	filesystem,git,global	readWorkLogProjectionForReadOnlyClaim; readWorkLogProjectionForClaim; corroborateProjectionWithPrivateClaim; openWorkLogRun; readWorkLogTerminalAt	5		0	0	partial	86.4	19	22	low	Claim identity, immutable journal/terminal records, lock ownership, and projections must remain atomic. Mixed god file; extract only after dependency seam exists.	function:fb726ade986aa7e6ecefea7cff2ab110				no direct reverse call/type reference; inspect bodies
internal/worktrees/worklog.go	CorrectExecutionIdentity	CorrectExecutionIdentity	function		true	1407	1476	claims/locks/worklogs	internal/worktreeclaims	filesystem,global	filesystem,global	normalizedPointer(3); projectExecutionIdentity(2); writeCorrectionOutbox(2); validateCorrectionIdentity; openWorkLogRun; lockClaim; openPrivateChild; readJSONAt	16	cmd/wb/worktree.go [calls]	1	1	partial	83.0	44	53	medium	Claim identity, immutable journal/terminal records, lock ownership, and projections must remain atomic. Cross-domain calls: secure filesystem/storage. Mixed god file; extract only after dependency seam exists.	function:abd41493584b0d3d56702865bd9ba39b				no direct reverse call/type reference; inspect bodies
internal/worktrees/worklog.go	writeCorrectionOutbox	writeCorrectionOutbox	function		false	1478	1494	claims/locks/worklogs	internal/worktreeclaims	global	filesystem,global	openWorkLogOutbox; writeJSONImmutableAt	2		0	0	partial	81.8	9	11	medium	Claim identity, immutable journal/terminal records, lock ownership, and projections must remain atomic. Cross-domain calls: secure filesystem/storage. Mixed god file; extract only after dependency seam exists.	function:ee4bf326e2e11ff3fc4aa4ad39a41377				no direct reverse call/type reference; inspect bodies
internal/worktrees/worklog.go	normalizedPointer	normalizedPointer	function		false	1496	1502	claims/locks/worklogs	internal/worktreeclaims	none detected	none detected		0		0	0	covered	100.0	4	4	low	Claim identity, immutable journal/terminal records, lock ownership, and projections must remain atomic. Mixed god file; extract only after dependency seam exists.	function:5528266166219ad3ee849aabdfc9308f				no direct reverse call/type reference; inspect bodies
internal/worktrees/worklog.go	sameCorrectionRequest	sameCorrectionRequest	function		false	1504	1507	claims/locks/worklogs	internal/worktreeclaims	none detected	none detected	sameStringPointer(3); normalizedPointer(3)	6		0	0	covered	100.0	1	1	low	Claim identity, immutable journal/terminal records, lock ownership, and projections must remain atomic. Mixed god file; extract only after dependency seam exists.	function:f972d2be0c872d8613b080d381253d21				no direct reverse call/type reference; inspect bodies
internal/worktrees/worklog.go	sameStringPointer	sameStringPointer	function		false	1508	1510	claims/locks/worklogs	internal/worktreeclaims	none detected	none detected		0		0	0	covered	100.0	1	1	low	Claim identity, immutable journal/terminal records, lock ownership, and projections must remain atomic. Mixed god file; extract only after dependency seam exists.	function:d77c6863a04c91c44115cdbec530bdb9				no direct reverse call/type reference; inspect bodies
internal/worktrees/worklog.go	openWorkLogCorrections	openWorkLogCorrections	function		false	1512	1522	claims/locks/worklogs	internal/worktreeclaims	filesystem	filesystem,global	openPrivateChild(2); validClaimID	3		0	0	partial	87.5	7	8	medium	Claim identity, immutable journal/terminal records, lock ownership, and projections must remain atomic. Cross-domain calls: secure filesystem/storage. Mixed god file; extract only after dependency seam exists.	function:d9ce62ed986cdcfcd3eca8e0ed39313c				no direct reverse call/type reference; inspect bodies
internal/worktrees/worklog.go	readIdentityCorrection	readIdentityCorrection	function		false	1524	1528	claims/locks/worklogs	internal/worktreeclaims	global	filesystem,global	readJSONAt	1		0	0	covered	100.0	3	3	medium	Claim identity, immutable journal/terminal records, lock ownership, and projections must remain atomic. Cross-domain calls: secure filesystem/storage. Mixed god file; extract only after dependency seam exists.	function:ba9d653c27234f4f30329372837a258b				no direct reverse call/type reference; inspect bodies
internal/worktrees/worklog.go	projectExecutionIdentity	projectExecutionIdentity	function		false	1532	1599	claims/locks/worklogs	internal/worktreeclaims	none detected	filesystem,global	validExecutionIdentifier(2); identityFromClaim; openWorkLogCorrections; validSafeSegment; readIdentityCorrection	6		0	0	partial	85.4	41	48	medium	Claim identity, immutable journal/terminal records, lock ownership, and projections must remain atomic. Cross-domain calls: layout/discovery. Mixed god file; extract only after dependency seam exists.	function:42b973c86a0bd7aa8a6907db9066c1ae				no direct reverse call/type reference; inspect bodies
internal/worktrees/worklog.go	validateResumeWorkLogRequest	validateResumeWorkLogRequest	function		false	1601	1640	claims/locks/worklogs	internal/worktreeclaims	none detected	filesystem,global	currentExecutionIdentity; snapshotOriginalPrompt; corroborateExistingRunPrompt	3		0	0	partial	94.1	16	17	low	Claim identity, immutable journal/terminal records, lock ownership, and projections must remain atomic. Mixed god file; extract only after dependency seam exists.	function:55f60344a223f2b5c96ebe8b6cb7191d				no direct reverse call/type reference; inspect bodies
internal/worktrees/worklog.go	currentExecutionIdentity	currentExecutionIdentity	function		false	1642	1650	claims/locks/worklogs	internal/worktreeclaims	none detected	filesystem,global	openWorkLogRun; projectExecutionIdentity	2		0	0	partial	85.7	6	7	low	Claim identity, immutable journal/terminal records, lock ownership, and projections must remain atomic. Mixed god file; extract only after dependency seam exists.	function:baafc4528b3b076f2ec55f23e5ebab78				no direct reverse call/type reference; inspect bodies
internal/worktrees/worklog.go	workLogOptionsForClaimExtension	workLogOptionsForClaimExtension	function		false	1655	1689	claims/locks/worklogs	internal/worktreeclaims	filesystem	filesystem,global	validateResumeWorkLogRequest; snapshotOriginalPrompt; openWorkLogRun; readBytesAt	4		0	0	partial	88.9	24	27	medium	Claim identity, immutable journal/terminal records, lock ownership, and projections must remain atomic. Cross-domain calls: secure filesystem/storage. Mixed god file; extract only after dependency seam exists.	function:331f52e2308e8562b85a4d7591861df2				no direct reverse call/type reference; inspect bodies
internal/worktrees/worklog.go	reserveOriginalPromptArchive	reserveOriginalPromptArchive	function		false	1695	1710	claims/locks/worklogs	internal/worktreeclaims	none detected	filesystem,global	normalizeWorkLogOptions; openWorkLogRun; ensureOriginalPromptArchive	3		0	0	partial	83.3	10	12	medium	Claim identity, immutable journal/terminal records, lock ownership, and projections must remain atomic. Cross-domain calls: sessions/custody/transport. Mixed god file; extract only after dependency seam exists.	function:7ceb6b2924eed239b963276ddec96ca8	internal/worktreesessions(1)			needs facade or injected port
internal/worktrees/worklog.go	preApplyRenameReservation	preApplyRenameReservation	struct		false	1719	1727	claims/locks/worklogs	internal/worktreeclaims	none detected	none detected		0		0	0	n/a		0	0	low	Claim identity, immutable journal/terminal records, lock ownership, and projections must remain atomic. Mixed god file; extract only after dependency seam exists.	struct:d667d7c6736d1e31f2d07cf7c60a36ce				no direct reverse call/type reference; inspect bodies
internal/worktrees/worklog.go	preApplyRenameTerminal	preApplyRenameTerminal	struct		false	1729	1738	claims/locks/worklogs	internal/worktreeclaims	none detected	none detected		0		0	0	n/a		0	0	low	Claim identity, immutable journal/terminal records, lock ownership, and projections must remain atomic. Mixed god file; extract only after dependency seam exists.	struct:5a17bf235501a3996053621d04d4d5b1				no direct reverse call/type reference; inspect bodies
internal/worktrees/worklog.go	preApplyRenameReservationCandidate	preApplyRenameReservationCandidate	struct		false	1740	1743	claims/locks/worklogs	internal/worktreeclaims	none detected	none detected		0		0	0	n/a		0	0	low	Claim identity, immutable journal/terminal records, lock ownership, and projections must remain atomic. Mixed god file; extract only after dependency seam exists.	struct:b6411a4bcd306c75249ad04e772be5d3				no direct reverse call/type reference; inspect bodies
internal/worktrees/worklog.go	reservePreApplyRenameWorkLog	reservePreApplyRenameWorkLog	function		false	1748	1782	claims/locks/worklogs	internal/worktreeclaims	global	filesystem,global	reserveOriginalPromptArchive; normalizeWorkLogOptions; openWorkLogRun; readJSONAt; writeJSONImmutableAt	5		0	0	partial	80.0	20	25	medium	Claim identity, immutable journal/terminal records, lock ownership, and projections must remain atomic. Cross-domain calls: secure filesystem/storage. Mixed god file; extract only after dependency seam exists.	function:a6e22d2ac3b88df58796478f1ee5ee3c				no direct reverse call/type reference; inspect bodies
internal/worktrees/worklog.go	findPreApplyRenameReservations	findPreApplyRenameReservations	function		false	1789	1848	claims/locks/worklogs	internal/worktreeclaims	filesystem	filesystem,global	openPrivateChild(3); validSafeSegment(2); readPreApplyRenameReservation; openAbsoluteDirectoryNoFollow	7		0	0	partial	77.8	35	45	high	Claim identity, immutable journal/terminal records, lock ownership, and projections must remain atomic. Cross-domain calls: layout/discovery, secure filesystem/storage. Mixed god file; extract only after dependency seam exists.	function:f3d384bcc96e4a5637627aa9ff698e21				no direct reverse call/type reference; inspect bodies
internal/worktrees/worklog.go	readPreApplyRenameReservation	readPreApplyRenameReservation	function		false	1850	1886	claims/locks/worklogs	internal/worktreeclaims	global	filesystem,global	readJSONAt(2); validateReservationPrompt(2); hasWorkLogClaimsOrTerminals; validSafeSegment; terminalizedPreApplyRenameReservation; legacyUnclaimedPromptReservation	8		0	0	partial	90.5	19	21	high	Claim identity, immutable journal/terminal records, lock ownership, and projections must remain atomic. Cross-domain calls: layout/discovery, secure filesystem/storage, sessions/custody/transport. Mixed god file; extract only after dependency seam exists.	function:e0ef5b50bb06a8353b0618d80313980d	internal/worktreesessions(3)			needs facade or injected port
internal/worktrees/worklog.go	validateReservationPrompt	validateReservationPrompt	function		false	1888	1903	sessions/custody/transport	internal/worktreesessions	filesystem,global	filesystem,global	readBytesAt; readJSONAt	2		0	0	partial	81.8	9	11	medium	Source/target claims, prompts, custody lineage, and delivery receipts must remain paired. Cross-domain calls: secure filesystem/storage. Mixed god file; extract only after dependency seam exists.	function:2d16be9effa2236aae53564f833f07d7				no direct reverse call/type reference; inspect bodies
internal/worktrees/worklog.go	hasWorkLogClaimsOrTerminals	hasWorkLogClaimsOrTerminals	function		false	1905	1924	claims/locks/worklogs	internal/worktreeclaims	filesystem	filesystem,global	openPrivateChild	1		0	0	partial	76.9	10	13	medium	Claim identity, immutable journal/terminal records, lock ownership, and projections must remain atomic. Cross-domain calls: secure filesystem/storage. Mixed god file; extract only after dependency seam exists.	function:7d02f418babf39c247a27b8fb045a1b2				no direct reverse call/type reference; inspect bodies
internal/worktrees/worklog.go	legacyUnclaimedPromptReservation	legacyUnclaimedPromptReservation	function		false	1926	1936	sessions/custody/transport	internal/worktreesessions	filesystem	filesystem	readBytesAt(2)	2		0	0	partial	85.7	6	7	medium	Source/target claims, prompts, custody lineage, and delivery receipts must remain paired. Cross-domain calls: secure filesystem/storage. Mixed god file; extract only after dependency seam exists.	function:f0b4be4e3e6e4fa1e985f53f0a863436				no direct reverse call/type reference; inspect bodies
internal/worktrees/worklog.go	terminalizedPreApplyRenameReservation	terminalizedPreApplyRenameReservation	function		false	1938	1945	claims/locks/worklogs	internal/worktreeclaims	global	filesystem,global	readJSONAt	1		0	0	covered	100.0	4	4	medium	Claim identity, immutable journal/terminal records, lock ownership, and projections must remain atomic. Cross-domain calls: secure filesystem/storage. Mixed god file; extract only after dependency seam exists.	function:2aef20a0319ecd8844855a8a5cf00d70				no direct reverse call/type reference; inspect bodies
internal/worktrees/worklog.go	terminalizePreApplyRenameReservation	terminalizePreApplyRenameReservation	function		false	1947	1960	claims/locks/worklogs	internal/worktreeclaims	none detected	filesystem,global	openWorkLogRun; terminalizedPreApplyRenameReservation; writeJSONImmutableAt	3		0	0	partial	88.9	8	9	medium	Claim identity, immutable journal/terminal records, lock ownership, and projections must remain atomic. Cross-domain calls: secure filesystem/storage. Mixed god file; extract only after dependency seam exists.	function:b64689448c3e752edc4beba8d75c3fe3				no direct reverse call/type reference; inspect bodies
internal/worktrees/worklog.go	ensureOriginalPromptArchive	ensureOriginalPromptArchive	function		false	1962	1997	sessions/custody/transport	internal/worktreesessions	global	filesystem,global	readJSONAt(2); snapshotOriginalPrompt; writeBytesImmutableAt; writeJSONImmutableAt	5		0	0	partial	72.7	16	22	medium	Source/target claims, prompts, custody lineage, and delivery receipts must remain paired. Cross-domain calls: claims/locks/worklogs, secure filesystem/storage. Mixed god file; extract only after dependency seam exists.	function:ab58fde287890a12b501a24b10e8219e		internal/worktreeclaims(1)		no direct reverse call/type reference; inspect bodies
internal/worktrees/worklog.go	ensureWorkLogRunIndex	ensureWorkLogRunIndex	function		false	1999	2015	claims/locks/worklogs	internal/worktreeclaims	global	filesystem,global	readJSONAt; writeJSONImmutableAt	2		0	0	partial	90.9	10	11	medium	Claim identity, immutable journal/terminal records, lock ownership, and projections must remain atomic. Cross-domain calls: secure filesystem/storage. Mixed god file; extract only after dependency seam exists.	function:6f3c627dee2164d57db9e1a7bc0a59cf				no direct reverse call/type reference; inspect bodies
internal/worktrees/worklog.go	migrateLegacySingletonClaim	migrateLegacySingletonClaim	function		false	2022	2079	claims/locks/worklogs	internal/worktreeclaims	filesystem,global	filesystem,global	readJSONAt(2); writeJSONImmutableAt(2); workLogClaimID; openPrivateChild; countLegacyWorkLogProjections	7		0	0	partial	74.4	29	39	medium	Claim identity, immutable journal/terminal records, lock ownership, and projections must remain atomic. Cross-domain calls: secure filesystem/storage. Mixed god file; extract only after dependency seam exists.	function:338fa252bc9217d07438ecb5831bfd7a				no direct reverse call/type reference; inspect bodies
internal/worktrees/worklog.go	countLegacyWorkLogProjections	countLegacyWorkLogProjections	function		false	2081	2112	claims/locks/worklogs	internal/worktreeclaims	filesystem,global	filesystem,global		0		0	0	partial	82.6	19	23	medium	Claim identity, immutable journal/terminal records, lock ownership, and projections must remain atomic. Mixed god file; extract only after dependency seam exists.	function:98b7b8564db83bf6abb1cf9307f22dbb				no direct reverse call/type reference; inspect bodies
internal/worktrees/worklog.go	writeWorkLogProjection	writeWorkLogProjection	function		false	2114	2130	claims/locks/worklogs	internal/worktreeclaims	none detected	filesystem,git,global	validateProjection; ensureWorkLogProjectionExclude; openWorkLogProjectionDirectory; writeJSONAtomicAt; writeManagedWorktreeInstructions	5		0	0	partial	83.3	10	12	medium	Claim identity, immutable journal/terminal records, lock ownership, and projections must remain atomic. Cross-domain calls: secure filesystem/storage. Mixed god file; extract only after dependency seam exists.	function:9c8a80b5a76ecde8772461e3902e6d4f				no direct reverse call/type reference; inspect bodies
internal/worktrees/worklog.go	ensureWorkLogProjectionExclude	ensureWorkLogProjectionExclude	function		false	2132	2136	claims/locks/worklogs	internal/worktreeclaims	none detected	filesystem,git	ensurePerWorktreeGitExclude	1		0	0	covered	100.0	1	1	low	Claim identity, immutable journal/terminal records, lock ownership, and projections must remain atomic. Mixed god file; extract only after dependency seam exists.	function:bcfb503691aaf35ea0466405461001d9				no direct reverse call/type reference; inspect bodies
internal/worktrees/worklog.go	ensurePerWorktreeGitExclude	ensurePerWorktreeGitExclude	function		false	2138	2166	claims/locks/worklogs	internal/worktreeclaims	filesystem,git	filesystem,git,global,process	writeBytesAtomic; git	2		0	0	covered	100.0	19	19	high	Claim identity, immutable journal/terminal records, lock ownership, and projections must remain atomic. Cross-domain calls: git subprocess/cache, secure filesystem/storage. Mixed god file; extract only after dependency seam exists.	function:1534620506ad30c42d904bb1aa1142aa				no direct reverse call/type reference; inspect bodies
internal/worktrees/worklog.go	writeManagedWorktreeInstructions	writeManagedWorktreeInstructions	function		false	2168	2188	claims/locks/worklogs	internal/worktreeclaims	filesystem	filesystem,global	writeBytesAtomicAt; openAbsoluteDirectoryNoFollow	2		0	0	partial	86.7	13	15	medium	Claim identity, immutable journal/terminal records, lock ownership, and projections must remain atomic. Cross-domain calls: secure filesystem/storage. Mixed god file; extract only after dependency seam exists.	function:037e765ef951bfe12da6cff85faece4d				no direct reverse call/type reference; inspect bodies
internal/worktrees/worklog.go	openWorkLogProjectionDirectory	openWorkLogProjectionDirectory	function		false	2190	2229	claims/locks/worklogs	internal/worktreeclaims	filesystem,global	filesystem,global	openAbsoluteDirectoryNoFollow; openOrCreateNoFollowDirectory; directoryStillMatches	3		0	0	partial	73.1	19	26	medium	Claim identity, immutable journal/terminal records, lock ownership, and projections must remain atomic. Cross-domain calls: secure filesystem/storage. Mixed god file; extract only after dependency seam exists.	function:80b7c86a438f6adac1f02386d9d948cd				no direct reverse call/type reference; inspect bodies
internal/worktrees/worklog.go	validateProjection	validateProjection	function		false	2231	2239	claims/locks/worklogs	internal/worktreeclaims	none detected	none detected	validSafeSegment(2); validClaimID	3		0	0	covered	100.0	5	5	medium	Claim identity, immutable journal/terminal records, lock ownership, and projections must remain atomic. Cross-domain calls: layout/discovery. Mixed god file; extract only after dependency seam exists.	function:a85ddc86ac27b99f88a5dac783300850				no direct reverse call/type reference; inspect bodies
internal/worktrees/worklog.go	sealWorkLogForRecycle	sealWorkLogForRecycle	function		false	2245	2247	claims/locks/worklogs	internal/worktreeclaims	none detected	global	sealWorkLogForRecycleWithSupersession	1		0	0	covered	100.0	1	1	low	Claim identity, immutable journal/terminal records, lock ownership, and projections must remain atomic. Mixed god file; extract only after dependency seam exists.	function:95e8973146ca1b6b242bfbf927e49b20				no direct reverse call/type reference; inspect bodies
internal/worktrees/worklog.go	sealWorkLogForRecycleWithDirtyCapture	sealWorkLogForRecycleWithDirtyCapture	function		false	2249	2251	claims/locks/worklogs	internal/worktreeclaims	none detected	filesystem,global	sealWorkLogForRecycleWithEvidence	1		0	0	covered	100.0	1	1	low	Claim identity, immutable journal/terminal records, lock ownership, and projections must remain atomic. Mixed god file; extract only after dependency seam exists.	function:4d7daee85891a6a5bc024ad655af88dd		internal/worktreeretire(1)	internal/worktreeretire(1)	needs facade or injected port
internal/worktrees/worklog.go	sealDiscardedWorkLogAfterAbsorbedByProof	sealDiscardedWorkLogAfterAbsorbedByProof	function		false	2271	2287	claims/locks/worklogs	internal/worktreeclaims	none detected	filesystem,git,global,process	sealWorkLogForRecycleWithDirtyCapture; readWorkLogProjectionForClaim; acceptAdvancedCleanupTerminal	3		0	0	partial	72.7	8	11	low	Claim identity, immutable journal/terminal records, lock ownership, and projections must remain atomic. Mixed god file; extract only after dependency seam exists.	function:6a86cc70ca83c94571df8b2411e3cd31		internal/worktreeretire(1)	internal/worktreeretire(1)	needs facade or injected port
internal/worktrees/worklog.go	sealWorkLogForSupersession	sealWorkLogForSupersession	function		false	2289	2291	claims/locks/worklogs	internal/worktreeclaims	none detected	filesystem,global	sealWorkLogForRecycleWithEvidence	1		0	0	covered	100.0	1	1	low	Claim identity, immutable journal/terminal records, lock ownership, and projections must remain atomic. Mixed god file; extract only after dependency seam exists.	function:16481231087222c4ab1b7b9ae86f3afe		internal/worktreebranches(1)	internal/worktreebranches(1)	needs facade or injected port
internal/worktrees/worklog.go	sealWorkLogForRecycleWithSupersession	sealWorkLogForRecycleWithSupersession	function		false	2293	2295	claims/locks/worklogs	internal/worktreeclaims	none detected	filesystem,global	sealWorkLogForRecycleWithEvidence	1		0	0	covered	100.0	1	1	low	Claim identity, immutable journal/terminal records, lock ownership, and projections must remain atomic. Mixed god file; extract only after dependency seam exists.	function:06dbea7c228047f62946f1e9b3ed36a8		internal/worktreebranches(1)	internal/worktreebranches(1)	needs facade or injected port
internal/worktrees/worklog.go	sealWorkLogForFinalize	sealWorkLogForFinalize	function		false	2303	2305	claims/locks/worklogs	internal/worktreeclaims	none detected	filesystem,global	sealWorkLogForRecycleWithEvidence	1		0	0	covered	100.0	1	1	low	Claim identity, immutable journal/terminal records, lock ownership, and projections must remain atomic. Mixed god file; extract only after dependency seam exists.	function:ef25ddf1f36ca17486a7b6407ef47655				no direct reverse call/type reference; inspect bodies
internal/worktrees/worklog.go	finalizeReportFileName	finalizeReportFileName	function		false	2317	2327	claims/locks/worklogs	internal/worktreeclaims	none detected	none detected	validSafeSegment; splitRepository	2		0	0	covered	100.0	7	7	medium	Claim identity, immutable journal/terminal records, lock ownership, and projections must remain atomic. Cross-domain calls: layout/discovery. Mixed god file; extract only after dependency seam exists.	function:69eeb40b5876a14cd0533dfec400216a				no direct reverse call/type reference; inspect bodies
internal/worktrees/worklog.go	writeWorkLogFinalizeReport	writeWorkLogFinalizeReport	function		false	2335	2357	claims/locks/worklogs	internal/worktreeclaims	filesystem	filesystem,global	finalizeReportFileName; openWorkLogRun; openPrivateChild; writeBytesAtomicAt	4		0	0	partial	77.8	14	18	medium	Claim identity, immutable journal/terminal records, lock ownership, and projections must remain atomic. Cross-domain calls: secure filesystem/storage. Mixed god file; extract only after dependency seam exists.	function:bf9f90b85bef1a305e15c5211b1dcf64				no direct reverse call/type reference; inspect bodies
internal/worktrees/worklog.go	readWorkLogFinalizeReportBody	readWorkLogFinalizeReportBody	function		false	2363	2374	claims/locks/worklogs	internal/worktreeclaims	filesystem	filesystem,global	readBytesAt; openAbsoluteDirectoryNoFollow	2		0	0	partial	88.9	8	9	medium	Claim identity, immutable journal/terminal records, lock ownership, and projections must remain atomic. Cross-domain calls: secure filesystem/storage. Mixed god file; extract only after dependency seam exists.	function:3a7c600b7718a07a5f0eb3b9b207a030				no direct reverse call/type reference; inspect bodies
internal/worktrees/worklog.go	openCheckedCleanupClaim	openCheckedCleanupClaim	function		false	2378	2407	claims/locks/worklogs	internal/worktreeclaims	filesystem,global	filesystem,global	openWorkLogRun; lockClaim; readWorkLogProjection; openPrivateChild; readJSONAt	5		0	0	covered	100.0	23	23	medium	Claim identity, immutable journal/terminal records, lock ownership, and projections must remain atomic. Cross-domain calls: secure filesystem/storage. Mixed god file; extract only after dependency seam exists.	function:bd3b7d238b57a0a861bbc2f7aea84e24				no direct reverse call/type reference; inspect bodies
internal/worktrees/worklog.go	sealWorkLogForRecycleWithEvidence	sealWorkLogForRecycleWithEvidence	function		false	2409	2440	claims/locks/worklogs	internal/worktreeclaims	global	filesystem,git,global,network	readWorkLogProjectionForClaim; openCheckedCleanupClaim; corroborateClaimAtPath; writeWorkLogTerminalWithDirtyCapture; writeWorkLogTerminalWithSupersession; writeWorkLogTerminalWithEvidence; writeWorkLogProjection	7		0	0	partial	82.6	19	23	low	Claim identity, immutable journal/terminal records, lock ownership, and projections must remain atomic. Mixed god file; extract only after dependency seam exists.	function:1b34bb3aadc5ae1f4a66adc931ca06c5		internal/worktreeretire(1); internal/worktreebranches(1)	internal/worktreeretire(1); internal/worktreebranches(1)	needs facade or injected port
internal/worktrees/worklog.go	sealWorkLogForCleanup	sealWorkLogForCleanup	function		false	2442	2474	claims/locks/worklogs	internal/worktreeclaims	none detected	filesystem,git,global,process	readWorkLogProjectionForClaim; acceptExistingCleanupTerminal; hasExistingWorkLogTerminal; acceptAdvancedCleanupTerminal; sealWorkLogForRecycle	5		0	0	partial	92.3	12	13	low	Claim identity, immutable journal/terminal records, lock ownership, and projections must remain atomic. Mixed god file; extract only after dependency seam exists.	function:0bf1a7621d31f2409ad256317ca02922				no direct reverse call/type reference; inspect bodies
internal/worktrees/worklog.go	hasExistingWorkLogTerminal	hasExistingWorkLogTerminal	function		false	2476	2484	claims/locks/worklogs	internal/worktreeclaims	none detected	filesystem	openWorkLogRun; readWorkLogTerminalAt	2		0	0	partial	85.7	6	7	low	Claim identity, immutable journal/terminal records, lock ownership, and projections must remain atomic. Mixed god file; extract only after dependency seam exists.	function:babff156a63778da922646b7aad4ed9c				no direct reverse call/type reference; inspect bodies
internal/worktrees/worklog.go	acceptExistingCleanupTerminal	acceptExistingCleanupTerminal	function		false	2494	2555	claims/locks/worklogs	internal/worktreeclaims	filesystem,global	filesystem,git,global,network	readJSONAt(2); readWorkLogProjectionForClaim; openCheckedCleanupClaim; corroborateClaimAtPath; openPrivateChild; openWorkLogOutbox; writeWorkLogProjection; repairCurrentLocalProjection	9		0	0	partial	81.0	34	42	medium	Claim identity, immutable journal/terminal records, lock ownership, and projections must remain atomic. Cross-domain calls: secure filesystem/storage. Mixed god file; extract only after dependency seam exists.	function:e4857fa742ed48f7b743002f31fcc1f9				no direct reverse call/type reference; inspect bodies
internal/worktrees/worklog.go	acceptAdvancedCleanupTerminal	acceptAdvancedCleanupTerminal	function		false	2574	2659	claims/locks/worklogs	internal/worktreeclaims	filesystem,global	filesystem,git,global,process	openPrivateChild(2); readJSONAt(2); writeJSONImmutableAt(2); openCheckedCleanupClaim; isAncestor; commitsShareEveryPatchIDByRebase; openWorkLogOutbox	10		0	0	partial	80.4	45	56	high	Claim identity, immutable journal/terminal records, lock ownership, and projections must remain atomic. Cross-domain calls: branch reconciliation/cleanup, landing/merge receipts, secure filesystem/storage. Mixed god file; extract only after dependency seam exists.	function:a951518f394eaf71b2501d2c5f2e0ced	internal/worktreelanding(1); internal/worktreebranches(1)			needs facade or injected port
internal/worktrees/worklog.go	transferWorkLogClaim	transferWorkLogClaim	function		false	2666	2719	claims/locks/worklogs	internal/worktreeclaims	filesystem,global	filesystem,git,global	writeJSONImmutableAt(2); validateNewExecutionIdentity; readWorkLogProjectionForClaim; openLockedWorkLogRun; readWorkLogProjection; openPrivateChild; readJSONAt; corroborateClaim	15		0	0	partial	76.2	32	42	medium	Claim identity, immutable journal/terminal records, lock ownership, and projections must remain atomic. Cross-domain calls: secure filesystem/storage. Mixed god file; extract only after dependency seam exists.	function:b293a86070af55c82ed6179ea959f547				no direct reverse call/type reference; inspect bodies
internal/worktrees/worklog.go	recoverFailedRecycleClaim	recoverFailedRecycleClaim	function		false	2726	2779	claims/locks/worklogs	internal/worktreeclaims	filesystem,global	filesystem,git,global	openPrivateChild(2); readJSONAt(2); writeJSONImmutableAt(2); openLockedWorkLogRun; corroborateClaim; successorWorkLogClaimID; newSuccessorWorkLogClaim; activeClaimPublication	13		0	0	partial	75.6	31	41	medium	Claim identity, immutable journal/terminal records, lock ownership, and projections must remain atomic. Cross-domain calls: secure filesystem/storage. Mixed god file; extract only after dependency seam exists.	function:61e274ac66836550a8622bed57c4cf5a				no direct reverse call/type reference; inspect bodies
internal/worktrees/worklog.go	newSuccessorWorkLogClaim	newSuccessorWorkLogClaim	function		false	2781	2801	claims/locks/worklogs	internal/worktreeclaims	none detected	none detected		0		0	0	covered	100.0	18	18	low	Claim identity, immutable journal/terminal records, lock ownership, and projections must remain atomic. Mixed god file; extract only after dependency seam exists.	function:9b1ead7067a9ab4116c42c030e6167b3				no direct reverse call/type reference; inspect bodies
internal/worktrees/worklog.go	activeClaimPublication	activeClaimPublication	function		false	2803	2813	claims/locks/worklogs	internal/worktreeclaims	none detected	none detected		0		0	0	covered	100.0	8	8	low	Claim identity, immutable journal/terminal records, lock ownership, and projections must remain atomic. Mixed god file; extract only after dependency seam exists.	function:6e53ff2fa3a57a8194c8754ef049e561				no direct reverse call/type reference; inspect bodies
internal/worktrees/worklog.go	writeWorkLogTerminal	writeWorkLogTerminal	function		false	2815	2817	claims/locks/worklogs	internal/worktreeclaims	none detected	filesystem,global	writeWorkLogTerminalWithEvidence	1		0	0	covered	100.0	1	1	low	Claim identity, immutable journal/terminal records, lock ownership, and projections must remain atomic. Mixed god file; extract only after dependency seam exists.	function:06c2203b28174e3e9391fd1f3c7992ae		internal/worktreesessions(1)	internal/worktreesessions(1)	needs facade or injected port
internal/worktrees/worklog.go	writeOrphanedWorkLogTerminal	writeOrphanedWorkLogTerminal	function		false	2819	2826	claims/locks/worklogs	internal/worktreeclaims	none detected	filesystem,global	writeWorkLogTerminalWithEvidence	1		0	0	partial	66.7	2	3	low	Claim identity, immutable journal/terminal records, lock ownership, and projections must remain atomic. Mixed god file; extract only after dependency seam exists.	function:f905069d0689490559fb00dd3549db88				no direct reverse call/type reference; inspect bodies
internal/worktrees/worklog.go	writeWorkLogTerminalWithDirtyCapture	writeWorkLogTerminalWithDirtyCapture	function		false	2828	2830	claims/locks/worklogs	internal/worktreeclaims	none detected	filesystem,global	writeWorkLogTerminalWithEvidence	1		0	0	covered	100.0	1	1	low	Claim identity, immutable journal/terminal records, lock ownership, and projections must remain atomic. Mixed god file; extract only after dependency seam exists.	function:2e8406d182d9715ad3151b7d6f3212d6		internal/worktreeretire(1); internal/worktreesessions(1)	internal/worktreeretire(1); internal/worktreesessions(1)	needs facade or injected port
internal/worktrees/worklog.go	writeWorkLogTerminalWithSupersession	writeWorkLogTerminalWithSupersession	function		false	2832	2834	claims/locks/worklogs	internal/worktreeclaims	none detected	filesystem,global	writeWorkLogTerminalWithEvidence	1		0	0	covered	100.0	1	1	low	Claim identity, immutable journal/terminal records, lock ownership, and projections must remain atomic. Mixed god file; extract only after dependency seam exists.	function:14571815799b19a8a1146fb86d578781		internal/worktreebranches(1); internal/worktreesessions(1)	internal/worktreebranches(1); internal/worktreesessions(1)	needs facade or injected port
internal/worktrees/worklog.go	writeWorkLogTerminalWithEvidence	writeWorkLogTerminalWithEvidence	function		false	2836	2873	claims/locks/worklogs	internal/worktreeclaims	filesystem,global	filesystem,global	writeJSONImmutableAt(2); openPrivateChild; readJSONAt; sameExternalHandoffEvidence; sameOrphanedEvidence; sameDirtyWorktreeEvidence; sameSupersessionReceipt; sameFinalizeReport	10		0	0	partial	81.5	22	27	high	Claim identity, immutable journal/terminal records, lock ownership, and projections must remain atomic. Cross-domain calls: branch reconciliation/cleanup, secure filesystem/storage, sessions/custody/transport. Mixed god file; extract only after dependency seam exists.	function:a127c06b90d6ef090826a7210b050724	internal/worktreesessions(1); internal/worktreebranches(1)	internal/worktreeretire(1); internal/worktreebranches(1); internal/worktreesessions(1)	internal/worktreeretire(1); internal/worktreebranches(1); internal/worktreesessions(1)	needs facade or injected port
internal/worktrees/worklog.go	sameOrphanedEvidence	sameOrphanedEvidence	function		false	2875	2880	claims/locks/worklogs	internal/worktreeclaims	none detected	none detected		0		0	0	covered	100.0	3	3	low	Claim identity, immutable journal/terminal records, lock ownership, and projections must remain atomic. Mixed god file; extract only after dependency seam exists.	function:d1fd99ec7265b73841a0e98481543f7c				no direct reverse call/type reference; inspect bodies
internal/worktrees/worklog.go	sameDirtyWorktreeEvidence	sameDirtyWorktreeEvidence	function		false	2882	2887	claims/locks/worklogs	internal/worktreeclaims	none detected	none detected		0		0	0	covered	100.0	3	3	low	Claim identity, immutable journal/terminal records, lock ownership, and projections must remain atomic. Mixed god file; extract only after dependency seam exists.	function:4dfe796e34263a2019fccc83d4cf4501		internal/worktreeretire(1)	internal/worktreeretire(1)	needs facade or injected port
internal/worktrees/worklog.go	preflightWorkLogSeal	preflightWorkLogSeal	function		false	2892	2901	claims/locks/worklogs	internal/worktreeclaims	none detected	filesystem,git,global	readWorkLogProjectionForClaim; corroborateWorkLogProjection	2		0	0	covered	100.0	6	6	low	Claim identity, immutable journal/terminal records, lock ownership, and projections must remain atomic. Mixed god file; extract only after dependency seam exists.	function:c8344fdccbf2b5703bec1f78e64af65a				no direct reverse call/type reference; inspect bodies
internal/worktrees/worklog.go	preflightWorkLogSealForCleanup	preflightWorkLogSealForCleanup	function		false	2909	2929	claims/locks/worklogs	internal/worktreeclaims	none detected	filesystem,git,global,network,process	readWorkLogProjectionForReadOnlyClaim; corroborateWorkLogProjection; legacyRepositoryRelocationForCleanup	3		0	0	partial	92.9	13	14	low	Claim identity, immutable journal/terminal records, lock ownership, and projections must remain atomic. Mixed god file; extract only after dependency seam exists.	function:4758a23cf264af1e1e02174beb44c0f7		internal/worktreelayout(1)		no direct reverse call/type reference; inspect bodies
internal/worktrees/worklog.go	recordLegacyRepositoryRelocationForCleanup	recordLegacyRepositoryRelocationForCleanup	function		false	2934	2943	claims/locks/worklogs	internal/worktreeclaims	none detected	filesystem,git,global,network,process	legacyRepositoryRelocationForCleanup; preflightWorkLogSeal	2		0	0	partial	83.3	5	6	low	Claim identity, immutable journal/terminal records, lock ownership, and projections must remain atomic. Mixed god file; extract only after dependency seam exists.	function:d7c38987e9e9527fe80bacf3e84f0f06		internal/worktreelayout(1)		no direct reverse call/type reference; inspect bodies
internal/worktrees/worklog.go	legacyRepositoryRelocationForCleanup	legacyRepositoryRelocationForCleanup	function		false	2949	3064	claims/locks/worklogs	internal/worktreeclaims	global	filesystem,git,global,network,process	isAncestor(2); sameLegacyRelocatedCheckoutIntent(2); readWorkLogProjectionForReadOnlyClaim; openWorkLogRun; readWorkLogClaimAt; validateStaticWorkLogClaim; latestRelocationResolution; legacyRepositoryRelocationPaths	16		0	0	partial	70.1	54	77	high	Claim identity, immutable journal/terminal records, lock ownership, and projections must remain atomic. Cross-domain calls: branch reconciliation/cleanup, landing/merge receipts, shared orchestration. Mixed god file; extract only after dependency seam exists.	function:36500b77529034c826e96c9e49e353f1	internal/worktrees(6); internal/worktreelanding(2)	internal/worktreelayout(1)		needs facade or injected port
internal/worktrees/worklog.go	sameLegacyRelocatedCheckoutIntent	sameLegacyRelocatedCheckoutIntent	function		false	3066	3073	claims/locks/worklogs	internal/worktreeclaims	none detected	none detected	validSafeSegment	1		0	0	covered	100.0	1	1	medium	Claim identity, immutable journal/terminal records, lock ownership, and projections must remain atomic. Cross-domain calls: layout/discovery. Mixed god file; extract only after dependency seam exists.	function:2a149cf97d991dffda654e6741215d06		internal/worktrees(1)	internal/worktrees(1)	needs facade or injected port
internal/worktrees/worklog.go	legacyRepositoryRelocationPaths	legacyRepositoryRelocationPaths	function		false	3075	3126	claims/locks/worklogs	internal/worktreeclaims	none detected	filesystem,git,network	cloneParentRelative(2); splitRepository(2); validSafeSegment; canonicalStoreAddress; canonicalPathAddress; CanonicalRepositoryPath	8		0	0	partial	93.3	28	30	medium	Claim identity, immutable journal/terminal records, lock ownership, and projections must remain atomic. Cross-domain calls: layout/discovery. Mixed god file; extract only after dependency seam exists.	function:418eacadde18c1710af493884768f13f		internal/worktreelayout(1)		no direct reverse call/type reference; inspect bodies
internal/worktrees/worklog.go	cloneParentRelative	cloneParentRelative	function		false	3131	3136	claims/locks/worklogs	internal/worktreeclaims	none detected	none detected		0		0	0	covered	100.0	3	3	low	Claim identity, immutable journal/terminal records, lock ownership, and projections must remain atomic. Mixed god file; extract only after dependency seam exists.	function:b82f899c2c65b21152fa843215ed4423				no direct reverse call/type reference; inspect bodies
internal/worktrees/worklog.go	corroborateWorkLogProjection	corroborateWorkLogProjection	function		false	3138	3149	claims/locks/worklogs	internal/worktreeclaims	none detected	filesystem,git,network	openWorkLogRun; readWorkLogClaimAt; corroborateClaimAtPath	3		0	0	partial	88.9	8	9	low	Claim identity, immutable journal/terminal records, lock ownership, and projections must remain atomic. Mixed god file; extract only after dependency seam exists.	function:6cf09fee02b53507b74e94c60aa67201				no direct reverse call/type reference; inspect bodies
internal/worktrees/worklog.go	readWorkLogProjection	readWorkLogProjection	function		false	3151	3165	claims/locks/worklogs	internal/worktreeclaims	global	filesystem,global	openWorkLogProjectionDirectory; readJSONAt; validateProjection	3		0	0	covered	100.0	11	11	medium	Claim identity, immutable journal/terminal records, lock ownership, and projections must remain atomic. Cross-domain calls: secure filesystem/storage. Mixed god file; extract only after dependency seam exists.	function:4681b09a2d371ff453818abd72478e0d				no direct reverse call/type reference; inspect bodies
internal/worktrees/worklog.go	workLogProjectionSelection	workLogProjectionSelection	type		false	3167	3167	claims/locks/worklogs	internal/worktreeclaims	none detected	none detected		0		0	0	n/a		0	0	low	Claim identity, immutable journal/terminal records, lock ownership, and projections must remain atomic. Mixed god file; extract only after dependency seam exists.	type_alias:d2c12718e8b068030f2243db0df29d52				no direct reverse call/type reference; inspect bodies
internal/worktrees/worklog.go	selectWorkLogProjection	selectWorkLogProjection	function		false	3175	3195	claims/locks/worklogs	internal/worktreeclaims	none detected	none detected		0		0	0	covered	100.0	12	12	low	Claim identity, immutable journal/terminal records, lock ownership, and projections must remain atomic. Mixed god file; extract only after dependency seam exists.	function:82a667fbb21cfbfb432f4ab05bf34f40				no direct reverse call/type reference; inspect bodies
internal/worktrees/worklog.go	readWorkLogProjectionForClaim	readWorkLogProjectionForClaim	function		false	3203	3228	claims/locks/worklogs	internal/worktreeclaims	none detected	filesystem,git,global	readWorkLogProjection; readLegacyWorkLogProjection; selectWorkLogProjection; corroborateProjectionWithPrivateClaim; writeWorkLogProjection; removeLegacyWorkLogProjection	6		0	0	partial	94.1	16	17	low	Claim identity, immutable journal/terminal records, lock ownership, and projections must remain atomic. Mixed god file; extract only after dependency seam exists.	function:b592d821d3636413643344b6814ef999				no direct reverse call/type reference; inspect bodies
internal/worktrees/worklog.go	readWorkLogProjectionForReadOnlyClaim	readWorkLogProjectionForReadOnlyClaim	function		false	3233	3238	claims/locks/worklogs	internal/worktreeclaims	none detected	filesystem,global	readWorkLogProjection; readLegacyWorkLogProjection; selectWorkLogProjection	3		0	0	covered	100.0	4	4	low	Claim identity, immutable journal/terminal records, lock ownership, and projections must remain atomic. Mixed god file; extract only after dependency seam exists.	function:6a17c4add29e193c90d63ea1ffeb01b1				no direct reverse call/type reference; inspect bodies
internal/worktrees/worklog.go	readLegacyWorkLogProjection	readLegacyWorkLogProjection	function		false	3240	3254	claims/locks/worklogs	internal/worktreeclaims	filesystem,global	filesystem,global	readJSONAt; validateProjection; openAbsoluteDirectoryNoFollow	3		0	0	partial	90.9	10	11	medium	Claim identity, immutable journal/terminal records, lock ownership, and projections must remain atomic. Cross-domain calls: secure filesystem/storage. Mixed god file; extract only after dependency seam exists.	function:e30f5319f27bc745802b95a14ea3b991				no direct reverse call/type reference; inspect bodies
internal/worktrees/worklog.go	corroborateProjectionWithPrivateClaim	corroborateProjectionWithPrivateClaim	function		false	3256	3271	claims/locks/worklogs	internal/worktreeclaims	git	filesystem,git,global,network,process	openWorkLogRun; readWorkLogClaimAt; corroborateClaimAtPath; git	4		0	0	partial	91.7	11	12	medium	Claim identity, immutable journal/terminal records, lock ownership, and projections must remain atomic. Cross-domain calls: git subprocess/cache. Mixed god file; extract only after dependency seam exists.	function:c804413ee9a6bad83a523a7f41c2834e				no direct reverse call/type reference; inspect bodies
internal/worktrees/worklog.go	corroborateClaimAtPath	corroborateClaimAtPath	function		false	3279	3309	claims/locks/worklogs	internal/worktreeclaims	none detected	filesystem,git,global,network	corroborateRepositoryRelocation(2); latestRelocationResolution; pendingRelocationIntent; corroborateRelocatedClaim; corroborateClaim	6		0	0	partial	85.0	17	20	medium	Claim identity, immutable journal/terminal records, lock ownership, and projections must remain atomic. Cross-domain calls: shared orchestration. Mixed god file; extract only after dependency seam exists.	function:739114a0ed69233579d0137f44c2a0b9	internal/worktrees(4)			needs facade or injected port
internal/worktrees/worklog.go	corroborateRelocatedClaim	corroborateRelocatedClaim	function		false	3311	3318	claims/locks/worklogs	internal/worktreeclaims	none detected	git	corroborateClaimGit	1		0	0	partial	50.0	2	4	low	Claim identity, immutable journal/terminal records, lock ownership, and projections must remain atomic. Mixed god file; extract only after dependency seam exists.	function:eca4c7c95b4d7a514597ae23a8f1065b				no direct reverse call/type reference; inspect bodies
internal/worktrees/worklog.go	corroborateClaim	corroborateClaim	function		false	3320	3336	claims/locks/worklogs	internal/worktreeclaims	none detected	git	corroborateClaimGit	1		0	0	partial	83.3	5	6	low	Claim identity, immutable journal/terminal records, lock ownership, and projections must remain atomic. Mixed god file; extract only after dependency seam exists.	function:528e3ed15535e594a0223b328ba5af5b				no direct reverse call/type reference; inspect bodies
internal/worktrees/worklog.go	corroborateClaimGit	corroborateClaimGit	function		false	3341	3363	claims/locks/worklogs	internal/worktreeclaims	git	git,global,process	git(3); validateStaticWorkLogClaim	4		0	0	partial	76.9	10	13	medium	Claim identity, immutable journal/terminal records, lock ownership, and projections must remain atomic. Cross-domain calls: git subprocess/cache. Mixed god file; extract only after dependency seam exists.	function:f0b492d2aa93ef0ed4a1b15e21a66de4				no direct reverse call/type reference; inspect bodies
internal/worktrees/worklog.go	removeWorkLogProjection	removeWorkLogProjection	function		false	3365	3391	claims/locks/worklogs	internal/worktreeclaims	filesystem	filesystem,global	openWorkLogProjectionDirectory; openAbsoluteDirectoryNoFollow	2		0	0	partial	70.0	14	20	medium	Claim identity, immutable journal/terminal records, lock ownership, and projections must remain atomic. Cross-domain calls: secure filesystem/storage. Mixed god file; extract only after dependency seam exists.	function:7afd6c4f4cd600ee4b20fdeb67d2b111				no direct reverse call/type reference; inspect bodies
internal/worktrees/worklog.go	removeLegacyWorkLogProjection	removeLegacyWorkLogProjection	function		false	3393	3403	claims/locks/worklogs	internal/worktreeclaims	filesystem	filesystem,global	openAbsoluteDirectoryNoFollow	1		0	0	partial	75.0	6	8	medium	Claim identity, immutable journal/terminal records, lock ownership, and projections must remain atomic. Cross-domain calls: secure filesystem/storage. Mixed god file; extract only after dependency seam exists.	function:b763bcbfafde6b3c567deda1f2cccdd1				no direct reverse call/type reference; inspect bodies
internal/worktrees/worklog.go	openWorkLogRun	openWorkLogRun	function		false	3409	3411	claims/locks/worklogs	internal/worktreeclaims	none detected	filesystem,global	openWorkLogRunWith	1		0	0	covered	100.0	1	1	low	Claim identity, immutable journal/terminal records, lock ownership, and projections must remain atomic. Mixed god file; extract only after dependency seam exists.	function:e3cd87b43903141ab4acfa2e1638d463				no direct reverse call/type reference; inspect bodies
internal/worktrees/worklog.go	openWorkLogRunWith	openWorkLogRunWith	function		false	3413	3434	claims/locks/worklogs	internal/worktreeclaims	filesystem	filesystem,global	validSafeSegment(2); openPrivateChildWith; openAbsoluteDirectoryNoFollowWith	4		0	0	covered	100.0	16	16	high	Claim identity, immutable journal/terminal records, lock ownership, and projections must remain atomic. Cross-domain calls: layout/discovery, secure filesystem/storage. Mixed god file; extract only after dependency seam exists.	function:d2170599d110cba1d97dbb70a073dd41				no direct reverse call/type reference; inspect bodies
internal/worktrees/worklog.go	openWorkLogOutbox	openWorkLogOutbox	function		false	3436	3456	claims/locks/worklogs	internal/worktreeclaims	filesystem	filesystem,global	openPrivateChild(3); validSafeSegment; openAbsoluteDirectoryNoFollow	5		0	0	partial	83.3	15	18	high	Claim identity, immutable journal/terminal records, lock ownership, and projections must remain atomic. Cross-domain calls: layout/discovery, secure filesystem/storage. Mixed god file; extract only after dependency seam exists.	function:9ca69a588968229a672a8a3e7fae1e7b				no direct reverse call/type reference; inspect bodies
internal/worktrees/worklog.go	openPrivateChild	openPrivateChild	function		false	3462	3464	secure filesystem/storage	internal/worktreesecure	filesystem	filesystem,global	openPrivateChildWith	1		0	0	covered	100.0	1	1	low	No-follow descriptor identity and fail-closed path containment guard mutations. Mixed god file; extract only after dependency seam exists.	function:c3681a4ae8a5a12cb4abe3522894fd65				no direct reverse call/type reference; inspect bodies
internal/worktrees/worklog.go	openPrivateChildWith	openPrivateChildWith	function		false	3466	3499	secure filesystem/storage	internal/worktreesecure	filesystem,global	filesystem,global	validSafeSegment; openOrCreateNoFollowDirectoryWith	2		0	0	partial	77.8	14	18	medium	No-follow descriptor identity and fail-closed path containment guard mutations. Cross-domain calls: layout/discovery. Mixed god file; extract only after dependency seam exists.	function:5481496eaad003e041665e7aa3a82069				no direct reverse call/type reference; inspect bodies
internal/worktrees/worklog.go	lockClaim	lockClaim	function		false	3501	3523	claims/locks/worklogs	internal/worktreeclaims	filesystem	filesystem,global	openPrivateChild	1		0	0	partial	80.0	12	15	medium	Claim identity, immutable journal/terminal records, lock ownership, and projections must remain atomic. Cross-domain calls: secure filesystem/storage. Mixed god file; extract only after dependency seam exists.	function:6c04f4cfcbf4a6602cbe2df439ccb8a5				no direct reverse call/type reference; inspect bodies
internal/worktrees/worklog.go	lockedWorkLogRun	lockedWorkLogRun	struct		false	3527	3531	claims/locks/worklogs	internal/worktreeclaims	none detected	none detected		0		0	0	n/a		0	0	low	Claim identity, immutable journal/terminal records, lock ownership, and projections must remain atomic. Mixed god file; extract only after dependency seam exists.	struct:766730cbfc73345c12c6db53bdb535ce				no direct reverse call/type reference; inspect bodies
internal/worktrees/worklog.go	openLockedWorkLogRun	openLockedWorkLogRun	function		false	3533	3544	claims/locks/worklogs	internal/worktreeclaims	none detected	filesystem	openWorkLogRun; lockClaim	2		0	0	covered	100.0	8	8	low	Claim identity, immutable journal/terminal records, lock ownership, and projections must remain atomic. Mixed god file; extract only after dependency seam exists.	function:aa1f9170addc3c9189624701d24cf6d9				no direct reverse call/type reference; inspect bodies
internal/worktrees/worklog.go	close	lockedWorkLogRun::close	method	lockedWorkLogRun	false	3546	3549	claims/locks/worklogs	internal/worktreeclaims	none detected	none detected	PlacementWorktree::Close	1		0	0	covered	100.0	2	2	medium	Claim identity, immutable journal/terminal records, lock ownership, and projections must remain atomic. Cross-domain calls: shared orchestration. Mixed god file; extract only after dependency seam exists.	method:c663d42dadb0ec18cb6708b165ac1d1a	internal/worktrees(1)			needs facade or injected port
internal/worktrees/worklog.go	writeJSONImmutableAt	writeJSONImmutableAt	function		false	3551	3558	secure filesystem/storage	internal/worktreesecure	none detected	filesystem	writeBytesImmutableAt	1		0	0	partial	80.0	4	5	low	No-follow descriptor identity and fail-closed path containment guard mutations. Mixed god file; extract only after dependency seam exists.	function:c9adc5457dd691eab72347ed7c9296ed				no direct reverse call/type reference; inspect bodies
internal/worktrees/worklog.go	writeBytesImmutableAt	writeBytesImmutableAt	function		false	3571	3573	secure filesystem/storage	internal/worktreesecure	none detected	filesystem	writeBytesImmutableAtInjected	1		0	0	covered	100.0	1	1	low	No-follow descriptor identity and fail-closed path containment guard mutations. Mixed god file; extract only after dependency seam exists.	function:815571f586e121bb7d1e88daa9f1d487				no direct reverse call/type reference; inspect bodies
internal/worktrees/worklog.go	writeBytesImmutableAtInjected	writeBytesImmutableAtInjected	function		false	3586	3608	secure filesystem/storage	internal/worktreesecure	filesystem	filesystem	readBytesAt(2); writeBytesWithTemporaryAtInjected; writeBytesImmutableAtBeforeRename	4		0	0	partial	93.3	14	15	low	No-follow descriptor identity and fail-closed path containment guard mutations. Mixed god file; extract only after dependency seam exists.	function:c5826bc3e9b4dc41349323fd391c97aa				no direct reverse call/type reference; inspect bodies
internal/worktrees/worklog.go	writeBytesWithTemporaryAtInjected	writeBytesWithTemporaryAtInjected	function		false	3614	3646	secure filesystem/storage	internal/worktreesecure	filesystem	filesystem	randomHexToken	1		0	0	covered	100.0	23	23	low	No-follow descriptor identity and fail-closed path containment guard mutations. Mixed god file; extract only after dependency seam exists.	function:d6f4abfd229909a162b3c7c5c93049d6				no direct reverse call/type reference; inspect bodies
internal/worktrees/worklog.go	readBytesAt	readBytesAt	function		false	3648	3659	secure filesystem/storage	internal/worktreesecure	filesystem	filesystem		0		0	0	covered	100.0	9	9	low	No-follow descriptor identity and fail-closed path containment guard mutations. Mixed god file; extract only after dependency seam exists.	function:d0ae9666d76c4b45aae13f3577aaabff				no direct reverse call/type reference; inspect bodies
internal/worktrees/worklog.go	readJSONAt	readJSONAt	function		false	3661	3667	secure filesystem/storage	internal/worktreesecure	filesystem	filesystem	readBytesAt	1		0	0	covered	100.0	4	4	low	No-follow descriptor identity and fail-closed path containment guard mutations. Mixed god file; extract only after dependency seam exists.	function:e2f59dad148eceb671ce221db5bed51d				no direct reverse call/type reference; inspect bodies
internal/worktrees/worklog.go	readPrivateRecordAt	readPrivateRecordAt	function		false	3669	3681	secure filesystem/storage	internal/worktreesecure	filesystem,global	filesystem,global	openPrivateChild; readJSONAt	2		0	0	covered	100.0	10	10	medium	No-follow descriptor identity and fail-closed path containment guard mutations. Mixed god file; extract only after dependency seam exists.	function:4fc0d5822b4cfbe8aa56d3375e4cd023				no direct reverse call/type reference; inspect bodies
internal/worktrees/worklog.go	readWorkLogClaimAt	readWorkLogClaimAt	function		false	3683	3685	claims/locks/worklogs	internal/worktreeclaims	none detected	none detected		0		0	0	covered	100.0	1	1	low	Claim identity, immutable journal/terminal records, lock ownership, and projections must remain atomic. Mixed god file; extract only after dependency seam exists. Typed claim adapter; generic readPrivateRecordAt belongs to secure storage.	function:2f59967cb74dcd51dd50b708f681f56f				no direct reverse call/type reference; inspect bodies
internal/worktrees/worklog.go	readWorkLogTerminalAt	readWorkLogTerminalAt	function		false	3687	3689	claims/locks/worklogs	internal/worktreeclaims	none detected	none detected		0		0	0	covered	100.0	1	1	low	Claim identity, immutable journal/terminal records, lock ownership, and projections must remain atomic. Mixed god file; extract only after dependency seam exists. Typed claim adapter; generic readPrivateRecordAt belongs to secure storage.	function:32fa617348717084116b29e89d05ca85				no direct reverse call/type reference; inspect bodies
internal/worktrees/worklog.go	writeJSONAtomic	writeJSONAtomic	function		false	3691	3697	secure filesystem/storage	internal/worktreesecure	none detected	filesystem	writeBytesAtomic	1		0	0	partial	75.0	3	4	low	No-follow descriptor identity and fail-closed path containment guard mutations. Mixed god file; extract only after dependency seam exists.	function:b6b77c4d853d2fa6eae77daa548e6645				no direct reverse call/type reference; inspect bodies
internal/worktrees/worklog.go	writeJSONAtomicAt	writeJSONAtomicAt	function		false	3699	3705	secure filesystem/storage	internal/worktreesecure	none detected	filesystem	writeBytesAtomicAt	1		0	0	partial	75.0	3	4	low	No-follow descriptor identity and fail-closed path containment guard mutations. Mixed god file; extract only after dependency seam exists.	function:5e0dde043582cbb4184d56c9842a6639				no direct reverse call/type reference; inspect bodies
internal/worktrees/worklog.go	writeBytesAtomicAt	writeBytesAtomicAt	function		false	3707	3709	secure filesystem/storage	internal/worktreesecure	none detected	filesystem	writeBytesAtomicAtInjected	1		0	0	covered	100.0	1	1	low	No-follow descriptor identity and fail-closed path containment guard mutations. Mixed god file; extract only after dependency seam exists.	function:7a9b6fe4a4f98efe114c30d716c27875				no direct reverse call/type reference; inspect bodies
internal/worktrees/worklog.go	writeBytesAtomicAtInjected	writeBytesAtomicAtInjected	function		false	3722	3732	secure filesystem/storage	internal/worktreesecure	filesystem	filesystem	writeBytesWithTemporaryAtInjected	1		0	0	covered	100.0	6	6	low	No-follow descriptor identity and fail-closed path containment guard mutations. Mixed god file; extract only after dependency seam exists.	function:ae5cb25eb41d3b57a68b9725fc1aaab0				no direct reverse call/type reference; inspect bodies
internal/worktrees/worklog.go	writeBytesAtomic	writeBytesAtomic	function		false	3734	3736	secure filesystem/storage	internal/worktreesecure	none detected	filesystem	writeBytesAtomicInjected	1		0	0	covered	100.0	1	1	low	No-follow descriptor identity and fail-closed path containment guard mutations. Mixed god file; extract only after dependency seam exists.	function:c5e160c822686687788d8f0a3462de5e				no direct reverse call/type reference; inspect bodies
internal/worktrees/worklog.go	writeBytesAtomicInjected	writeBytesAtomicInjected	function		false	3744	3778	secure filesystem/storage	internal/worktreesecure	filesystem	filesystem		0		0	0	partial	92.6	25	27	low	No-follow descriptor identity and fail-closed path containment guard mutations. Mixed god file; extract only after dependency seam exists.	function:b83f57fcc951dcf0cc68030cb92db691				no direct reverse call/type reference; inspect bodies
internal/worktrees/worklog_view.go	PromptRecord	PromptRecord	struct		true	19	30	claims/locks/worklogs	internal/worktreeclaims	none detected	none detected		0		0	0	n/a		0	0	low	Claim identity, immutable journal/terminal records, lock ownership, and projections must remain atomic.	struct:f72476ed9ab73dd20913124ab3754032				no direct reverse call/type reference; inspect bodies
internal/worktrees/worklog_view.go	WorkLogClaimView	WorkLogClaimView	struct		true	35	61	claims/locks/worklogs	internal/worktreeclaims	none detected	none detected		0	internal/orchestrate/worktree_merge_ack.go [references]	3	1	n/a		0	0	medium	Claim identity, immutable journal/terminal records, lock ownership, and projections must remain atomic.	struct:a9c34023bda9dde7c5bdb37d111c6d80				no direct reverse call/type reference; inspect bodies
internal/worktrees/worklog_view.go	WorkLogTerminalView	WorkLogTerminalView	struct		true	70	77	claims/locks/worklogs	internal/worktreeclaims	none detected	none detected		0		0	0	n/a		0	0	low	Claim identity, immutable journal/terminal records, lock ownership, and projections must remain atomic.	struct:7b9b341ad1d558b9a503a551e50759e8				no direct reverse call/type reference; inspect bodies
internal/worktrees/worklog_view.go	WorkLogGitEvidence	WorkLogGitEvidence	struct		true	80	85	claims/locks/worklogs	internal/worktreeclaims	none detected	none detected		0		0	0	n/a		0	0	low	Claim identity, immutable journal/terminal records, lock ownership, and projections must remain atomic.	struct:e8e226477b44b7f1d48773f93c66f80e				no direct reverse call/type reference; inspect bodies
internal/worktrees/worklog_view.go	OriginalPromptView	OriginalPromptView	struct		true	89	94	claims/locks/worklogs	internal/worktreeclaims	none detected	none detected		0		0	0	n/a		0	0	low	Claim identity, immutable journal/terminal records, lock ownership, and projections must remain atomic.	struct:2778fee97a3441eef53d555fd5e258b2				no direct reverse call/type reference; inspect bodies
internal/worktrees/worklog_view.go	WorkLogView	WorkLogView	struct		true	98	113	claims/locks/worklogs	internal/worktreeclaims	none detected	none detected		0	cmd/wb/worktree.go [references]	1	1	n/a		0	0	medium	Claim identity, immutable journal/terminal records, lock ownership, and projections must remain atomic.	struct:8b738379b2adc6e657cb6fb29944a877				no direct reverse call/type reference; inspect bodies
internal/worktrees/worklog_view.go	LoadWorkLogOptions	LoadWorkLogOptions	struct		true	118	122	claims/locks/worklogs	internal/worktreeclaims	none detected	none detected		0	internal/orchestrate/worktree_merge_ack.go [instantiates]; internal/orchestrate/worktree_merge.go [instantiates]; cmd/wb/worktree.go [instantiates]; cmd/wb/pr_create.go [instantiates]; internal/orchestrate/pr_update.go [instantiates]	14	7	n/a		0	0	medium	Claim identity, immutable journal/terminal records, lock ownership, and projections must remain atomic.	struct:2be698f7702427b12b48712018d6d8e8				no direct reverse call/type reference; inspect bodies
internal/worktrees/worklog_view.go	LoadWorkLogView	LoadWorkLogView	function		true	129	238	claims/locks/worklogs	internal/worktreeclaims	none detected	filesystem,git,global	newWorkLogClaimView(2); loadOriginalPrompt(2); RepositoryRootFor; lifecycleOwnerViews; ownerViews; ReadManifest; listPromptRecords; activeWorkLogClaim	14	internal/orchestrate/worktree_merge_ack.go [calls]; internal/orchestrate/worktree_merge.go [calls]; cmd/wb/worktree.go [calls]; cmd/wb/pr_create.go [calls]; internal/orchestrate/pr_update.go [calls]	14	7	partial	70.7	53	75	medium	Claim identity, immutable journal/terminal records, lock ownership, and projections must remain atomic. Cross-domain calls: shared orchestration.	function:7c51df600c33da36aaf9d511d3e55fcb	internal/worktrees(1)			needs facade or injected port
internal/worktrees/worklog_view.go	newWorkLogClaimView	newWorkLogClaimView	function		false	240	252	claims/locks/worklogs	internal/worktreeclaims	none detected	none detected		0		0	0	covered	100.0	1	1	low	Claim identity, immutable journal/terminal records, lock ownership, and projections must remain atomic.	function:394d658e61fb111ee8a639e0136b1249				no direct reverse call/type reference; inspect bodies
internal/worktrees/worklog_view.go	loadOriginalPrompt	loadOriginalPrompt	function		false	254	285	claims/locks/worklogs	internal/worktreeclaims	filesystem	filesystem	openWorkLogRun; readBytesAt	2		0	0	partial	93.8	15	16	medium	Claim identity, immutable journal/terminal records, lock ownership, and projections must remain atomic. Cross-domain calls: secure filesystem/storage.	function:0a52ed808a8cbd3fe5d592e164dbbc06				no direct reverse call/type reference; inspect bodies
internal/worktrees/worklog_view.go	listPromptRecords	listPromptRecords	function		false	287	344	claims/locks/worklogs	internal/worktreeclaims	filesystem	filesystem,global	openJournalSubdirectory; readBytesAt; parsePromptFile	3		0	0	partial	86.4	38	44	medium	Claim identity, immutable journal/terminal records, lock ownership, and projections must remain atomic. Cross-domain calls: secure filesystem/storage.	function:42e11e0537ad0e87548d653bdee0d3d9				no direct reverse call/type reference; inspect bodies
internal/worktrees/worklog_view.go	parsePromptFile	parsePromptFile	function		false	346	358	claims/locks/worklogs	internal/worktreeclaims	none detected	global	parsePromptHeader	1		0	0	partial	88.9	8	9	low	Claim identity, immutable journal/terminal records, lock ownership, and projections must remain atomic.	function:58e216ac0564a8f033070b0322ff8eba				no direct reverse call/type reference; inspect bodies
internal/worktrees/worklog_view.go	observeWorkLogGit	observeWorkLogGit	function		false	360	365	claims/locks/worklogs	internal/worktreeclaims	none detected	git	observeLocalGit	1		0	0	covered	100.0	2	2	low	Claim identity, immutable journal/terminal records, lock ownership, and projections must remain atomic.	function:8d1abfec19ea9a6b96d0aeb587b49b89				no direct reverse call/type reference; inspect bodies
internal/worktrees/worklog_view.go	FormatWorkLogViewText	FormatWorkLogViewText	function		true	370	441	claims/locks/worklogs	internal/worktreeclaims	global	global	writeWorkLogIdentitySections; writeWorkLogTerminalHeader; writeWorkLogStatusSections	3	cmd/wb/worktree.go [calls]	1	1	covered	100.0	52	52	medium	Claim identity, immutable journal/terminal records, lock ownership, and projections must remain atomic.	function:0af768e8ec99efc3223802419a31bd0c				no direct reverse call/type reference; inspect bodies
internal/worktrees/worklog_view.go	FormatWorktreeInfoText	FormatWorktreeInfoText	function		true	447	470	claims/locks/worklogs	internal/worktreeclaims	global	global	writeWorkLogIdentitySections; writeWorkLogTerminalHeader; writeWorkLogStatusSections	3	cmd/wb/worktree.go [calls]	2	1	covered	100.0	22	22	medium	Claim identity, immutable journal/terminal records, lock ownership, and projections must remain atomic.	function:f0a0b114056e3a5ebf9d5f02751f30e7				no direct reverse call/type reference; inspect bodies
internal/worktrees/worklog_view.go	writeWorkLogTerminalHeader	writeWorkLogTerminalHeader	function		false	472	485	claims/locks/worklogs	internal/worktreeclaims	none detected	none detected		0		0	0	covered	100.0	9	9	low	Claim identity, immutable journal/terminal records, lock ownership, and projections must remain atomic.	function:c4101c8cc86f5188b6c03bc71f27fffb				no direct reverse call/type reference; inspect bodies
internal/worktrees/worklog_view.go	writeWorkLogIdentitySections	writeWorkLogIdentitySections	function		false	487	532	claims/locks/worklogs	internal/worktreeclaims	none detected	none detected		0		0	0	covered	100.0	38	38	low	Claim identity, immutable journal/terminal records, lock ownership, and projections must remain atomic.	function:f77e257fa416872875750de05aba2db0				no direct reverse call/type reference; inspect bodies
internal/worktrees/worklog_view.go	writeWorkLogStatusSections	writeWorkLogStatusSections	function		false	534	556	claims/locks/worklogs	internal/worktreeclaims	none detected	none detected		0		0	0	covered	100.0	17	17	low	Claim identity, immutable journal/terminal records, lock ownership, and projections must remain atomic.	function:f7bf4ca0aa3aaa90898abc4c0b29e4cd				no direct reverse call/type reference; inspect bodies
internal/worktrees/worktrees.go	CreateOptions	CreateOptions	struct		true	57	160	shared orchestration	internal/worktrees	none detected	none detected		0	internal/orchestrate/worktree_merge.go [instantiates]; cmd/wb/stream_adapters.go [instantiates]; internal/agents/dispatch.go [instantiates]; cmd/wb/task.go [instantiates]; cmd/wb/worktree.go [instantiates]	9	8	n/a		0	0	medium	Keep transaction ordering, policy gates, and public API compatibility here. Mixed god file; extract only after dependency seam exists.	struct:47ebb202c1f679897962da2b3f8acc68		internal/worktreeclaims(1)		no direct reverse call/type reference; inspect bodies
internal/worktrees/worktrees.go	CreateResult	CreateResult	struct		true	163	173	shared orchestration	internal/worktrees	none detected	none detected		0	internal/orchestrate/engine.go [instantiates]; cmd/wb/remote_autoclaim.go [references]; cmd/wb/worktree_marker.go [references]	3	3	n/a		0	0	medium	Keep transaction ordering, policy gates, and public API compatibility here. Mixed god file; extract only after dependency seam exists.	struct:4329512c17f2353bc0a42fb89340b3f0				no direct reverse call/type reference; inspect bodies
internal/worktrees/worktrees.go	CreateRecoveryOutcome	CreateRecoveryOutcome	struct		true	178	187	shared orchestration	internal/worktrees	none detected	none detected		0		0	0	n/a		0	0	low	Keep transaction ordering, policy gates, and public API compatibility here. Mixed god file; extract only after dependency seam exists.	struct:cb81fd132720635c6bcc331aef34cd50		internal/worktreeclaims(1)		no direct reverse call/type reference; inspect bodies
internal/worktrees/worktrees.go	CreatePublicationError	CreatePublicationError	struct		true	192	195	shared orchestration	internal/worktrees	none detected	none detected		0		0	0	n/a		0	0	low	Keep transaction ordering, policy gates, and public API compatibility here. Mixed god file; extract only after dependency seam exists.	struct:0dc61354a864f8477fb7f21c7d6ebde1				no direct reverse call/type reference; inspect bodies
internal/worktrees/worktrees.go	Error	CreatePublicationError::Error	method	CreatePublicationError	true	197	217	shared orchestration	internal/worktrees	global	global		0		0	0	covered	100.0	11	11	low	Keep transaction ordering, policy gates, and public API compatibility here. Mixed god file; extract only after dependency seam exists.	method:f2304a4d2812eb6b4dd447e20dd2800a				no direct reverse call/type reference; inspect bodies
internal/worktrees/worktrees.go	Unwrap	CreatePublicationError::Unwrap	method	CreatePublicationError	true	219	224	shared orchestration	internal/worktrees	none detected	none detected		0		0	0	covered	100.0	3	3	low	Keep transaction ordering, policy gates, and public API compatibility here. Mixed god file; extract only after dependency seam exists.	method:7b4697d978711d393a5bee02abb97871				no direct reverse call/type reference; inspect bodies
internal/worktrees/worktrees.go	GuardOptions	GuardOptions	struct		true	227	247	shared orchestration	internal/worktrees	none detected	none detected		0	internal/orchestrate/worktree_merge_ack.go [instantiates]; internal/orchestrate/worktree_merge.go [instantiates]; cmd/wb/worktree.go [instantiates]; internal/orchestrate/engine.go [instantiates]; internal/orchestrate/pr_create.go [instantiates]	12	7	n/a		0	0	medium	Keep transaction ordering, policy gates, and public API compatibility here. Mixed god file; extract only after dependency seam exists.	struct:6e37c985f99d685437d479c49be5fd9b		internal/worktreeclaims(2)		no direct reverse call/type reference; inspect bodies
internal/worktrees/worktrees.go	GuardResult	GuardResult	struct		true	250	274	shared orchestration	internal/worktrees	none detected	none detected		0	internal/orchestrate/engine.go [references]	1	1	n/a		0	0	medium	Keep transaction ordering, policy gates, and public API compatibility here. Mixed god file; extract only after dependency seam exists.	struct:69961be401f14d9be3f4511728c232f7		internal/worktreeclaims(1); internal/worktreelayout(1)		no direct reverse call/type reference; inspect bodies
internal/worktrees/worktrees.go	managedWorktreeLocation	managedWorktreeLocation	struct		false	283	291	shared orchestration	internal/worktrees	none detected	none detected		0		0	0	n/a		0	0	low	Keep transaction ordering, policy gates, and public API compatibility here. Mixed god file; extract only after dependency seam exists.	struct:e8eb7e5ca71ac1758009d85b106cabcd				no direct reverse call/type reference; inspect bodies
internal/worktrees/worktrees.go	canonicalPath	managedWorktreeLocation::canonicalPath	method	managedWorktreeLocation	false	297	299	shared orchestration	internal/worktrees	none detected	none detected	WorktreePlacement::Path	1		0	0	covered	100.0	1	1	medium	Keep transaction ordering, policy gates, and public API compatibility here. Cross-domain calls: layout/discovery. Mixed god file; extract only after dependency seam exists.	method:abc45eaabcad803f85a6dcae0e47aa42				no direct reverse call/type reference; inspect bodies
internal/worktrees/worktrees.go	setCanonicalIdentity	managedWorktreeLocation::setCanonicalIdentity	method	managedWorktreeLocation	false	303	307	shared orchestration	internal/worktrees	none detected	none detected		0		0	0	covered	100.0	3	3	low	Keep transaction ordering, policy gates, and public API compatibility here. Mixed god file; extract only after dependency seam exists.	method:28b98613b1907f6a24fe677991fc11f6				no direct reverse call/type reference; inspect bodies
internal/worktrees/worktrees.go	createPlan	createPlan	struct		false	309	322	shared orchestration	internal/worktrees	none detected	none detected		0		0	0	n/a		0	0	low	Keep transaction ordering, policy gates, and public API compatibility here. Mixed god file; extract only after dependency seam exists.	struct:7cbcb8939353de096b668971b231aa9f		internal/worktreelayout(2); internal/worktreeclaims(1)		no direct reverse call/type reference; inspect bodies
internal/worktrees/worktrees.go	createPlanWorkLogSummary	createPlanWorkLogSummary	struct		false	324	328	shared orchestration	internal/worktrees	none detected	none detected		0		0	0	n/a		0	0	low	Keep transaction ordering, policy gates, and public API compatibility here. Mixed god file; extract only after dependency seam exists.	struct:124e8e37615513e8e4f846a84a8d6f08		internal/worktreeclaims(1)		no direct reverse call/type reference; inspect bodies
internal/worktrees/worktrees.go	summarizeCreatePlanWorkLogs	summarizeCreatePlanWorkLogs	function		false	330	350	shared orchestration	internal/worktrees	global	global		0		0	0	covered	100.0	14	14	low	Keep transaction ordering, policy gates, and public API compatibility here. Mixed god file; extract only after dependency seam exists.	function:aa524112ba2f0eb0024f69078fea89c8				no direct reverse call/type reference; inspect bodies
internal/worktrees/worktrees.go	createWritableRequirements	createWritableRequirements	function		false	352	376	shared orchestration	internal/worktrees	none detected	none detected	canonicalRepositoryPath	1		0	0	covered	100.0	14	14	medium	Keep transaction ordering, policy gates, and public API compatibility here. Cross-domain calls: layout/discovery. Mixed god file; extract only after dependency seam exists.	function:649b13e69cef41d770c0903c1c840e68		internal/worktreelayout(1)		no direct reverse call/type reference; inspect bodies
internal/worktrees/worktrees.go	resumedCreateOwner	resumedCreateOwner	function		false	378	389	shared orchestration	internal/worktrees	none detected	none detected	ownerAgent(2)	2		0	0	covered	100.0	8	8	medium	Keep transaction ordering, policy gates, and public API compatibility here. Cross-domain calls: claims/locks/worklogs. Mixed god file; extract only after dependency seam exists.	function:125397000571c44e956de0e5ad16b37b		internal/worktreeclaims(2)		no direct reverse call/type reference; inspect bodies
internal/worktrees/worktrees.go	createdWorktreePublication	createdWorktreePublication	struct		false	391	400	shared orchestration	internal/worktrees	none detected	none detected		0		0	0	n/a		0	0	low	Keep transaction ordering, policy gates, and public API compatibility here. Mixed god file; extract only after dependency seam exists.	struct:073fb87b8a227abf35b274fdbc7addae				no direct reverse call/type reference; inspect bodies
internal/worktrees/worktrees.go	createAttempt	createAttempt	struct		false	402	407	shared orchestration	internal/worktrees	none detected	none detected		0		0	0	n/a		0	0	low	Keep transaction ordering, policy gates, and public API compatibility here. Mixed god file; extract only after dependency seam exists.	struct:eee7337f1518fabaea151c4dbc5a1d99		internal/worktreeclaims(1)		no direct reverse call/type reference; inspect bodies
internal/worktrees/worktrees.go	close	createdWorktreePublication::close	method	createdWorktreePublication	false	409	419	shared orchestration	internal/worktrees	none detected	none detected	PlacementWorktree::Close(2)	2		0	0	covered	100.0	6	6	low	Keep transaction ordering, policy gates, and public API compatibility here. Mixed god file; extract only after dependency seam exists.	method:38b20e94e6a4601b8bee6b9ab73d62f8				no direct reverse call/type reference; inspect bodies
internal/worktrees/worktrees.go	canonicalRepository	canonicalRepository	struct		false	425	430	shared orchestration	internal/worktrees	none detected	none detected		0		0	0	n/a		0	0	low	Keep transaction ordering, policy gates, and public API compatibility here. Mixed god file; extract only after dependency seam exists.	struct:b84ab2f1ea355c2a9af1e8487c927857				no direct reverse call/type reference; inspect bodies
internal/worktrees/worktrees.go	close	canonicalRepository::close	method	canonicalRepository	false	432	442	shared orchestration	internal/worktrees	none detected	none detected	PlacementWorktree::Close(2)	2		0	0	partial	83.3	5	6	low	Keep transaction ordering, policy gates, and public API compatibility here. Mixed god file; extract only after dependency seam exists.	method:f5fcc2befff01ee70be0ce5314a1d674				no direct reverse call/type reference; inspect bodies
internal/worktrees/worktrees.go	validate	canonicalRepository::validate	method	canonicalRepository	false	444	455	shared orchestration	internal/worktrees	none detected	filesystem	directoryStillMatches; directoryEntryStillMatches	2		0	0	partial	71.4	5	7	medium	Keep transaction ordering, policy gates, and public API compatibility here. Cross-domain calls: secure filesystem/storage. Mixed god file; extract only after dependency seam exists.	method:1a73cb52818a368f9cb67c47489990ab				no direct reverse call/type reference; inspect bodies
internal/worktrees/worktrees.go	authorizeForGit	canonicalRepository::authorizeForGit	method	canonicalRepository	false	457	465	shared orchestration	internal/worktrees	none detected	filesystem	canonicalRepository::validate	1		0	0	covered	100.0	5	5	low	Keep transaction ordering, policy gates, and public API compatibility here. Mixed god file; extract only after dependency seam exists.	method:ee3ca2363dcc9758d02fd58392e6ef05				no direct reverse call/type reference; inspect bodies
internal/worktrees/worktrees.go	openCanonicalRepository	openCanonicalRepository	function		false	467	473	shared orchestration	internal/worktrees	filesystem	filesystem,global	openAbsoluteDirectoryNoFollow; openCanonicalRepositoryFromOwnedRoot	2		0	0	covered	100.0	4	4	medium	Keep transaction ordering, policy gates, and public API compatibility here. Cross-domain calls: secure filesystem/storage. Mixed god file; extract only after dependency seam exists.	function:79bd9575b5da7a1e418b7f2ba39b5993				no direct reverse call/type reference; inspect bodies
internal/worktrees/worktrees.go	openCanonicalRepositoryFromOwnedRoot	openCanonicalRepositoryFromOwnedRoot	function		false	477	495	shared orchestration	internal/worktrees	filesystem	filesystem	canonicalRepository::validate	1		0	0	partial	78.6	11	14	low	Keep transaction ordering, policy gates, and public API compatibility here. Mixed god file; extract only after dependency seam exists.	function:5e55bac864a4650bcc7896a5a8259249				no direct reverse call/type reference; inspect bodies
internal/worktrees/worktrees.go	preparedOperationRoot	preparedOperationRoot	struct		false	500	505	shared orchestration	internal/worktrees	none detected	none detected		0		0	0	n/a		0	0	low	Keep transaction ordering, policy gates, and public API compatibility here. Mixed god file; extract only after dependency seam exists.	struct:e93b6d9a560d44179feca617e656a550				no direct reverse call/type reference; inspect bodies
internal/worktrees/worktrees.go	close	preparedOperationRoot::close	method	preparedOperationRoot	false	507	517	shared orchestration	internal/worktrees	none detected	none detected	PlacementWorktree::Close(3)	3		0	0	covered	100.0	6	6	low	Keep transaction ordering, policy gates, and public API compatibility here. Mixed god file; extract only after dependency seam exists.	method:4b4e0226621d0c4d444748f0da827830				no direct reverse call/type reference; inspect bodies
internal/worktrees/worktrees.go	Create	Create	function		true	530	995	shared orchestration	internal/worktrees	git,global	env,filesystem,git,global,process	reserveOriginalPromptArchive(2); recoverFailedCreatePublications(2); normalizeCreateOptions; RegisteredIdentity; ValidateRepositories; requireGitFilesystemCapability; withProjectsRoot; resolveUserStorePolicy	42	internal/orchestrate/worktree_merge.go [calls]; cmd/wb/stream_adapters.go [calls]; cmd/wb/worktree.go [calls]; internal/orchestrate/worktree_merge_conflict_replacement.go [calls]; internal/orchestrate/worktree_merge_published_forward_repair.go [calls]	7	6	partial	81.2	221	272	high	Keep transaction ordering, policy gates, and public API compatibility here. Cross-domain calls: branch reconciliation/cleanup, claims/locks/worklogs, git subprocess/cache, layout/discovery, retirement/recovery/GC, secure filesystem/storage. Mixed god file; extract only after dependency seam exists.	function:2a7a3c003989ef70cc6909c4d0b8a7b0				no direct reverse call/type reference; inspect bodies
internal/worktrees/worktrees.go	ValidateRepositories	ValidateRepositories	function		true	1000	1025	shared orchestration	internal/worktrees	none detected	none detected	splitRepository	1	internal/agents/dispatch.go [calls]; cmd/wb/task.go [calls]; cmd/wb/worktree.go [calls]	3	3	partial	82.4	14	17	medium	Keep transaction ordering, policy gates, and public API compatibility here. Cross-domain calls: layout/discovery. Mixed god file; extract only after dependency seam exists.	function:20d2958c52223aed2310bd1bcac3a956				no direct reverse call/type reference; inspect bodies
internal/worktrees/worktrees.go	Guard	Guard	function		true	1029	1164	shared orchestration	internal/worktrees	filesystem,git	env,filesystem,git,global,network,process	git(2); absoluteProjectsRoot; guardDefaultBase; branchValidationError; gitDirectories; canonicalCoordinates; cleanWorktree; inspectCanonicalFreshness	18	internal/orchestrate/worktree_merge_ack.go [calls]; internal/orchestrate/worktree_merge.go [calls]; cmd/wb/worktree.go [calls]; internal/orchestrate/engine.go [calls]; internal/orchestrate/pr_create.go [calls]	12	7	partial	92.7	76	82	high	Keep transaction ordering, policy gates, and public API compatibility here. Cross-domain calls: branch reconciliation/cleanup, claims/locks/worklogs, git subprocess/cache, landing/merge receipts, layout/discovery, secure filesystem/storage. Mixed god file; extract only after dependency seam exists.	function:c186289ca846eb2c2ec6f2e9190b40e5				no direct reverse call/type reference; inspect bodies
internal/worktrees/worktrees.go	guardDefaultBase	guardDefaultBase	function		false	1169	1179	shared orchestration	internal/worktrees	git	git,global,process	git	1		0	0	partial	85.7	6	7	medium	Keep transaction ordering, policy gates, and public API compatibility here. Cross-domain calls: git subprocess/cache. Mixed god file; extract only after dependency seam exists.	function:79d3bc786dff5f10529fca8188b3aaf7				no direct reverse call/type reference; inspect bodies
internal/worktrees/worktrees.go	locateResumableWorktree	locateResumableWorktree	function		false	1185	1226	layout/discovery	internal/worktreelayout	git	filesystem,git,global	gitCanonical; worktreePathsFromPorcelain; directoryExistsNoFollow; activeWorkLogClaim; likelyTaskWorktreePath	5		0	0	partial	82.8	24	29	high	Canonical paths, no-follow walk, placement policy, and owner coordinates must agree. Cross-domain calls: claims/locks/worklogs, git subprocess/cache, secure filesystem/storage. Mixed god file; extract only after dependency seam exists.	function:429ff98f0cb3700be00c6e6fdca85863	internal/worktreeclaims(1)	internal/worktrees(1)	internal/worktrees(1)	needs facade or injected port
internal/worktrees/worktrees.go	likelyTaskWorktreePath	likelyTaskWorktreePath	function		false	1231	1245	layout/discovery	internal/worktreelayout	none detected	none detected		0		0	0	covered	100.0	8	8	low	Canonical paths, no-follow walk, placement policy, and owner coordinates must agree. Mixed god file; extract only after dependency seam exists.	function:6bad9eff1d7835bb6a93150edf50ad4d				no direct reverse call/type reference; inspect bodies
internal/worktrees/worktrees.go	locateCanonicalLocalWorktree	locateCanonicalLocalWorktree	function		false	1250	1269	layout/discovery	internal/worktreelayout	none detected	none detected	canonicalCoordinates; validSafeSegment	2		0	0	partial	83.3	10	12	low	Canonical paths, no-follow walk, placement policy, and owner coordinates must agree. Mixed god file; extract only after dependency seam exists.	function:1a711d987d5c6e1c60120bba4880292e		internal/worktrees(1)	internal/worktrees(1)	needs facade or injected port
internal/worktrees/worktrees.go	locateManagedWorktree	locateManagedWorktree	function		false	1271	1360	layout/discovery	internal/worktreelayout	none detected	filesystem,git,network	validSafeSegment(6); managedWorktreeLocation::setCanonicalIdentity(5); managedWorktreeCanonicalCoordinates(4); invalidManagedWorktreePath(4); validRepositorySegment(3); isWorktreeStagingDirectory	23		0	0	partial	72.0	36	50	medium	Canonical paths, no-follow walk, placement policy, and owner coordinates must agree. Cross-domain calls: shared orchestration. Mixed god file; extract only after dependency seam exists.	function:b7aefbd062ee5e6b2f012015f7320619	internal/worktrees(5)	internal/worktrees(1)	internal/worktrees(1)	needs facade or injected port
internal/worktrees/worktrees.go	locateAdoptedWorktree	locateAdoptedWorktree	function		false	1372	1381	layout/discovery	internal/worktreelayout	none detected	filesystem,git,network	validSafeSegment; managedWorktreeCanonicalCoordinates	2		0	0	partial	66.7	4	6	low	Canonical paths, no-follow walk, placement policy, and owner coordinates must agree. Mixed god file; extract only after dependency seam exists.	function:b706ddb137a8adb69b150d0c13725eb1		internal/worktrees(1)	internal/worktrees(1)	needs facade or injected port
internal/worktrees/worktrees.go	locateGuardedAdoptedWorktree	locateGuardedAdoptedWorktree	function		false	1392	1398	layout/discovery	internal/worktreelayout	none detected	filesystem,global	activeWorkLogClaim; locateAdoptedWorktree	2		0	0	covered	100.0	4	4	medium	Canonical paths, no-follow walk, placement policy, and owner coordinates must agree. Cross-domain calls: claims/locks/worklogs. Mixed god file; extract only after dependency seam exists.	function:f0d1ac996d5d9c54d7365b69f4c924f1	internal/worktreeclaims(1)	internal/worktrees(1)	internal/worktrees(1)	needs facade or injected port
internal/worktrees/worktrees.go	isWorktreeStagingDirectory	isWorktreeStagingDirectory	function		false	1400	1402	layout/discovery	internal/worktreelayout	none detected	none detected		0		0	0	covered	100.0	1	1	low	Canonical paths, no-follow walk, placement policy, and owner coordinates must agree. Mixed god file; extract only after dependency seam exists.	function:1b167777ee4edf9f302c996b44d5db71				no direct reverse call/type reference; inspect bodies
internal/worktrees/worktrees.go	isRetiredWorktreeStagingDirectory	isRetiredWorktreeStagingDirectory	function		false	1404	1406	layout/discovery	internal/worktreelayout	none detected	none detected		0		0	0	covered	100.0	1	1	low	Canonical paths, no-follow walk, placement policy, and owner coordinates must agree. Mixed god file; extract only after dependency seam exists.	function:44aa1aa0ac78ddc0ce3ce5084fa93eb2				no direct reverse call/type reference; inspect bodies
internal/worktrees/worktrees.go	isMatchingRetiredStageDirectory	isMatchingRetiredStageDirectory	function		false	1408	1416	layout/discovery	internal/worktreelayout	none detected	none detected		0		0	0	covered	100.0	3	3	low	Canonical paths, no-follow walk, placement policy, and owner coordinates must agree. Mixed god file; extract only after dependency seam exists.	function:6099d13b47eed537dbbbc273b7f5e3e0				no direct reverse call/type reference; inspect bodies
internal/worktrees/worktrees.go	managedWorktreeCanonicalCoordinates	managedWorktreeCanonicalCoordinates	function		false	1425	1443	layout/discovery	internal/worktreelayout	filesystem	filesystem,git,network	gitDirectories; canonicalCoordinates; canonicalStoreHost	3		0	0	partial	84.6	11	13	low	Canonical paths, no-follow walk, placement policy, and owner coordinates must agree. Mixed god file; extract only after dependency seam exists.	function:077a6320d2e3b8c0ca3b266ff2472528				no direct reverse call/type reference; inspect bodies
internal/worktrees/worktrees.go	invalidManagedWorktreePath	invalidManagedWorktreePath	function		false	1445	1447	layout/discovery	internal/worktreelayout	none detected	none detected		0		0	0	covered	100.0	1	1	low	Canonical paths, no-follow walk, placement policy, and owner coordinates must agree. Mixed god file; extract only after dependency seam exists.	function:668a5b0383e9be120310ead58458deb5				no direct reverse call/type reference; inspect bodies
internal/worktrees/worktrees.go	RepositoryRenameMismatchError	RepositoryRenameMismatchError	struct		true	1458	1463	branch reconciliation/cleanup	internal/worktreebranches	none detected	none detected		0		0	0	n/a		0	0	low	Protected branch and exact target/head evidence precede deletion or quarantine. Mixed god file; extract only after dependency seam exists.	struct:379d104c9fc22d2a752923e6aaf2ba37				no direct reverse call/type reference; inspect bodies
internal/worktrees/worktrees.go	Error	RepositoryRenameMismatchError::Error	method	RepositoryRenameMismatchError	true	1465	1470	branch reconciliation/cleanup	internal/worktreebranches	none detected	none detected		0		0	0	covered	100.0	1	1	low	Protected branch and exact target/head evidence precede deletion or quarantine. Mixed god file; extract only after dependency seam exists.	method:1e2b537da4778129b53dc43173b004ff				no direct reverse call/type reference; inspect bodies
internal/worktrees/worktrees.go	transientHistoryOperation	transientHistoryOperation	function		false	1472	1483	branch reconciliation/cleanup	internal/worktreebranches	none detected	filesystem,git	rebaseInProgress; cherryPickInProgress; bisectInProgress	3		0	0	covered	100.0	7	7	low	Protected branch and exact target/head evidence precede deletion or quarantine. Mixed god file; extract only after dependency seam exists.	function:5511f4ec96430ac104576a633ad14e0e				no direct reverse call/type reference; inspect bodies
internal/worktrees/worktrees.go	rebaseInProgress	rebaseInProgress	function		false	1485	1491	branch reconciliation/cleanup	internal/worktreebranches	none detected	filesystem,git	coherentRebaseState(2)	2		0	0	covered	100.0	1	1	low	Protected branch and exact target/head evidence precede deletion or quarantine. Mixed god file; extract only after dependency seam exists.	function:d2922b3a1cf245a28d204977b732c40c				no direct reverse call/type reference; inspect bodies
internal/worktrees/worktrees.go	cherryPickInProgress	cherryPickInProgress	function		false	1496	1506	branch reconciliation/cleanup	internal/worktreebranches	git	filesystem,git,global,process	regularStateFile(2); isGitObjectID; gitCommitExists; git	5		0	0	partial	85.7	6	7	medium	Protected branch and exact target/head evidence precede deletion or quarantine. Cross-domain calls: git subprocess/cache. Mixed god file; extract only after dependency seam exists.	function:949285b060b1fa1bf50e7e5b004b74c6				no direct reverse call/type reference; inspect bodies
internal/worktrees/worktrees.go	bisectInProgress	bisectInProgress	function		false	1512	1541	branch reconciliation/cleanup	internal/worktreebranches	git	filesystem,git,global,process	regularStateFile(3); git(3); gitReferenceExists(2); isGitObjectID(2); gitCommitExists(2); reflogShowsCheckoutTo	13		0	0	partial	75.0	15	20	medium	Protected branch and exact target/head evidence precede deletion or quarantine. Cross-domain calls: git subprocess/cache. Mixed god file; extract only after dependency seam exists.	function:76518bb7fbd38fe874ec099a534337fa				no direct reverse call/type reference; inspect bodies
internal/worktrees/worktrees.go	regularStateFile	regularStateFile	function		false	1543	1554	branch reconciliation/cleanup	internal/worktreebranches	filesystem	filesystem		0		0	0	partial	87.5	7	8	low	Protected branch and exact target/head evidence precede deletion or quarantine. Mixed god file; extract only after dependency seam exists.	function:f354c81f626fa794eab3fd9b485293ad				no direct reverse call/type reference; inspect bodies
internal/worktrees/worktrees.go	reflogShowsCheckoutTo	reflogShowsCheckoutTo	function		false	1556	1571	branch reconciliation/cleanup	internal/worktreebranches	git	git,global,process	git(2)	2		0	0	partial	72.7	8	11	medium	Protected branch and exact target/head evidence precede deletion or quarantine. Cross-domain calls: git subprocess/cache. Mixed god file; extract only after dependency seam exists.	function:dcd9f42135336901d219dc7b1c0751e3				no direct reverse call/type reference; inspect bodies
internal/worktrees/worktrees.go	coherentRebaseState	coherentRebaseState	function		false	1576	1611	branch reconciliation/cleanup	internal/worktreebranches	filesystem	filesystem,git	isGitObjectID(3); gitCommitExists(3); gitRecognizesRebase(2); positiveDecimal(2); gitReferenceExists; coherentMergeRebaseTodo; decimalAtMost	13		0	0	partial	91.3	21	23	low	Protected branch and exact target/head evidence precede deletion or quarantine. Mixed god file; extract only after dependency seam exists.	function:773dcfca911cf1f08169ef9e299e3a75				no direct reverse call/type reference; inspect bodies
internal/worktrees/worktrees.go	coherentMergeRebaseTodo	coherentMergeRebaseTodo	function		false	1613	1625	branch reconciliation/cleanup	internal/worktreebranches	filesystem	filesystem,git	positiveDecimal(2); rebaseTodoHasResolvableCommit(2); decimalAtMost	5		0	0	partial	66.7	4	6	low	Protected branch and exact target/head evidence precede deletion or quarantine. Mixed god file; extract only after dependency seam exists.	function:af58bc8a9f3d064b0364012a3b1c86ae				no direct reverse call/type reference; inspect bodies
internal/worktrees/worktrees.go	rebaseTodoHasResolvableCommit	rebaseTodoHasResolvableCommit	function		false	1627	1648	branch reconciliation/cleanup	internal/worktreebranches	none detected	git	isGitRevisionID; gitCommitExists	2		0	0	partial	81.8	9	11	low	Protected branch and exact target/head evidence precede deletion or quarantine. Mixed god file; extract only after dependency seam exists.	function:0bee2050185ba13615179ea694707834				no direct reverse call/type reference; inspect bodies
internal/worktrees/worktrees.go	isGitObjectID	isGitObjectID	function		false	1650	1655	branch reconciliation/cleanup	internal/worktreeproof	none detected	none detected	hasOnlyLowerHexCharacters	1		0	0	covered	100.0	3	3	low	Protected branch and exact target/head evidence precede deletion or quarantine. Mixed god file; extract only after dependency seam exists. Neutral proof/receipt kernel; no import of branch, landing, or facade packages.	function:d3653d9182b0fa0d098b3c667cf8456d				no direct reverse call/type reference; inspect bodies
internal/worktrees/worktrees.go	isGitRevisionID	isGitRevisionID	function		false	1657	1662	branch reconciliation/cleanup	internal/worktreeproof	none detected	none detected	hasOnlyLowerHexCharacters	1		0	0	covered	100.0	3	3	low	Protected branch and exact target/head evidence precede deletion or quarantine. Mixed god file; extract only after dependency seam exists. Neutral proof/receipt kernel; no import of branch, landing, or facade packages.	function:890a73bba5aa0e32c105c035d5b3f0c3				no direct reverse call/type reference; inspect bodies
internal/worktrees/worktrees.go	hasOnlyLowerHexCharacters	hasOnlyLowerHexCharacters	function		false	1664	1671	branch reconciliation/cleanup	internal/worktreeproof	none detected	none detected		0		0	0	covered	100.0	4	4	low	Protected branch and exact target/head evidence precede deletion or quarantine. Mixed god file; extract only after dependency seam exists. Neutral proof/receipt kernel; no import of branch, landing, or facade packages.	function:35c074e19aafb604971363251e3c57b9				no direct reverse call/type reference; inspect bodies
internal/worktrees/worktrees.go	gitCommitExists	gitCommitExists	function		false	1673	1676	branch reconciliation/cleanup	internal/worktreebranches	git	git,global,process	git	1		0	0	covered	100.0	2	2	medium	Protected branch and exact target/head evidence precede deletion or quarantine. Cross-domain calls: git subprocess/cache. Mixed god file; extract only after dependency seam exists.	function:69d25b6dcaf5292ddca91a1eb1c6a720				no direct reverse call/type reference; inspect bodies
internal/worktrees/worktrees.go	gitReferenceExists	gitReferenceExists	function		false	1678	1681	branch reconciliation/cleanup	internal/worktreebranches	git	git,global,process	git	1		0	0	covered	100.0	2	2	medium	Protected branch and exact target/head evidence precede deletion or quarantine. Cross-domain calls: git subprocess/cache. Mixed god file; extract only after dependency seam exists.	function:2a9f1fbd09223c07942be5f6eadfa72d				no direct reverse call/type reference; inspect bodies
internal/worktrees/worktrees.go	gitRecognizesRebase	gitRecognizesRebase	function		false	1683	1686	branch reconciliation/cleanup	internal/worktreebranches	git	git,global,process	git; reflogShowsActiveRebase	2		0	0	covered	100.0	2	2	medium	Protected branch and exact target/head evidence precede deletion or quarantine. Cross-domain calls: git subprocess/cache. Mixed god file; extract only after dependency seam exists.	function:5787e9fe5c2b683757bec322bcec79d2				no direct reverse call/type reference; inspect bodies
internal/worktrees/worktrees.go	reflogShowsActiveRebase	reflogShowsActiveRebase	function		false	1696	1714	branch reconciliation/cleanup	internal/worktreebranches	git	git,global,process	git	1		0	0	partial	75.0	9	12	medium	Protected branch and exact target/head evidence precede deletion or quarantine. Cross-domain calls: git subprocess/cache. Mixed god file; extract only after dependency seam exists.	function:c6c216893c27653ff7104aaa24e65ae2				no direct reverse call/type reference; inspect bodies
internal/worktrees/worktrees.go	positiveDecimal	positiveDecimal	function		false	1716	1726	branch reconciliation/cleanup	internal/worktreebranches	none detected	none detected		0		0	0	partial	66.7	4	6	low	Protected branch and exact target/head evidence precede deletion or quarantine. Mixed god file; extract only after dependency seam exists.	function:625d4bc0132a59ef8688f8e72316a49c				no direct reverse call/type reference; inspect bodies
internal/worktrees/worktrees.go	decimalAtMost	decimalAtMost	function		false	1728	1735	branch reconciliation/cleanup	internal/worktreebranches	none detected	none detected		0		0	0	partial	80.0	4	5	low	Protected branch and exact target/head evidence precede deletion or quarantine. Mixed god file; extract only after dependency seam exists.	function:596af7292f13497ac2b9e319fb9a86d7				no direct reverse call/type reference; inspect bodies
internal/worktrees/worktrees.go	OriginSlug	OriginSlug	function		true	1738	1760	layout/discovery	internal/worktreelayout	git	git,global,process	git; splitRepository	2	cmd/wb/task.go [calls]; cmd/wb/worktree.go [calls]	2	2	covered	100.0	16	16	medium	Canonical paths, no-follow walk, placement policy, and owner coordinates must agree. Cross-domain calls: git subprocess/cache. Mixed god file; extract only after dependency seam exists.	function:0d84db66dbb1afb1abea4d98aea19f15				no direct reverse call/type reference; inspect bodies
internal/worktrees/worktrees.go	normalizeCreateOptions	normalizeCreateOptions	function		false	1762	1806	layout/discovery	internal/worktreelayout	none detected	filesystem,process	branchValidationError(2); absoluteProjectsRoot	3		0	0	partial	77.8	28	36	medium	Canonical paths, no-follow walk, placement policy, and owner coordinates must agree. Cross-domain calls: git subprocess/cache. Mixed god file; extract only after dependency seam exists.	function:cd6083e89bea833b9931cbd2d2fb57b8		internal/worktrees(1)	internal/worktrees(1)	needs facade or injected port
internal/worktrees/worktrees.go	absoluteProjectsRoot	absoluteProjectsRoot	function		false	1808	1824	layout/discovery	internal/worktreelayout	filesystem	filesystem		0		0	0	partial	91.7	11	12	low	Canonical paths, no-follow walk, placement policy, and owner coordinates must agree. Mixed god file; extract only after dependency seam exists.	function:26d4bc30ee3fb713c8cfbd8b68c86d0b				no direct reverse call/type reference; inspect bodies
internal/worktrees/worktrees.go	splitRepository	splitRepository	function		false	1832	1838	layout/discovery	internal/worktreelayout	none detected	none detected	splitRepositoryAddress	1		0	0	covered	100.0	4	4	low	Canonical paths, no-follow walk, placement policy, and owner coordinates must agree. Mixed god file; extract only after dependency seam exists.	function:303c09be06b0f1c7459eeda0c79482ba				no direct reverse call/type reference; inspect bodies
internal/worktrees/worktrees.go	splitRepositoryAddress	splitRepositoryAddress	function		false	1844	1865	layout/discovery	internal/worktreelayout	none detected	none detected		0		0	0	partial	91.7	11	12	low	Canonical paths, no-follow walk, placement policy, and owner coordinates must agree. Mixed god file; extract only after dependency seam exists.	function:b0c92e64f9d881ed37d2b82cb80dce8c				no direct reverse call/type reference; inspect bodies
internal/worktrees/worktrees.go	CanonicalRepositoryPath	CanonicalRepositoryPath	function		true	1872	1879	layout/discovery	internal/worktreelayout	none detected	filesystem	absoluteProjectsRoot; canonicalRepositoryPath	2	internal/orchestrate/worktree_merge.go [calls]; internal/orchestrate/worktree_merge_ack.go [calls]; internal/repositoryevents/processor.go [calls]; internal/orchestrate/pr_update.go [calls]; cmd/wb/stream_adapters.go [calls]	24	14	covered	100.0	5	5	medium	Canonical paths, no-follow walk, placement policy, and owner coordinates must agree. Mixed god file; extract only after dependency seam exists.	function:daff4a497298b2615cf186df2f0e3886				no direct reverse call/type reference; inspect bodies
internal/worktrees/worktrees.go	CanonicalRepositoryPathForURL	CanonicalRepositoryPathForURL	function		true	1887	1897	layout/discovery	internal/worktreelayout	none detected	filesystem	absoluteProjectsRoot; splitRepositoryAddress	2	internal/migrate/campaign.go [calls]; cmd/wb/remote.go [calls]; cmd/wb/sync_report_command.go [calls]; internal/orchestrate/engine.go [calls]	4	4	covered	100.0	7	7	medium	Canonical paths, no-follow walk, placement policy, and owner coordinates must agree. Mixed god file; extract only after dependency seam exists.	function:f4285a95c9b8b726401cf9d8a5b98382				no direct reverse call/type reference; inspect bodies
internal/worktrees/worktrees.go	ExpectedRemoteURL	ExpectedRemoteURL	function		true	1907	1913	layout/discovery	internal/worktreelayout	none detected	filesystem	absoluteProjectsRoot	1		0	0	covered	100.0	4	4	low	Canonical paths, no-follow walk, placement policy, and owner coordinates must agree. Mixed god file; extract only after dependency seam exists.	function:d921737b4f9c2fa291b80217e38d7f53				no direct reverse call/type reference; inspect bodies
internal/worktrees/worktrees.go	canonicalRepositoryPath	canonicalRepositoryPath	function		false	1920	1930	layout/discovery	internal/worktreelayout	none detected	none detected	splitRepositoryAddress; resolveCanonicalClone	2		0	0	covered	100.0	7	7	low	Canonical paths, no-follow walk, placement policy, and owner coordinates must agree. Mixed god file; extract only after dependency seam exists.	function:13cc3cd668282e270c8ebca6d66d9a38				no direct reverse call/type reference; inspect bodies
internal/worktrees/worktrees.go	resolveCanonicalClone	resolveCanonicalClone	function		false	1942	1950	layout/discovery	internal/worktreelayout	none detected	none detected		0		0	0	covered	100.0	3	3	low	Canonical paths, no-follow walk, placement policy, and owner coordinates must agree. Mixed god file; extract only after dependency seam exists.	function:fba14ef37b29c59f0d03f8fdceba635f				no direct reverse call/type reference; inspect bodies
internal/worktrees/worktrees.go	synchronizeCanonical	synchronizeCanonical	function		false	1958	1960	layout/discovery	internal/worktreelayout	none detected	git,network	synchronizeCanonicalWithHook	1		0	0	covered	100.0	1	1	low	Canonical paths, no-follow walk, placement policy, and owner coordinates must agree. Mixed god file; extract only after dependency seam exists.	function:411809e9c8be47f1219d0e236ecadcb9		internal/worktrees(1)	internal/worktrees(1)	needs facade or injected port
internal/worktrees/worktrees.go	synchronizeCanonicalWithHook	synchronizeCanonicalWithHook	function		false	1962	1992	layout/discovery	internal/worktreelayout	git	filesystem,git,network	gitCanonical(2); canonicalRepository::validate; gitDirectoriesCanonical; fetchOriginBranchToPrivateRef	5		0	0	partial	82.4	14	17	medium	Canonical paths, no-follow walk, placement policy, and owner coordinates must agree. Cross-domain calls: git subprocess/cache, shared orchestration. Mixed god file; extract only after dependency seam exists.	function:f99c14936e16b44f60fa5b80b706a916	internal/worktrees(1)	internal/worktrees(1)	internal/worktrees(1)	needs facade or injected port
internal/worktrees/worktrees.go	originBranchGit	originBranchGit	type		false	1994	1994	layout/discovery	internal/worktreelayout	none detected	none detected		0		0	0	n/a		0	0	low	Canonical paths, no-follow walk, placement policy, and owner coordinates must agree. Mixed god file; extract only after dependency seam exists.	type_alias:37e67925f5825ee11dbf5d06bded9d39				no direct reverse call/type reference; inspect bodies
internal/worktrees/worktrees.go	fetchOriginBranchToPrivateRef	fetchOriginBranchToPrivateRef	function		false	2000	2030	layout/discovery	internal/worktreelayout	network	network	randomHexToken; rollbackContext; isGitObjectID	3		0	0	partial	94.4	17	18	high	Canonical paths, no-follow walk, placement policy, and owner coordinates must agree. Cross-domain calls: branch reconciliation/cleanup, secure filesystem/storage, shared orchestration. Mixed god file; extract only after dependency seam exists.	function:b1ce13fa47b353e96081678478055618	internal/worktrees(1)			needs facade or injected port
internal/worktrees/worktrees.go	validateExistingWorktree	validateExistingWorktree	function		false	2032	2059	layout/discovery	internal/worktreelayout	git	git,global,process	git(2); gitDirectories	3		0	0	partial	78.9	15	19	medium	Canonical paths, no-follow walk, placement policy, and owner coordinates must agree. Cross-domain calls: git subprocess/cache. Mixed god file; extract only after dependency seam exists.	function:68d0b21427e0e58abdd589e0aee6051f		internal/worktrees(1)	internal/worktrees(1)	needs facade or injected port
internal/worktrees/worktrees.go	gitDirectoriesCanonical	gitDirectoriesCanonical	function		false	2061	2065	layout/discovery	internal/worktreelayout	git	git	resolveGitDirectories; gitCanonical	2		0	0	covered	100.0	2	2	medium	Canonical paths, no-follow walk, placement policy, and owner coordinates must agree. Cross-domain calls: git subprocess/cache. Mixed god file; extract only after dependency seam exists.	function:e2f8640d9b21de1786ddd711a55461c9		internal/worktrees(1)	internal/worktrees(1)	needs facade or injected port
internal/worktrees/worktrees.go	gitDirectories	gitDirectories	function		false	2067	2071	layout/discovery	internal/worktreelayout	git	git,global,process	resolveGitDirectories; git	2		0	0	covered	100.0	2	2	medium	Canonical paths, no-follow walk, placement policy, and owner coordinates must agree. Cross-domain calls: git subprocess/cache. Mixed god file; extract only after dependency seam exists.	function:b901e80b2d2c3a69697341a556942e80				no direct reverse call/type reference; inspect bodies
internal/worktrees/worktrees.go	resolveGitDirectories	resolveGitDirectories	function		false	2073	2083	layout/discovery	internal/worktreelayout	none detected	none detected		0		0	0	covered	100.0	7	7	low	Canonical paths, no-follow walk, placement policy, and owner coordinates must agree. Mixed god file; extract only after dependency seam exists.	function:fa820bf7790fec51c461c3f19f3f48b6				no direct reverse call/type reference; inspect bodies
internal/worktrees/worktrees.go	cleanWorktree	cleanWorktree	function		false	2085	2091	layout/discovery	internal/worktreelayout	git	git,global,process	git	1		0	0	covered	100.0	4	4	medium	Canonical paths, no-follow walk, placement policy, and owner coordinates must agree. Cross-domain calls: git subprocess/cache. Mixed god file; extract only after dependency seam exists.	function:4bce246dfd757e52a768adea9bf52d23				no direct reverse call/type reference; inspect bodies
internal/worktrees/worktrees.go	localBranchExists	localBranchExists	function		false	2093	2105	layout/discovery	internal/worktreelayout	global,process	global,process		0		0	0	partial	88.9	8	9	medium	Canonical paths, no-follow walk, placement policy, and owner coordinates must agree. Mixed god file; extract only after dependency seam exists.	function:20191c7c9d9555a9cf160588502298a0				no direct reverse call/type reference; inspect bodies
internal/worktrees/worktrees.go	localBranchExistsCanonical	localBranchExistsCanonical	function		false	2107	2113	layout/discovery	internal/worktreelayout	git	git	gitCanonical	1		0	0	covered	100.0	4	4	medium	Canonical paths, no-follow walk, placement policy, and owner coordinates must agree. Cross-domain calls: git subprocess/cache. Mixed god file; extract only after dependency seam exists.	function:ab4521d49f72300c644ab2e59b63f433		internal/worktrees(1)	internal/worktrees(1)	needs facade or injected port
internal/worktrees/worktrees.go	branchWorktreeCanonical	branchWorktreeCanonical	function		false	2115	2130	layout/discovery	internal/worktreelayout	git	git	gitCanonical	1		0	0	covered	100.0	9	9	medium	Canonical paths, no-follow walk, placement policy, and owner coordinates must agree. Cross-domain calls: git subprocess/cache. Mixed god file; extract only after dependency seam exists.	function:78ee3d8778fdc572a46afa08ca72bcfe		internal/worktrees(1)	internal/worktrees(1)	needs facade or injected port
internal/worktrees/worktrees.go	validBranch	validBranch	function		false	2132	2162	layout/discovery	internal/worktreelayout	filesystem,process	filesystem,process	validBranchGit	1		0	0	covered	100.0	19	19	medium	Canonical paths, no-follow walk, placement policy, and owner coordinates must agree. Cross-domain calls: git subprocess/cache. Mixed god file; extract only after dependency seam exists.	function:d90699601aab1d8a20ae3351b8a88368	internal/worktrees(1)			needs facade or injected port
internal/worktrees/worktrees.go	canonicalCoordinates	canonicalCoordinates	function		false	2169	2190	layout/discovery	internal/worktreelayout	none detected	none detected	splitRepository	1		0	0	partial	86.7	13	15	low	Canonical paths, no-follow walk, placement policy, and owner coordinates must agree. Mixed god file; extract only after dependency seam exists.	function:6abbf08dd1854d99ebd4525faea918b1				no direct reverse call/type reference; inspect bodies
internal/worktrees/worktrees.go	git	git	function		false	2192	2194	git subprocess/cache	internal/worktreegit	git	git,global,process	gitWithExtraFiles	1		0	0	covered	100.0	1	1	low	Trusted Git executable, query cache lifetime, and local versus remote command semantics must stay explicit. Mixed god file; extract only after dependency seam exists.	function:e5f138618b734332f8f0aeb397051984				no direct reverse call/type reference; inspect bodies
internal/worktrees/worktrees.go	gitRunnerContextKey	gitRunnerContextKey	struct		false	2196	2196	git subprocess/cache	internal/worktreegit	none detected	none detected		0		0	0	n/a		0	0	low	Trusted Git executable, query cache lifetime, and local versus remote command semantics must stay explicit. Mixed god file; extract only after dependency seam exists.	struct:d592c33076fb6f161caa36a5bc136bac				no direct reverse call/type reference; inspect bodies
internal/worktrees/worktrees.go	canonicalOwnerDirectories	canonicalOwnerDirectories	function		false	2206	2208	git subprocess/cache	internal/worktreegit	none detected	none detected		0		0	0	covered	100.0	1	1	low	Trusted Git executable, query cache lifetime, and local versus remote command semantics must stay explicit. Mixed god file; extract only after dependency seam exists.	function:8567d978028b4979c5bb0365d924d4a2				no direct reverse call/type reference; inspect bodies
internal/worktrees/worktrees.go	gitWithExtraFiles	gitWithExtraFiles	function		false	2219	2263	git subprocess/cache	internal/worktreegit	git,global,process	git,global,process	memoizableGitQuery; gitQueryMemoFrom; gitQueryMemoKey; gitQueryMemo::get; gitQueryMemo::put	5		0	0	covered	100.0	33	33	medium	Trusted Git executable, query cache lifetime, and local versus remote command semantics must stay explicit. Mixed god file; extract only after dependency seam exists.	function:c077afb51ef8c2632348221cef4c9b6c				no direct reverse call/type reference; inspect bodies
internal/worktrees/worktrees.go	trimSecureGitOutput	trimSecureGitOutput	function		false	2267	2269	git subprocess/cache	internal/worktreegit	none detected	none detected		0		0	0	covered	100.0	1	1	low	Trusted Git executable, query cache lifetime, and local versus remote command semantics must stay explicit. Mixed god file; extract only after dependency seam exists.	function:264a81f95dda2b8ae5426d3ba7411014				no direct reverse call/type reference; inspect bodies
internal/worktrees/worktrees.go	gitCanonical	gitCanonical	function		false	2271	2277	git subprocess/cache	internal/worktreegit	git	git,global,process	gitCanonicalBytes; trimSecureGitOutput	2		0	0	covered	100.0	4	4	low	Trusted Git executable, query cache lifetime, and local versus remote command semantics must stay explicit. Mixed god file; extract only after dependency seam exists.	function:7ee7aa21acbebed3a4674b6d02671b88		internal/worktrees(1)	internal/worktrees(1)	needs facade or injected port
internal/worktrees/worktrees.go	canonicalGitInterceptor	canonicalGitInterceptor	type		false	2279	2279	git subprocess/cache	internal/worktreegit	none detected	none detected		0		0	0	n/a		0	0	low	Trusted Git executable, query cache lifetime, and local versus remote command semantics must stay explicit. Mixed god file; extract only after dependency seam exists.	type_alias:ba0224d8a4567951df351a9ef2496910				no direct reverse call/type reference; inspect bodies
internal/worktrees/worktrees.go	canonicalGitInterceptorKey	canonicalGitInterceptorKey	struct		false	2280	2280	git subprocess/cache	internal/worktreegit	none detected	none detected		0		0	0	n/a		0	0	low	Trusted Git executable, query cache lifetime, and local versus remote command semantics must stay explicit. Mixed god file; extract only after dependency seam exists.	struct:11f0b9dd1dfb0e8049fc7223462b51ae				no direct reverse call/type reference; inspect bodies
internal/worktrees/worktrees.go	gitCanonicalBytes	gitCanonicalBytes	function		false	2285	2289	git subprocess/cache	internal/worktreegit	none detected	global,process	runCanonicalGitBytes; secureHelperEnvironment	2		0	0	covered	100.0	2	2	medium	Trusted Git executable, query cache lifetime, and local versus remote command semantics must stay explicit. Cross-domain calls: secure filesystem/storage. Mixed god file; extract only after dependency seam exists.	function:e2fd3860a1fc1d1ac3792b8b77d71e57		internal/worktrees(1)	internal/worktrees(1)	needs facade or injected port
internal/worktrees/worktrees.go	runCanonicalGitBytes	runCanonicalGitBytes	function		false	2291	2335	git subprocess/cache	internal/worktreegit	global,process	filesystem,global,process	canonicalRepository::authorizeForGit; trustedGitExecutable; canonicalRepository::validate	3		0	0	partial	92.9	26	28	medium	Trusted Git executable, query cache lifetime, and local versus remote command semantics must stay explicit. Cross-domain calls: shared orchestration. Mixed god file; extract only after dependency seam exists.	function:4a11fedfabab44097c8c5e5361121af2	internal/worktrees(2)	internal/worktrees(1)	internal/worktrees(1)	needs facade or injected port
internal/worktrees/worktrees.go	gitCanonicalPolicyBytes	gitCanonicalPolicyBytes	function		false	2341	2346	git subprocess/cache	internal/worktreegit	none detected	global,process	canonicalPolicyGitArgumentsAllowed; runCanonicalGitBytes	2		0	0	partial	66.7	2	3	low	Trusted Git executable, query cache lifetime, and local versus remote command semantics must stay explicit. Mixed god file; extract only after dependency seam exists.	function:12d9a86255bf64f8ed9dc2bce261c09a		internal/worktrees(1)	internal/worktrees(1)	needs facade or injected port
internal/worktrees/worktrees.go	init	init	function		false	2353	2372	git subprocess/cache	internal/worktreegit	global,process	filesystem,global,process	RunSecureCleanupGitHelper; RunSecureStageGitHelper; RunSecureCanonicalGitHelper; RunSecureCanonicalPolicyGitHelper; RunSecureStageCanonicalGitHelper; RunSecureRenameGitHelper	6		0	0	partial	30.0	3	10	high	Trusted Git executable, query cache lifetime, and local versus remote command semantics must stay explicit. Cross-domain calls: secure filesystem/storage, shared orchestration. Mixed god file; extract only after dependency seam exists.	function:bb708562d434873f59793dafad3b4c70	internal/worktrees(3)			needs facade or injected port
internal/worktrees/worktrees.go	canonicalPolicyGitArgumentsAllowed	canonicalPolicyGitArgumentsAllowed	function		false	2374	2388	git subprocess/cache	internal/worktreegit	none detected	none detected	isGitObjectID(3)	3		0	0	partial	85.7	6	7	medium	Trusted Git executable, query cache lifetime, and local versus remote command semantics must stay explicit. Cross-domain calls: branch reconciliation/cleanup. Mixed god file; extract only after dependency seam exists.	function:088c3267bd42a466bb9e7528ae6d64be				no direct reverse call/type reference; inspect bodies
internal/worktrees/worktrees.go	RunSecureCanonicalPolicyGitHelper	RunSecureCanonicalPolicyGitHelper	function		true	2393	2431	git subprocess/cache	internal/worktreegit	process	filesystem,process	directoryEntryStillMatches(2); directoryStillMatches(2); canonicalPolicyGitArgumentsAllowed; closeIncompleteInheritedFiles; gitCanonicalPolicyEnvironment	7		0	0	partial	93.5	29	31	medium	Trusted Git executable, query cache lifetime, and local versus remote command semantics must stay explicit. Cross-domain calls: secure filesystem/storage. Mixed god file; extract only after dependency seam exists.	function:24c3c9d05eb6dfd908cb379319827f50				no direct reverse call/type reference; inspect bodies
internal/worktrees/worktrees.go	gitCanonicalPolicyEnvironment	gitCanonicalPolicyEnvironment	function		false	2433	2447	git subprocess/cache	internal/worktreegit	none detected	none detected		0		0	0	covered	100.0	8	8	low	Trusted Git executable, query cache lifetime, and local versus remote command semantics must stay explicit. Mixed god file; extract only after dependency seam exists.	function:eb01bf6c818dd360a64c4a6a6ba58581				no direct reverse call/type reference; inspect bodies
internal/worktrees/worktrees.go	RunSecureCanonicalGitHelper	RunSecureCanonicalGitHelper	function		true	2453	2484	git subprocess/cache	internal/worktreegit	process	env,filesystem,process	closeIncompleteInheritedFiles; directoryEntryStillMatches; directoryStillMatches; runSecureGitHelper; gitEnvironmentWithHeldGitDir	5		0	0	partial	84.6	22	26	high	Trusted Git executable, query cache lifetime, and local versus remote command semantics must stay explicit. Cross-domain calls: secure filesystem/storage, shared orchestration. Mixed god file; extract only after dependency seam exists.	function:6b55f54652d6ab61a57b05a00d590fac	internal/worktrees(1)			needs facade or injected port
internal/worktrees/worktrees.go	gitEnvironmentWithHeldGitDir	gitEnvironmentWithHeldGitDir	function		false	2489	2503	git subprocess/cache	internal/worktreegit	none detected	none detected		0		0	0	covered	100.0	9	9	low	Trusted Git executable, query cache lifetime, and local versus remote command semantics must stay explicit. Mixed god file; extract only after dependency seam exists.	function:4fb89234cd5292f3285c7307db1569cb				no direct reverse call/type reference; inspect bodies
internal/worktrees/worktrees.go	gitEnvironmentWithHeldGitDirAndWorkTree	gitEnvironmentWithHeldGitDirAndWorkTree	function		false	2510	2519	git subprocess/cache	internal/worktreegit	none detected	none detected	gitEnvironmentWithHeldGitDir	1		0	0	covered	100.0	6	6	low	Trusted Git executable, query cache lifetime, and local versus remote command semantics must stay explicit. Mixed god file; extract only after dependency seam exists.	function:88fe03191896348213edfbbbe50e0d4f				no direct reverse call/type reference; inspect bodies
internal/worktrees/worktrees.go	prepareOperationRoot	prepareOperationRoot	function		false	2525	2568	shared orchestration	internal/worktrees	filesystem	filesystem,global	openOrCreateNoFollowDirectory(2); openAbsoluteDirectoryNoFollow	3		0	0	partial	76.7	23	30	medium	Keep transaction ordering, policy gates, and public API compatibility here. Cross-domain calls: secure filesystem/storage. Mixed god file; extract only after dependency seam exists.	function:03cdd3484769b29bfb98ea27d668bfe7				no direct reverse call/type reference; inspect bodies
internal/worktrees/worktrees.go	prepareOperationRootAt	prepareOperationRootAt	function		false	2574	2591	shared orchestration	internal/worktrees	filesystem	filesystem,global	openAbsoluteDirectoryNoFollow; openOrCreateNoFollowDirectory	2		0	0	partial	76.9	10	13	medium	Keep transaction ordering, policy gates, and public API compatibility here. Cross-domain calls: secure filesystem/storage. Mixed god file; extract only after dependency seam exists.	function:1ad6cadf368d3e87a556b2a884d24368				no direct reverse call/type reference; inspect bodies
internal/worktrees/worktrees.go	prepareCanonicalWorktreesRoot	prepareCanonicalWorktreesRoot	function		false	2598	2624	shared orchestration	internal/worktrees	git	filesystem,git	gitCanonical; openOrCreateNoFollowDirectory; directoryStillMatches	3		0	0	partial	68.4	13	19	medium	Keep transaction ordering, policy gates, and public API compatibility here. Cross-domain calls: git subprocess/cache, secure filesystem/storage. Mixed god file; extract only after dependency seam exists.	function:35a06d55d17d6f7e4e27c33b227ac7a3				no direct reverse call/type reference; inspect bodies
internal/worktrees/worktrees.go	directoryExistsNoFollow	directoryExistsNoFollow	function		false	2626	2641	secure filesystem/storage	internal/worktreesecure	filesystem	filesystem		0		0	0	covered	100.0	10	10	low	No-follow descriptor identity and fail-closed path containment guard mutations. Mixed god file; extract only after dependency seam exists.	function:324aa8764ea57a4d945ea1f108f6f059				no direct reverse call/type reference; inspect bodies
internal/worktrees/worktrees.go	prepareWorktreeDestination	prepareWorktreeDestination	function		false	2652	2693	secure filesystem/storage	internal/worktreesecure	filesystem,global	filesystem,global	directoryStillMatches(2); validRepositorySegment; openRelativeParentDirectory	4		0	0	partial	84.4	27	32	medium	No-follow descriptor identity and fail-closed path containment guard mutations. Cross-domain calls: layout/discovery. Mixed god file; extract only after dependency seam exists.	function:32687ebacf174bbb8e61ae2f373daf42				no direct reverse call/type reference; inspect bodies
internal/worktrees/worktrees.go	openRelativeParentDirectory	openRelativeParentDirectory	function		false	2702	2738	secure filesystem/storage	internal/worktreesecure	none detected	filesystem	duplicateDirectoryDescriptor; validWorktreeParentSegment; openOrCreateNoFollowDirectory	3		0	0	partial	88.5	23	26	low	No-follow descriptor identity and fail-closed path containment guard mutations. Mixed god file; extract only after dependency seam exists.	function:31a7db6138b6d317bbb2acccc7ab3bc9				no direct reverse call/type reference; inspect bodies
internal/worktrees/worktrees.go	validWorktreeParentSegment	validWorktreeParentSegment	function		false	2743	2745	secure filesystem/storage	internal/worktreesecure	none detected	none detected	validSafeSegment	1		0	0	covered	100.0	1	1	medium	No-follow descriptor identity and fail-closed path containment guard mutations. Cross-domain calls: layout/discovery. Mixed god file; extract only after dependency seam exists.	function:32f4c8221223f1d515b19ddc47fceee0				no direct reverse call/type reference; inspect bodies
internal/worktrees/worktrees.go	pathWithin	pathWithin	function		false	2747	2750	secure filesystem/storage	internal/worktreesecure	none detected	none detected		0		0	0	covered	100.0	2	2	low	No-follow descriptor identity and fail-closed path containment guard mutations. Mixed god file; extract only after dependency seam exists.	function:0f30b720943cc43864d311c8a7f208fc				no direct reverse call/type reference; inspect bodies
internal/worktrees/worktrees.go	addWorktreeAtSecureDestination	addWorktreeAtSecureDestination	function		false	2758	3015	shared orchestration	internal/worktrees	git,global,process	filesystem,git,global,network,process	directoryStillMatches(4); isGitObjectID(2); openDirectoryAtNoFollow(2); moveExpectedDirectoryNoReplace(2); duplicateDirectoryDescriptor(2); PlacementWorktree::Close(2); secureDirectoryPath; registeredWorktreePathsCanonical	33		0	0	partial	83.9	141	168	high	Keep transaction ordering, policy gates, and public API compatibility here. Cross-domain calls: branch reconciliation/cleanup, claims/locks/worklogs, git subprocess/cache, retirement/recovery/GC, secure filesystem/storage. Mixed god file; extract only after dependency seam exists.	function:a7f43738ca2639acbf48f4e0190e384b				no direct reverse call/type reference; inspect bodies
internal/worktrees/worktrees.go	duplicateDirectoryDescriptor	duplicateDirectoryDescriptor	function		false	3017	3032	secure filesystem/storage	internal/worktreesecure	none detected	none detected		0		0	0	partial	81.8	9	11	low	No-follow descriptor identity and fail-closed path containment guard mutations. Mixed god file; extract only after dependency seam exists.	function:d5f1cca6d20e004e3cbbdc568c5d36b0				no direct reverse call/type reference; inspect bodies
internal/worktrees/worktrees.go	gitWorktreeAddFromStageDirectory	gitWorktreeAddFromStageDirectory	function		false	3039	3063	shared orchestration	internal/worktrees	process	process	trustedGitExecutable; canonicalRepository::authorizeForGit; runSecureStageCanonicalGitHelper	3		0	0	partial	75.0	9	12	medium	Keep transaction ordering, policy gates, and public API compatibility here. Cross-domain calls: git subprocess/cache. Mixed god file; extract only after dependency seam exists. Facade until a bounded Git/cleanup publication contract exists; not a generic secure leaf.	function:10bc96bb5bba78c9c17f12e238612192				no direct reverse call/type reference; inspect bodies
internal/worktrees/worktrees.go	trustedGitExecutable	trustedGitExecutable	function		false	3070	3072	git subprocess/cache	internal/worktreegit	process	process	trustedGitExecutableFn	1		0	0	covered	100.0	1	1	medium	Trusted Git executable, query cache lifetime, and local versus remote command semantics must stay explicit. Cross-domain calls: secure filesystem/storage. Mixed god file; extract only after dependency seam exists.	function:da36167f61b3602e057a17f46e0876bf				no direct reverse call/type reference; inspect bodies
internal/worktrees/worktrees.go	branchValidationError	branchValidationError	function		false	3085	3093	git subprocess/cache	internal/worktreegit	process	filesystem,process	validBranch; trustedGitExecutable	2		0	0	covered	100.0	5	5	medium	Trusted Git executable, query cache lifetime, and local versus remote command semantics must stay explicit. Cross-domain calls: layout/discovery. Mixed god file; extract only after dependency seam exists.	function:ccb1dfa4021e9403f69bea09b989fda6	internal/worktreelayout(1)			needs facade or injected port
internal/worktrees/worktrees.go	worktreeAddArguments	worktreeAddArguments	function		false	3095	3103	git subprocess/cache	internal/worktreegit	none detected	none detected		0		0	0	covered	100.0	5	5	low	Trusted Git executable, query cache lifetime, and local versus remote command semantics must stay explicit. Mixed god file; extract only after dependency seam exists.	function:c8ca58a959f2f9a5fa6593af42ae69d0				no direct reverse call/type reference; inspect bodies
internal/worktrees/worktrees.go	runSecureStageHelper	runSecureStageHelper	function		false	3110	3119	secure filesystem/storage	internal/worktreesecure	process	process		0		0	0	partial	85.7	6	7	low	No-follow descriptor identity and fail-closed path containment guard mutations. Mixed god file; extract only after dependency seam exists.	function:9f47f69e708a3ad0cedfcbe82fd47265				no direct reverse call/type reference; inspect bodies
internal/worktrees/worktrees.go	runSecureStageCanonicalGitHelper	runSecureStageCanonicalGitHelper	function		false	3121	3140	shared orchestration	internal/worktrees	process	process	secureHelperEnvironment	1		0	0	partial	90.0	9	10	medium	Keep transaction ordering, policy gates, and public API compatibility here. Cross-domain calls: secure filesystem/storage. Mixed god file; extract only after dependency seam exists.	function:ed9dc88ec5e547e583ec02eca3f1d122				no direct reverse call/type reference; inspect bodies
internal/worktrees/worktrees.go	verifySecureStageDirectory	verifySecureStageDirectory	function		false	3142	3152	secure filesystem/storage	internal/worktreesecure	process	process	runSecureStageHelper	1		0	0	partial	42.9	3	7	low	No-follow descriptor identity and fail-closed path containment guard mutations. Mixed god file; extract only after dependency seam exists.	function:07e3e3298bba2e55c14df5e2b63973b0				no direct reverse call/type reference; inspect bodies
internal/worktrees/worktrees.go	secureDirectoryPath	secureDirectoryPath	function		false	3154	3168	secure filesystem/storage	internal/worktreesecure	process	process	runSecureStageHelper	1		0	0	partial	50.0	5	10	low	No-follow descriptor identity and fail-closed path containment guard mutations. Mixed god file; extract only after dependency seam exists.	function:f48f706430bddddb6f52718bd49b303a				no direct reverse call/type reference; inspect bodies
internal/worktrees/worktrees.go	RunSecureStageGitHelper	RunSecureStageGitHelper	function		true	3176	3233	secure filesystem/storage	internal/worktreesecure	global,process	global,process	verifySecureStageContainment(3)	3		0	0	partial	90.7	39	43	medium	No-follow descriptor identity and fail-closed path containment guard mutations. Mixed god file; extract only after dependency seam exists.	function:715678ab92c1eed8e4ce4d5a770d113a				no direct reverse call/type reference; inspect bodies
internal/worktrees/worktrees.go	RunSecureStageCanonicalGitHelper	RunSecureStageCanonicalGitHelper	function		true	3240	3287	shared orchestration	internal/worktrees	process	env,filesystem,process	closeIncompleteInheritedFiles; verifySecureStageContainment; directoryStillMatches; directoryEntryStillMatches; worktreeAddArguments; runSecureGitHelper; gitEnvironmentWithHeldGitDir	7		0	0	partial	85.7	36	42	high	Keep transaction ordering, policy gates, and public API compatibility here. Cross-domain calls: git subprocess/cache, secure filesystem/storage. Mixed god file; extract only after dependency seam exists.	function:29d6ee012b3dd8bc0a131ea18add13bf				no direct reverse call/type reference; inspect bodies
internal/worktrees/worktrees.go	verifySecureStageContainment	verifySecureStageContainment	function		false	3289	3302	secure filesystem/storage	internal/worktreesecure	none detected	none detected	pathWithin	1		0	0	partial	80.0	8	10	low	No-follow descriptor identity and fail-closed path containment guard mutations. Mixed god file; extract only after dependency seam exists.	function:95481486142a06822c77496f885f7b69				no direct reverse call/type reference; inspect bodies
internal/worktrees/worktrees.go	verifyPublishedWorktree	verifyPublishedWorktree	function		false	3304	3353	shared orchestration	internal/worktrees	global	filesystem,git,global	directoryStillMatches(2); registeredWorktreePathsCanonical; isWorktreeStagingDirectory; registeredWorktreeBranchCanonical	5		0	0	partial	65.0	13	20	high	Keep transaction ordering, policy gates, and public API compatibility here. Cross-domain calls: layout/discovery, retirement/recovery/GC, secure filesystem/storage. Mixed god file; extract only after dependency seam exists. Facade until a bounded Git/cleanup publication contract exists; not a generic secure leaf.	function:2e067f48d6cc17382069fe1aaf7b7085				no direct reverse call/type reference; inspect bodies
internal/worktrees/worktrees.go	openAbsoluteDirectoryNoFollow	openAbsoluteDirectoryNoFollow	function		false	3365	3367	secure filesystem/storage	internal/worktreesecure	filesystem	filesystem,global	openAbsoluteDirectoryNoFollowWith	1		0	0	covered	100.0	1	1	low	No-follow descriptor identity and fail-closed path containment guard mutations. Mixed god file; extract only after dependency seam exists.	function:d0daa638b5ef46bb67882d72b1ee9df9				no direct reverse call/type reference; inspect bodies
internal/worktrees/worktrees.go	openDirectoryAtNoFollow	openDirectoryAtNoFollow	function		false	3372	3381	secure filesystem/storage	internal/worktreesecure	filesystem	filesystem		0		0	0	covered	100.0	5	5	low	No-follow descriptor identity and fail-closed path containment guard mutations. Mixed god file; extract only after dependency seam exists.	function:d47636a8e6529781ef3c3b6b15cf447c				no direct reverse call/type reference; inspect bodies
internal/worktrees/worktrees.go	openAbsoluteDirectoryNoFollowWith	openAbsoluteDirectoryNoFollowWith	function		false	3383	3430	secure filesystem/storage	internal/worktreesecure	filesystem,global	filesystem,global	openOrCreateNoFollowDirectoryWith	1		0	0	partial	81.8	27	33	medium	No-follow descriptor identity and fail-closed path containment guard mutations. Mixed god file; extract only after dependency seam exists.	function:7cb82682822b1d3820860c39fb0c7096				no direct reverse call/type reference; inspect bodies
internal/worktrees/worktrees.go	OpenOperationLockDirectory	OpenOperationLockDirectory	function		true	3436	3438	secure filesystem/storage	internal/worktreesecure	filesystem	filesystem,global	openAbsoluteDirectoryNoFollow	1	internal/migrate/campaign.go [calls]; internal/orchestrate/engine.go [calls]	2	2	covered	100.0	1	1	medium	No-follow descriptor identity and fail-closed path containment guard mutations. Mixed god file; extract only after dependency seam exists.	function:e337b5ccfe667f4ff4a7c947680d7ebb				no direct reverse call/type reference; inspect bodies
internal/worktrees/worktrees.go	makeSecureStageDirectory	makeSecureStageDirectory	function		false	3445	3461	shared orchestration	internal/worktrees	filesystem	filesystem,global	claimRetiredStageDirectory; randomHexToken	2		0	0	partial	75.0	9	12	medium	Keep transaction ordering, policy gates, and public API compatibility here. Cross-domain calls: secure filesystem/storage. Mixed god file; extract only after dependency seam exists.	function:c6652f4b738c8ebb323eaed756768b38				no direct reverse call/type reference; inspect bodies
internal/worktrees/worktrees.go	taskBoundLocalStagePrefix	taskBoundLocalStagePrefix	function		false	3463	3466	secure filesystem/storage	internal/worktreesecure	none detected	none detected		0		0	0	covered	100.0	2	2	low	No-follow descriptor identity and fail-closed path containment guard mutations. Mixed god file; extract only after dependency seam exists.	function:0c2c12fe2d6d884cb5c87798f21f2514				no direct reverse call/type reference; inspect bodies
internal/worktrees/worktrees.go	taskBoundLocalRetiredStagePrefix	taskBoundLocalRetiredStagePrefix	function		false	3468	3471	secure filesystem/storage	internal/worktreesecure	none detected	none detected		0		0	0	covered	100.0	2	2	low	No-follow descriptor identity and fail-closed path containment guard mutations. Mixed god file; extract only after dependency seam exists.	function:339220c0d2a497f72bda9058874302cf				no direct reverse call/type reference; inspect bodies
internal/worktrees/worktrees.go	isTaskBoundLocalStageCheckout	isTaskBoundLocalStageCheckout	function		false	3473	3475	secure filesystem/storage	internal/worktreesecure	none detected	none detected	taskBoundLocalStagePrefix	1		0	0	covered	100.0	1	1	low	No-follow descriptor identity and fail-closed path containment guard mutations. Mixed god file; extract only after dependency seam exists.	function:51d3d656065a82673fa33e0cfbe1ab66				no direct reverse call/type reference; inspect bodies
internal/worktrees/worktrees.go	makeTaskBoundLocalStageDirectory	makeTaskBoundLocalStageDirectory	function		false	3477	3496	shared orchestration	internal/worktrees	filesystem	filesystem,global	validSafeSegment; taskBoundLocalStagePrefix; claimRetiredStageDirectory; taskBoundLocalRetiredStagePrefix; randomHexToken	5		0	0	partial	78.6	11	14	high	Keep transaction ordering, policy gates, and public API compatibility here. Cross-domain calls: layout/discovery, secure filesystem/storage. Mixed god file; extract only after dependency seam exists.	function:06cfa030bfcdd75376a2d89fd9aa94f7				no direct reverse call/type reference; inspect bodies
internal/worktrees/worktrees.go	recoverTaskBoundLocalStage	recoverTaskBoundLocalStage	function		false	3501	3565	shared orchestration	internal/worktrees	filesystem,global	filesystem,git,global,process	directoryEmpty(2); quarantineMatchingStageDirectoryAt(2); openAbsoluteDirectoryNoFollow; taskBoundLocalStagePrefix; registeredBranchNameCanonical; directoryExistsNoFollow; moveWorktree	9		0	0	partial	69.6	32	46	high	Keep transaction ordering, policy gates, and public API compatibility here. Cross-domain calls: retirement/recovery/GC, secure filesystem/storage. Mixed god file; extract only after dependency seam exists.	function:aee288cf9804fa660a63223b99460096				no direct reverse call/type reference; inspect bodies
internal/worktrees/worktrees.go	claimRetiredStageDirectory	claimRetiredStageDirectory	function		false	3567	3618	shared orchestration	internal/worktrees	filesystem	filesystem,global	isMatchingRetiredStageDirectory; directoryEmpty; randomHexToken; moveExpectedDirectoryNoReplace	4		0	0	partial	73.0	27	37	high	Keep transaction ordering, policy gates, and public API compatibility here. Cross-domain calls: layout/discovery, secure filesystem/storage. Mixed god file; extract only after dependency seam exists.	function:e5b7fd6cafcc84b94755d079a8fcea48				no direct reverse call/type reference; inspect bodies
internal/worktrees/worktrees.go	directoryEmpty	directoryEmpty	function		false	3620	3629	secure filesystem/storage	internal/worktreesecure	none detected	none detected		0		0	0	partial	83.3	5	6	low	No-follow descriptor identity and fail-closed path containment guard mutations. Mixed god file; extract only after dependency seam exists.	function:8431b2fc4723803b6c100b6fa4015c36				no direct reverse call/type reference; inspect bodies
internal/worktrees/worktrees.go	openOrCreateNoFollowDirectory	openOrCreateNoFollowDirectory	function		false	3631	3633	secure filesystem/storage	internal/worktreesecure	none detected	filesystem	openOrCreateNoFollowDirectoryWith	1		0	0	covered	100.0	1	1	low	No-follow descriptor identity and fail-closed path containment guard mutations. Mixed god file; extract only after dependency seam exists.	function:73e2a909e13f4d8ce23a2e619bc784cd				no direct reverse call/type reference; inspect bodies
internal/worktrees/worktrees.go	openOrCreateNoFollowDirectoryWith	openOrCreateNoFollowDirectoryWith	function		false	3635	3647	secure filesystem/storage	internal/worktreesecure	filesystem	filesystem		0		0	0	covered	100.0	8	8	low	No-follow descriptor identity and fail-closed path containment guard mutations. Mixed god file; extract only after dependency seam exists.	function:4b1c8b4d9f92c3b0c08d5255b1088bb5				no direct reverse call/type reference; inspect bodies
internal/worktrees/worktrees.go	requireAbsentNoFollowChild	requireAbsentNoFollowChild	function		false	3649	3661	secure filesystem/storage	internal/worktreesecure	filesystem	filesystem		0		0	0	covered	100.0	8	8	low	No-follow descriptor identity and fail-closed path containment guard mutations. Mixed god file; extract only after dependency seam exists.	function:90117934c22295a0a08be00a7bb8829a				no direct reverse call/type reference; inspect bodies
internal/worktrees/worktrees.go	directoryStillMatches	directoryStillMatches	function		false	3663	3670	secure filesystem/storage	internal/worktreesecure	filesystem	filesystem		0		0	0	covered	100.0	5	5	low	No-follow descriptor identity and fail-closed path containment guard mutations. Mixed god file; extract only after dependency seam exists.	function:62b14ce857e636439b79ee56cefb293e				no direct reverse call/type reference; inspect bodies
internal/worktrees/worktrees.go	directoryEntryStillMatches	directoryEntryStillMatches	function		false	3672	3689	secure filesystem/storage	internal/worktreesecure	filesystem	filesystem		0		0	0	partial	85.7	12	14	low	No-follow descriptor identity and fail-closed path containment guard mutations. Mixed god file; extract only after dependency seam exists.	function:a0d313e1a53e8bc6d64086a0a34fa93b				no direct reverse call/type reference; inspect bodies
internal/worktrees/worktrees.go	moveExpectedDirectoryNoReplace	moveExpectedDirectoryNoReplace	function		false	3700	3717	secure filesystem/storage	internal/worktreesecure	global	filesystem,global	moveExpectedDirectoryNoReplaceAuthorized	1		0	0	covered	100.0	6	6	low	No-follow descriptor identity and fail-closed path containment guard mutations. Mixed god file; extract only after dependency seam exists.	function:b2940493b15e8da4b3dbba92cd56c4c2				no direct reverse call/type reference; inspect bodies
internal/worktrees/worktrees.go	moveExpectedDirectoryNoReplaceAuthorized	moveExpectedDirectoryNoReplaceAuthorized	function		false	3725	3775	secure filesystem/storage	internal/worktreesecure	none detected	filesystem	renameNoReplace(2); directoryEntryStillMatches; openDirectoryAtNoFollow; noFollowChildAbsent	5		0	0	partial	88.9	24	27	low	No-follow descriptor identity and fail-closed path containment guard mutations. Mixed god file; extract only after dependency seam exists.	function:1208d71bb30f34cb4c8a036d51c1714b				no direct reverse call/type reference; inspect bodies
internal/worktrees/worktrees.go	noFollowChildAbsent	noFollowChildAbsent	function		false	3777	3786	secure filesystem/storage	internal/worktreesecure	filesystem	filesystem		0		0	0	covered	100.0	6	6	low	No-follow descriptor identity and fail-closed path containment guard mutations. Mixed god file; extract only after dependency seam exists.	function:7a564dd3493b03bc7baa635acb99e984				no direct reverse call/type reference; inspect bodies
internal/worktrees/worktrees.go	quarantineDirectoryEntry	quarantineDirectoryEntry	function		false	3788	3791	secure filesystem/storage	internal/worktreesecure	none detected	none detected	quarantineDirectoryEntryNamed	1		0	0	covered	100.0	2	2	low	No-follow descriptor identity and fail-closed path containment guard mutations. Mixed god file; extract only after dependency seam exists.	function:02debe1e436a0068368beda2292422c8				no direct reverse call/type reference; inspect bodies
internal/worktrees/worktrees.go	quarantineDirectoryEntryNamed	quarantineDirectoryEntryNamed	function		false	3795	3797	secure filesystem/storage	internal/worktreesecure	none detected	none detected	quarantineDirectoryEntryNamedWith	1		0	0	covered	100.0	1	1	low	No-follow descriptor identity and fail-closed path containment guard mutations. Mixed god file; extract only after dependency seam exists.	function:7b7a6db5f9b4515e2ae1c8159355fb48				no direct reverse call/type reference; inspect bodies
internal/worktrees/worktrees.go	quarantineMoveDirectory	quarantineMoveDirectory	function		false	3799	3801	secure filesystem/storage	internal/worktreesecure	none detected	global	moveExpectedDirectoryNoReplace	1		0	0	covered	100.0	1	1	low	No-follow descriptor identity and fail-closed path containment guard mutations. Mixed god file; extract only after dependency seam exists.	function:8bb547ad7f1d7343ed2d72fd7bbea37b				no direct reverse call/type reference; inspect bodies
internal/worktrees/worktrees.go	quarantineDirectoryEntryNamedWith	quarantineDirectoryEntryNamedWith	function		false	3803	3822	secure filesystem/storage	internal/worktreesecure	none detected	none detected		0		0	0	covered	100.0	11	11	low	No-follow descriptor identity and fail-closed path containment guard mutations. Mixed god file; extract only after dependency seam exists.	function:d439091db79f7fd736d2c99874afe784				no direct reverse call/type reference; inspect bodies
internal/worktrees/worktrees.go	secureDirectoryIdentity	secureDirectoryIdentity	struct		false	3824	3827	secure filesystem/storage	internal/worktreesecure	none detected	none detected		0		0	0	n/a		0	0	low	No-follow descriptor identity and fail-closed path containment guard mutations. Mixed god file; extract only after dependency seam exists.	struct:66f3c6332c450e422468b51085d1fb8c				no direct reverse call/type reference; inspect bodies
internal/worktrees/worktrees.go	secureDirectoryIdentityAt	secureDirectoryIdentityAt	function		false	3829	3838	secure filesystem/storage	internal/worktreesecure	filesystem,global	filesystem,global		0		0	0	partial	83.3	5	6	medium	No-follow descriptor identity and fail-closed path containment guard mutations. Mixed god file; extract only after dependency seam exists.	function:1cbff8bd00c7bc4f037ae52eece83045				no direct reverse call/type reference; inspect bodies
internal/worktrees/worktrees.go	quarantineStageDirectoryByIdentityAt	quarantineStageDirectoryByIdentityAt	function		false	3845	3864	secure filesystem/storage	internal/worktreesecure	filesystem,global	filesystem,global	quarantineStageDirectoryAt	1		0	0	partial	84.6	11	13	medium	No-follow descriptor identity and fail-closed path containment guard mutations. Mixed god file; extract only after dependency seam exists.	function:9b20d86db7e2515ffb7dffcb3191a5a6				no direct reverse call/type reference; inspect bodies
internal/worktrees/worktrees.go	quarantineMatchingStageDirectoryAt	quarantineMatchingStageDirectoryAt	function		false	3866	3900	secure filesystem/storage	internal/worktreesecure	filesystem,global	filesystem,global	quarantineStageDirectoryAt	1		0	0	partial	80.0	20	25	medium	No-follow descriptor identity and fail-closed path containment guard mutations. Mixed god file; extract only after dependency seam exists.	function:51afa540f981ca24965ba69dbd2b82ee				no direct reverse call/type reference; inspect bodies
internal/worktrees/worktrees.go	quarantineStageDirectoryAt	quarantineStageDirectoryAt	function		false	3902	3918	secure filesystem/storage	internal/worktreesecure	none detected	filesystem,global	openDirectoryAtNoFollow; secureDirectoryIdentityAt; quarantineDirectoryEntry; retiredStagePrefixForActiveStage	4		0	0	partial	75.0	9	12	low	No-follow descriptor identity and fail-closed path containment guard mutations. Mixed god file; extract only after dependency seam exists.	function:f32b9e97f11740833efa35ffc0eb0bfe				no direct reverse call/type reference; inspect bodies
internal/worktrees/worktrees.go	retiredStagePrefixForActiveStage	retiredStagePrefixForActiveStage	function		false	3920	3932	secure filesystem/storage	internal/worktreesecure	none detected	none detected	isLowerHex(2)	2		0	0	covered	100.0	9	9	low	No-follow descriptor identity and fail-closed path containment guard mutations. Mixed god file; extract only after dependency seam exists.	function:c33dde3a3af2a9edd122160e5bf610bb				no direct reverse call/type reference; inspect bodies
internal/worktrees/worktrees.go	isLowerHex	isLowerHex	function		false	3934	3945	secure filesystem/storage	internal/worktreesecure	none detected	none detected		0		0	0	partial	85.7	6	7	low	No-follow descriptor identity and fail-closed path containment guard mutations. Mixed god file; extract only after dependency seam exists.	function:73a9f5c118b911af3e4d04914fea3e5d				no direct reverse call/type reference; inspect bodies
internal/worktrees/worktrees.go	rollbackContext	rollbackContext	function		false	3949	3951	shared orchestration	internal/worktrees	none detected	none detected		0		0	0	covered	100.0	1	1	low	Keep transaction ordering, policy gates, and public API compatibility here. Mixed god file; extract only after dependency seam exists.	function:bd5a00a088c7e7eb24682913b0c38e88				no direct reverse call/type reference; inspect bodies
internal/worktrees/worktrees.go	rollbackCreatedWorktree	rollbackCreatedWorktree	function		false	3958	4008	retirement/recovery/GC	internal/worktreeretire	git,global	filesystem,git,global	quarantineSecureStageCheckout; acquireRepositoryRegistrationLock; gitCanonical; registeredWorktreePathsCanonical; deleteCreatedBranchCanonical; repositoryRegistrationLock::release	6		0	0	partial	60.0	15	25	medium	Recoverable snapshots and durable receipts precede destructive local/remote cleanup. Cross-domain calls: claims/locks/worklogs, git subprocess/cache. Mixed god file; extract only after dependency seam exists.	function:94868c127ca2f29b8be18f0d4c9cec82		internal/worktrees(1)	internal/worktrees(1)	needs facade or injected port
internal/worktrees/worktrees.go	recoverFailedCreatePublications	recoverFailedCreatePublications	function		false	4010	4112	retirement/recovery/GC	internal/worktreeretire	global	filesystem,git,global	persistLifecycleBacklog(3); newLifecycleBacklogRecord; boundedRecoveryFailure; lifecycleBacklogPath; rollbackPublishedCreate; sealCreateFailureBacklogClaim	8		0	0	partial	85.9	61	71	medium	Recoverable snapshots and durable receipts precede destructive local/remote cleanup. Mixed god file; extract only after dependency seam exists.	function:4631b9a2f7ded341a63b8d67ee762bfc		internal/worktrees(3)	internal/worktrees(3)	needs facade or injected port
internal/worktrees/worktrees.go	boundedRecoveryFailure	boundedRecoveryFailure	function		false	4114	4123	retirement/recovery/GC	internal/worktreeretire	none detected	none detected		0		0	0	covered	100.0	6	6	low	Recoverable snapshots and durable receipts precede destructive local/remote cleanup. Mixed god file; extract only after dependency seam exists.	function:6406cd8397e9e5635f57942e6d28988c				no direct reverse call/type reference; inspect bodies
internal/worktrees/worktrees.go	rollbackPublishedCreate	rollbackPublishedCreate	function		false	4125	4167	retirement/recovery/GC	internal/worktreeretire	filesystem	filesystem,git,global	directoryStillMatches(2); makeSecureStageDirectory; secureDirectoryIdentityAt; quarantineStageDirectoryByIdentityAt; moveExpectedDirectoryNoReplace; rollbackContext; rollbackCreatedWorktree	8		0	0	partial	68.8	22	32	high	Recoverable snapshots and durable receipts precede destructive local/remote cleanup. Cross-domain calls: secure filesystem/storage, shared orchestration. Mixed god file; extract only after dependency seam exists.	function:aa1f6cd51abeaaa2a7e70f9131f4a70d	internal/worktrees(2)	internal/worktrees(3)	internal/worktrees(3)	needs facade or injected port
internal/worktrees/worktrees.go	quarantineSecureStageCheckout	quarantineSecureStageCheckout	function		false	4169	4171	retirement/recovery/GC	internal/worktreeretire	none detected	none detected	quarantineSecureStageCheckoutWith	1		0	0	covered	100.0	1	1	low	Recoverable snapshots and durable receipts precede destructive local/remote cleanup. Mixed god file; extract only after dependency seam exists.	function:db4e3c217f1ffcd374c3e0edd93249ae				no direct reverse call/type reference; inspect bodies
internal/worktrees/worktrees.go	quarantineSecureStageCheckoutWith	quarantineSecureStageCheckoutWith	function		false	4173	4186	retirement/recovery/GC	internal/worktreeretire	none detected	none detected	quarantineDirectoryEntryNamedWith	1		0	0	covered	100.0	7	7	medium	Recoverable snapshots and durable receipts precede destructive local/remote cleanup. Cross-domain calls: secure filesystem/storage. Mixed god file; extract only after dependency seam exists.	function:eb478e792e1e1c99bf8fd83ef59f9a82				no direct reverse call/type reference; inspect bodies
internal/worktrees/worktrees.go	worktreePathsFromPorcelain	worktreePathsFromPorcelain	function		false	4190	4198	layout/discovery	internal/worktreelayout	global	global		0		0	0	covered	100.0	5	5	low	Canonical paths, no-follow walk, placement policy, and owner coordinates must agree. Mixed god file; extract only after dependency seam exists.	function:e75a47533c7789326871019a1da2eb1d				no direct reverse call/type reference; inspect bodies
internal/worktrees/worktrees.go	registeredWorktreePathsCanonical	registeredWorktreePathsCanonical	function		false	4200	4210	retirement/recovery/GC	internal/worktreeretire	git	git,global	gitCanonical; worktreePathsFromPorcelain	2		0	0	covered	100.0	7	7	medium	Recoverable snapshots and durable receipts precede destructive local/remote cleanup. Cross-domain calls: git subprocess/cache, layout/discovery. Mixed god file; extract only after dependency seam exists.	function:a529e64ca25b0b23784c652337373483		internal/worktrees(1)	internal/worktrees(1)	needs facade or injected port
internal/worktrees/worktrees.go	registeredWorktreeBranchCanonical	registeredWorktreeBranchCanonical	function		false	4212	4229	retirement/recovery/GC	internal/worktreeretire	git	git	gitCanonical	1		0	0	partial	83.3	10	12	medium	Recoverable snapshots and durable receipts precede destructive local/remote cleanup. Cross-domain calls: git subprocess/cache. Mixed god file; extract only after dependency seam exists.	function:b4510856fbdab24a9e37b9d9c95c8a43		internal/worktrees(1)	internal/worktrees(1)	needs facade or injected port
internal/worktrees/worktrees.go	registeredBranchNameCanonical	registeredBranchNameCanonical	function		false	4231	4241	retirement/recovery/GC	internal/worktreeretire	none detected	filesystem,git,process	registeredWorktreeBranchCanonical; validBranch	2		0	0	partial	71.4	5	7	medium	Recoverable snapshots and durable receipts precede destructive local/remote cleanup. Cross-domain calls: layout/discovery. Mixed god file; extract only after dependency seam exists.	function:cab0313644127c6f14e7594a18716f28		internal/worktrees(1)	internal/worktrees(1)	needs facade or injected port
internal/worktrees/worktrees.go	deleteCreatedBranchCanonical	deleteCreatedBranchCanonical	function		false	4243	4259	retirement/recovery/GC	internal/worktreeretire	git	git	gitCanonical(2); localBranchExistsCanonical	3		0	0	partial	72.7	8	11	medium	Recoverable snapshots and durable receipts precede destructive local/remote cleanup. Cross-domain calls: git subprocess/cache, layout/discovery. Mixed god file; extract only after dependency seam exists.	function:803bbaece69eb53587211685dfd62ce1		internal/worktrees(1)	internal/worktrees(1)	needs facade or injected port
internal/worktrees/worktrees.go	operationLock	operationLock	struct		false	4261	4267	claims/locks/worklogs	internal/worktreeclaims	none detected	none detected		0		0	0	n/a		0	0	low	Claim identity, immutable journal/terminal records, lock ownership, and projections must remain atomic. Mixed god file; extract only after dependency seam exists.	struct:4173f2ad1d5e8a4ff2aded72cc8ff035				no direct reverse call/type reference; inspect bodies
internal/worktrees/worktrees.go	managedLockIdentity	managedLockIdentity	struct		false	4269	4272	claims/locks/worklogs	internal/worktreeclaims	none detected	none detected		0		0	0	n/a		0	0	low	Claim identity, immutable journal/terminal records, lock ownership, and projections must remain atomic. Mixed god file; extract only after dependency seam exists.	struct:4930d5a284dd9201d7f6692775a6e51a				no direct reverse call/type reference; inspect bodies
internal/worktrees/worktrees.go	acquireLockAt	acquireLockAt	function		false	4277	4279	claims/locks/worklogs	internal/worktreeclaims	none detected	filesystem,global	acquireLockAtReclaimingInterrupted	1		0	0	covered	100.0	1	1	low	Claim identity, immutable journal/terminal records, lock ownership, and projections must remain atomic. Mixed god file; extract only after dependency seam exists.	function:ebadfc83ad1039cd32588f7202b8395c				no direct reverse call/type reference; inspect bodies
internal/worktrees/worktrees.go	HeldOperationLock	HeldOperationLock	struct		true	4284	4286	claims/locks/worklogs	internal/worktreeclaims	none detected	none detected		0		0	0	n/a		0	0	low	Claim identity, immutable journal/terminal records, lock ownership, and projections must remain atomic. Mixed god file; extract only after dependency seam exists.	struct:efd9ce3d4018408a2858210482845f62				no direct reverse call/type reference; inspect bodies
internal/worktrees/worktrees.go	AcquireOperationLock	AcquireOperationLock	function		true	4292	4298	claims/locks/worklogs	internal/worktreeclaims	none detected	filesystem,global	acquireLockAtReclaimingInterrupted	1	internal/migrate/campaign.go [calls]; internal/orchestrate/engine.go [calls]	2	2	partial	75.0	3	4	medium	Claim identity, immutable journal/terminal records, lock ownership, and projections must remain atomic. Mixed god file; extract only after dependency seam exists.	function:d050630156b44eb34c1b985269bca1cc				no direct reverse call/type reference; inspect bodies
internal/worktrees/worktrees.go	File	HeldOperationLock::File	method	HeldOperationLock	true	4301	4306	claims/locks/worklogs	internal/worktreeclaims	none detected	none detected		0	internal/sessionmove/store.go [references]; internal/sessionpark/store.go [references]; internal/filewrite/filewrite.go [references]; internal/sessionmove/lock.go [references]; internal/sessionmove/route.go [references]	159	33	covered	100.0	3	3	medium	Claim identity, immutable journal/terminal records, lock ownership, and projections must remain atomic. Mixed god file; extract only after dependency seam exists.	method:1fd943059257f374e376cfd8ad424fdf				no direct reverse call/type reference; inspect bodies
internal/worktrees/worktrees.go	ReclaimedInterrupted	HeldOperationLock::ReclaimedInterrupted	method	HeldOperationLock	true	4310	4312	claims/locks/worklogs	internal/worktreeclaims	none detected	none detected		0	internal/migrate/campaign.go [calls]; internal/orchestrate/engine.go [calls]	2	2	covered	100.0	1	1	medium	Claim identity, immutable journal/terminal records, lock ownership, and projections must remain atomic. Mixed god file; extract only after dependency seam exists.	method:f5e151076b4a982230105a9f2242fc6e				no direct reverse call/type reference; inspect bodies
internal/worktrees/worktrees.go	Release	HeldOperationLock::Release	method	HeldOperationLock	true	4319	4326	claims/locks/worklogs	internal/worktreeclaims	none detected	filesystem,global	operationLock::release	1	internal/worktreeend/worktreeend.go [calls]	17	1	covered	100.0	5	5	medium	Claim identity, immutable journal/terminal records, lock ownership, and projections must remain atomic. Mixed god file; extract only after dependency seam exists.	method:88560589ca79b21c027c3458ec474032				no direct reverse call/type reference; inspect bodies
internal/worktrees/worktrees.go	Preserve	HeldOperationLock::Preserve	method	HeldOperationLock	true	4330	4336	claims/locks/worklogs	internal/worktreeclaims	none detected	none detected	PlacementWorktree::Close	1	internal/orchestrate/engine.go [calls]; internal/migrate/campaign.go [calls]	3	2	covered	100.0	4	4	medium	Claim identity, immutable journal/terminal records, lock ownership, and projections must remain atomic. Cross-domain calls: shared orchestration. Mixed god file; extract only after dependency seam exists.	method:cc6d59b6436323edd7f818e38d60b5de	internal/worktrees(1)			needs facade or injected port
internal/worktrees/worktrees.go	acquireLockAtReclaimingInterrupted	acquireLockAtReclaimingInterrupted	function		false	4351	4414	claims/locks/worklogs	internal/worktreeclaims	filesystem,global	filesystem,global	claimRetiredLock; reclaimInterruptedLock; holdOperationLock; writeOperationLockMetadata	4		0	0	partial	62.9	22	35	medium	Claim identity, immutable journal/terminal records, lock ownership, and projections must remain atomic. Mixed god file; extract only after dependency seam exists.	function:f201997b8c41a15cd11cdf65a4cfdec8				no direct reverse call/type reference; inspect bodies
internal/worktrees/worktrees.go	writeOperationLockMetadata	writeOperationLockMetadata	function		false	4416	4434	claims/locks/worklogs	internal/worktreeclaims	none detected	none detected		0		0	0	partial	75.0	9	12	low	Claim identity, immutable journal/terminal records, lock ownership, and projections must remain atomic. Mixed god file; extract only after dependency seam exists.	function:774afe53a7b61f8cb3247387b25c60c2				no direct reverse call/type reference; inspect bodies
internal/worktrees/worktrees.go	holdOperationLock	holdOperationLock	function		false	4447	4455	claims/locks/worklogs	internal/worktreeclaims	none detected	none detected		0		0	0	covered	100.0	5	5	low	Claim identity, immutable journal/terminal records, lock ownership, and projections must remain atomic. Mixed god file; extract only after dependency seam exists.	function:18d80dc943f4b7b04705004dc51d7cc2				no direct reverse call/type reference; inspect bodies
internal/worktrees/worktrees.go	reclaimInterruptedLock	reclaimInterruptedLock	function		false	4461	4513	claims/locks/worklogs	internal/worktreeclaims	filesystem	filesystem,global	exclusivelyOwnedLockIdentity; holdOperationLock; lockEntryStillMatches	3		0	0	partial	78.6	22	28	low	Claim identity, immutable journal/terminal records, lock ownership, and projections must remain atomic. Mixed god file; extract only after dependency seam exists.	function:7fbc7d63d0b51d637271695cc9a0cb74				no direct reverse call/type reference; inspect bodies
internal/worktrees/worktrees.go	claimRetiredLock	claimRetiredLock	function		false	4515	4558	claims/locks/worklogs	internal/worktreeclaims	filesystem	filesystem,global	exclusivelyOwnedLockIdentity; moveExpectedLockNoReplace	2		0	0	partial	74.2	23	31	low	Claim identity, immutable journal/terminal records, lock ownership, and projections must remain atomic. Mixed god file; extract only after dependency seam exists.	function:7a9826102a6ceffbc64a9ac9a5560021				no direct reverse call/type reference; inspect bodies
internal/worktrees/worktrees.go	release	operationLock::release	method	operationLock	false	4560	4575	claims/locks/worklogs	internal/worktreeclaims	none detected	filesystem,global	PlacementWorktree::Close; lockEntryStillMatches; quarantineLockEntry	3		0	0	covered	100.0	11	11	medium	Claim identity, immutable journal/terminal records, lock ownership, and projections must remain atomic. Cross-domain calls: shared orchestration. Mixed god file; extract only after dependency seam exists.	method:dd9ab4ff5e75e676f91f8aaa33d99a34	internal/worktrees(1)			needs facade or injected port
internal/worktrees/worktrees.go	lockEntryStillMatches	lockEntryStillMatches	function		false	4577	4583	claims/locks/worklogs	internal/worktreeclaims	filesystem,global	filesystem,global		0		0	0	covered	100.0	4	4	medium	Claim identity, immutable journal/terminal records, lock ownership, and projections must remain atomic. Mixed god file; extract only after dependency seam exists.	function:060aa7ba4de75805159feca1cf2f6e29				no direct reverse call/type reference; inspect bodies
internal/worktrees/worktrees.go	lockIdentity	lockIdentity	function		false	4585	4597	claims/locks/worklogs	internal/worktreeclaims	filesystem,global	filesystem,global		0		0	0	covered	100.0	8	8	medium	Claim identity, immutable journal/terminal records, lock ownership, and projections must remain atomic. Mixed god file; extract only after dependency seam exists.	function:5931dc4680e4e7759f0ae3595e7a4d55				no direct reverse call/type reference; inspect bodies
internal/worktrees/worktrees.go	exclusivelyOwnedLockIdentity	exclusivelyOwnedLockIdentity	function		false	4604	4619	claims/locks/worklogs	internal/worktreeclaims	filesystem,global	filesystem,global		0		0	0	covered	100.0	10	10	medium	Claim identity, immutable journal/terminal records, lock ownership, and projections must remain atomic. Mixed god file; extract only after dependency seam exists.	function:2554b005e5404b286b33b59dd628b3a0				no direct reverse call/type reference; inspect bodies
internal/worktrees/worktrees.go	moveExpectedLockHooks	moveExpectedLockHooks	struct		false	4621	4625	claims/locks/worklogs	internal/worktreeclaims	none detected	none detected		0		0	0	n/a		0	0	low	Claim identity, immutable journal/terminal records, lock ownership, and projections must remain atomic. Mixed god file; extract only after dependency seam exists.	struct:030f5a586d15ed62040595582ae6841a				no direct reverse call/type reference; inspect bodies
internal/worktrees/worktrees.go	moveExpectedLockNoReplace	moveExpectedLockNoReplace	function		false	4627	4669	claims/locks/worklogs	internal/worktreeclaims	filesystem,global	filesystem,global	renameNoReplace(2); lockEntryStillMatches; lockIdentity; noFollowChildAbsent	5		0	0	covered	100.0	30	30	medium	Claim identity, immutable journal/terminal records, lock ownership, and projections must remain atomic. Cross-domain calls: secure filesystem/storage. Mixed god file; extract only after dependency seam exists.	function:a85e83b43927e670c074699ad7cadc95				no direct reverse call/type reference; inspect bodies
internal/worktrees/worktrees.go	quarantineLockEntry	quarantineLockEntry	function		false	4674	4690	claims/locks/worklogs	internal/worktreeclaims	none detected	filesystem,global	randomHexToken; moveExpectedLockNoReplace	2		0	0	partial	72.7	8	11	medium	Claim identity, immutable journal/terminal records, lock ownership, and projections must remain atomic. Cross-domain calls: secure filesystem/storage. Mixed god file; extract only after dependency seam exists.	function:9e5ea6f9ef3c31802010900b7c055d05				no direct reverse call/type reference; inspect bodies
internal/worktrees/worktrees.go	canonicalDirMatchesRepository	canonicalDirMatchesRepository	function		false	4697	4725	claims/locks/worklogs	internal/worktreeclaims	none detected	none detected	splitRepositoryAddress	1		0	0	partial	86.7	13	15	medium	Claim identity, immutable journal/terminal records, lock ownership, and projections must remain atomic. Cross-domain calls: layout/discovery. Mixed god file; extract only after dependency seam exists.	function:37309893819cbf0702a29c9327ab8e5f				no direct reverse call/type reference; inspect bodies
